country,country_code,year,region,income_group,comparison,comparison_label,first_group,second_group,first_group_rate_pct,second_group_rate_pct,gap_pp,complete_pair,gap_direction
Afghanistan,AFG,2021,South Asia (excluding high income),Low income,age,Age 25+ − ages 15–24,age 25+,ages 15-24,,,,False,not comparable
Albania,ALB,2021,Europe & Central Asia (excluding high income),Upper middle income,age,Age 25+ − ages 15–24,age 25+,ages 15-24,9.203526645623947,23.416396469838094,-14.212869824214147,True,second group higher
Algeria,DZA,2021,Middle East & North Africa (excluding high income),Lower middle income,age,Age 25+ − ages 15–24,age 25+,ages 15-24,,,,False,not comparable
Argentina,ARG,2021,Latin America & Caribbean (excluding high income),Upper middle income,age,Age 25+ − ages 15–24,age 25+,ages 15-24,42.1786099794144,54.7396527318907,-12.561042752476304,True,second group higher
Armenia,ARM,2021,Europe & Central Asia (excluding high income),Upper middle income,age,Age 25+ − ages 15–24,age 25+,ages 15-24,14.2836407259157,21.9881545045384,-7.704513778622701,True,second group higher
Australia,AUS,2021,High income,High income,age,Age 25+ − ages 15–24,age 25+,ages 15-24,,,,False,not comparable
Austria,AUT,2021,High income,High income,age,Age 25+ − ages 15–24,age 25+,ages 15-24,,,,False,not comparable
Bangladesh,BGD,2021,South Asia (excluding high income),Lower middle income,age,Age 25+ − ages 15–24,age 25+,ages 15-24,,,,False,not comparable
Belgium,BEL,2021,High income,High income,age,Age 25+ − ages 15–24,age 25+,ages 15-24,,,,False,not comparable
Benin,BEN,2021,Sub-Saharan Africa (excluding high income),Lower middle income,age,Age 25+ − ages 15–24,age 25+,ages 15-24,,,,False,not comparable
Bolivia,BOL,2021,Latin America & Caribbean (excluding high income),Lower middle income,age,Age 25+ − ages 15–24,age 25+,ages 15-24,13.7528323859471,18.4836605593431,-4.7308281733960005,True,second group higher
Bosnia and Herzegovina,BIH,2021,Europe & Central Asia (excluding high income),Upper middle income,age,Age 25+ − ages 15–24,age 25+,ages 15-24,40.2515908714748,24.771987394283094,15.479603477191702,True,first group higher
Brazil,BRA,2021,Latin America & Caribbean (excluding high income),Upper middle income,age,Age 25+ − ages 15–24,age 25+,ages 15-24,51.0779493788416,57.3575416648783,-6.279592286036696,True,second group higher
Bulgaria,BGR,2021,Europe & Central Asia (excluding high income),Upper middle income,age,Age 25+ − ages 15–24,age 25+,ages 15-24,46.575569345850795,72.2421686151947,-25.666599269343905,True,second group higher
Burkina Faso,BFA,2021,Sub-Saharan Africa (excluding high income),Low income,age,Age 25+ − ages 15–24,age 25+,ages 15-24,,,,False,not comparable
Cambodia,KHM,2021,East Asia & Pacific (excluding high income),Lower middle income,age,Age 25+ − ages 15–24,age 25+,ages 15-24,,,,False,not comparable
Cameroon,CMR,2021,Sub-Saharan Africa (excluding high income),Lower middle income,age,Age 25+ − ages 15–24,age 25+,ages 15-24,,,,False,not comparable
Canada,CAN,2021,High income,High income,age,Age 25+ − ages 15–24,age 25+,ages 15-24,,,,False,not comparable
Chile,CHL,2021,High income,High income,age,Age 25+ − ages 15–24,age 25+,ages 15-24,,,,False,not comparable
China,CHN,2021,East Asia & Pacific (excluding high income),Upper middle income,age,Age 25+ − ages 15–24,age 25+,ages 15-24,80.5682595364336,86.9594738254628,-6.391214289029193,True,second group higher
Colombia,COL,2021,Latin America & Caribbean (excluding high income),Upper middle income,age,Age 25+ − ages 15–24,age 25+,ages 15-24,20.6255914923994,19.65750935271,0.9680821396894004,True,first group higher
"Congo, Rep.",COG,2021,Sub-Saharan Africa (excluding high income),Lower middle income,age,Age 25+ − ages 15–24,age 25+,ages 15-24,,,,False,not comparable
Costa Rica,CRI,2021,Latin America & Caribbean (excluding high income),Upper middle income,age,Age 25+ − ages 15–24,age 25+,ages 15-24,35.0171134425289,50.391056877658905,-15.373943435130002,True,second group higher
Cote d'Ivoire,CIV,2021,Sub-Saharan Africa (excluding high income),Lower middle income,age,Age 25+ − ages 15–24,age 25+,ages 15-24,,,,False,not comparable
Croatia,HRV,2021,High income,High income,age,Age 25+ − ages 15–24,age 25+,ages 15-24,,,,False,not comparable
Cyprus,CYP,2021,High income,High income,age,Age 25+ − ages 15–24,age 25+,ages 15-24,,,,False,not comparable
Czechia,CZE,2021,High income,High income,age,Age 25+ − ages 15–24,age 25+,ages 15-24,,,,False,not comparable
Denmark,DNK,2021,High income,High income,age,Age 25+ − ages 15–24,age 25+,ages 15-24,,,,False,not comparable
Dominican Republic,DOM,2021,Latin America & Caribbean (excluding high income),Upper middle income,age,Age 25+ − ages 15–24,age 25+,ages 15-24,14.503394180274002,9.1122511057972,5.391143074476801,True,first group higher
Ecuador,ECU,2021,Latin America & Caribbean (excluding high income),Upper middle income,age,Age 25+ − ages 15–24,age 25+,ages 15-24,16.2222788448346,14.964794447635498,1.2574843971991037,True,first group higher
"Egypt, Arab Rep.",EGY,2021,Middle East & North Africa (excluding high income),Lower middle income,age,Age 25+ − ages 15–24,age 25+,ages 15-24,,,,False,not comparable
El Salvador,SLV,2021,Latin America & Caribbean (excluding high income),Lower middle income,age,Age 25+ − ages 15–24,age 25+,ages 15-24,,,,False,not comparable
Estonia,EST,2021,High income,High income,age,Age 25+ − ages 15–24,age 25+,ages 15-24,,,,False,not comparable
Finland,FIN,2021,High income,High income,age,Age 25+ − ages 15–24,age 25+,ages 15-24,,,,False,not comparable
France,FRA,2021,High income,High income,age,Age 25+ − ages 15–24,age 25+,ages 15-24,,,,False,not comparable
Gabon,GAB,2021,Sub-Saharan Africa (excluding high income),Upper middle income,age,Age 25+ − ages 15–24,age 25+,ages 15-24,18.0794294007564,16.8476636319851,1.2317657687713002,True,first group higher
Georgia,GEO,2021,Europe & Central Asia (excluding high income),Upper middle income,age,Age 25+ − ages 15–24,age 25+,ages 15-24,29.8522188994448,37.4580979431794,-7.605879043734603,True,second group higher
Germany,DEU,2021,High income,High income,age,Age 25+ − ages 15–24,age 25+,ages 15-24,,,,False,not comparable
Ghana,GHA,2021,Sub-Saharan Africa (excluding high income),Lower middle income,age,Age 25+ − ages 15–24,age 25+,ages 15-24,11.9855549190557,21.603454950336403,-9.617900031280703,True,second group higher
Greece,GRC,2021,High income,High income,age,Age 25+ − ages 15–24,age 25+,ages 15-24,,,,False,not comparable
Guinea,GIN,2021,Sub-Saharan Africa (excluding high income),Low income,age,Age 25+ − ages 15–24,age 25+,ages 15-24,,,,False,not comparable
Honduras,HND,2021,Latin America & Caribbean (excluding high income),Lower middle income,age,Age 25+ − ages 15–24,age 25+,ages 15-24,,,,False,not comparable
"Hong Kong SAR, China",HKG,2021,High income,High income,age,Age 25+ − ages 15–24,age 25+,ages 15-24,,,,False,not comparable
Hungary,HUN,2021,High income,High income,age,Age 25+ − ages 15–24,age 25+,ages 15-24,,,,False,not comparable
Iceland,ISL,2021,High income,High income,age,Age 25+ − ages 15–24,age 25+,ages 15-24,,,,False,not comparable
India,IND,2021,South Asia (excluding high income),Lower middle income,age,Age 25+ − ages 15–24,age 25+,ages 15-24,10.990176479179,14.3329041606621,-3.3427276814830993,True,second group higher
Indonesia,IDN,2021,East Asia & Pacific (excluding high income),Lower middle income,age,Age 25+ − ages 15–24,age 25+,ages 15-24,9.799495143335731,24.2935798055102,-14.494084662174467,True,second group higher
"Iran, Islamic Rep.",IRN,2021,Middle East & North Africa (excluding high income),Lower middle income,age,Age 25+ − ages 15–24,age 25+,ages 15-24,12.0900891628945,21.2644285862884,-9.1743394233939,True,second group higher
Iraq,IRQ,2021,Middle East & North Africa (excluding high income),Upper middle income,age,Age 25+ − ages 15–24,age 25+,ages 15-24,,,,False,not comparable
Ireland,IRL,2021,High income,High income,age,Age 25+ − ages 15–24,age 25+,ages 15-24,,,,False,not comparable
Israel,ISR,2021,High income,High income,age,Age 25+ − ages 15–24,age 25+,ages 15-24,,,,False,not comparable
Italy,ITA,2021,High income,High income,age,Age 25+ − ages 15–24,age 25+,ages 15-24,,,,False,not comparable
Jamaica,JAM,2021,Latin America & Caribbean (excluding high income),Upper middle income,age,Age 25+ − ages 15–24,age 25+,ages 15-24,20.780033896736494,39.7224910233444,-18.94245712660791,True,second group higher
Japan,JPN,2021,High income,High income,age,Age 25+ − ages 15–24,age 25+,ages 15-24,,,,False,not comparable
Jordan,JOR,2021,Middle East & North Africa (excluding high income),Upper middle income,age,Age 25+ − ages 15–24,age 25+,ages 15-24,12.2765626051975,10.8827620991246,1.3938005060728997,True,first group higher
Kazakhstan,KAZ,2021,Europe & Central Asia (excluding high income),Upper middle income,age,Age 25+ − ages 15–24,age 25+,ages 15-24,56.4311582452883,61.2100788144638,-4.778920569175497,True,second group higher
Kenya,KEN,2021,Sub-Saharan Africa (excluding high income),Lower middle income,age,Age 25+ − ages 15–24,age 25+,ages 15-24,36.0780113782537,38.2370446764159,-2.1590332981622,True,second group higher
"Korea, Rep.",KOR,2021,High income,High income,age,Age 25+ − ages 15–24,age 25+,ages 15-24,,,,False,not comparable
Kosovo,XKX,2021,Europe & Central Asia (excluding high income),Upper middle income,age,Age 25+ − ages 15–24,age 25+,ages 15-24,22.6535063265345,20.4725742668294,2.1809320597051,True,first group higher
Kyrgyz Republic,KGZ,2021,Europe & Central Asia (excluding high income),Lower middle income,age,Age 25+ − ages 15–24,age 25+,ages 15-24,10.5097132053692,13.2645241248216,-2.7548109194523995,True,second group higher
Lao PDR,LAO,2021,East Asia & Pacific (excluding high income),Lower middle income,age,Age 25+ − ages 15–24,age 25+,ages 15-24,,,,False,not comparable
Latvia,LVA,2021,High income,High income,age,Age 25+ − ages 15–24,age 25+,ages 15-24,,,,False,not comparable
Lebanon,LBN,2021,Middle East & North Africa (excluding high income),Lower middle income,age,Age 25+ − ages 15–24,age 25+,ages 15-24,,,,False,not comparable
Liberia,LBR,2021,Sub-Saharan Africa (excluding high income),Low income,age,Age 25+ − ages 15–24,age 25+,ages 15-24,,,,False,not comparable
Lithuania,LTU,2021,High income,High income,age,Age 25+ − ages 15–24,age 25+,ages 15-24,,,,False,not comparable
Malawi,MWI,2021,Sub-Saharan Africa (excluding high income),Low income,age,Age 25+ − ages 15–24,age 25+,ages 15-24,,,,False,not comparable
Malaysia,MYS,2021,East Asia & Pacific (excluding high income),Upper middle income,age,Age 25+ − ages 15–24,age 25+,ages 15-24,53.03613138879349,41.0223987746277,12.01373261416579,True,first group higher
Mali,MLI,2021,Sub-Saharan Africa (excluding high income),Low income,age,Age 25+ − ages 15–24,age 25+,ages 15-24,12.1543239975709,9.00332779666157,3.150996200909331,True,first group higher
Malta,MLT,2021,High income,High income,age,Age 25+ − ages 15–24,age 25+,ages 15-24,,,,False,not comparable
Mauritius,MUS,2021,Sub-Saharan Africa (excluding high income),Upper middle income,age,Age 25+ − ages 15–24,age 25+,ages 15-24,48.3048679469483,51.9339977532323,-3.6291298062839985,True,second group higher
Moldova,MDA,2021,Europe & Central Asia (excluding high income),Upper middle income,age,Age 25+ − ages 15–24,age 25+,ages 15-24,36.271266586525606,44.9824203641736,-8.711153777647993,True,second group higher
Mongolia,MNG,2021,East Asia & Pacific (excluding high income),Lower middle income,age,Age 25+ − ages 15–24,age 25+,ages 15-24,88.1280204518041,78.02909643198561,10.098924019818497,True,first group higher
Morocco,MAR,2021,Middle East & North Africa (excluding high income),Lower middle income,age,Age 25+ − ages 15–24,age 25+,ages 15-24,,,,False,not comparable
Mozambique,MOZ,2021,Sub-Saharan Africa (excluding high income),Low income,age,Age 25+ − ages 15–24,age 25+,ages 15-24,12.40224980611,14.1504030613632,-1.7481532552532002,True,second group higher
Myanmar,MMR,2021,East Asia & Pacific (excluding high income),Lower middle income,age,Age 25+ − ages 15–24,age 25+,ages 15-24,12.6853226000452,24.542841463924105,-11.857518863878905,True,second group higher
Namibia,NAM,2021,Sub-Saharan Africa (excluding high income),Upper middle income,age,Age 25+ − ages 15–24,age 25+,ages 15-24,36.9997287960488,21.2151216732561,15.7846071227927,True,first group higher
Nepal,NPL,2021,South Asia (excluding high income),Lower middle income,age,Age 25+ − ages 15–24,age 25+,ages 15-24,,,,False,not comparable
Netherlands,NLD,2021,High income,High income,age,Age 25+ − ages 15–24,age 25+,ages 15-24,,,,False,not comparable
New Zealand,NZL,2021,High income,High income,age,Age 25+ − ages 15–24,age 25+,ages 15-24,,,,False,not comparable
Nicaragua,NIC,2021,Latin America & Caribbean (excluding high income),Lower middle income,age,Age 25+ − ages 15–24,age 25+,ages 15-24,,,,False,not comparable
Nigeria,NGA,2021,Sub-Saharan Africa (excluding high income),Lower middle income,age,Age 25+ − ages 15–24,age 25+,ages 15-24,,,,False,not comparable
North Macedonia,MKD,2021,Europe & Central Asia (excluding high income),Upper middle income,age,Age 25+ − ages 15–24,age 25+,ages 15-24,45.469778370605205,40.9595831558866,4.510195214718607,True,first group higher
Norway,NOR,2021,High income,High income,age,Age 25+ − ages 15–24,age 25+,ages 15-24,,,,False,not comparable
Pakistan,PAK,2021,South Asia (excluding high income),Lower middle income,age,Age 25+ − ages 15–24,age 25+,ages 15-24,,,,False,not comparable
Panama,PAN,2021,High income,High income,age,Age 25+ − ages 15–24,age 25+,ages 15-24,,,,False,not comparable
Paraguay,PRY,2021,Latin America & Caribbean (excluding high income),Upper middle income,age,Age 25+ − ages 15–24,age 25+,ages 15-24,,,,False,not comparable
Peru,PER,2021,Latin America & Caribbean (excluding high income),Upper middle income,age,Age 25+ − ages 15–24,age 25+,ages 15-24,20.8198219110132,25.0504438545172,-4.230621943504001,True,second group higher
Philippines,PHL,2021,East Asia & Pacific (excluding high income),Lower middle income,age,Age 25+ − ages 15–24,age 25+,ages 15-24,20.2616983085409,13.9245713834671,6.3371269250738,True,first group higher
Poland,POL,2021,High income,High income,age,Age 25+ − ages 15–24,age 25+,ages 15-24,,,,False,not comparable
Portugal,PRT,2021,High income,High income,age,Age 25+ − ages 15–24,age 25+,ages 15-24,,,,False,not comparable
Romania,ROU,2021,High income,High income,age,Age 25+ − ages 15–24,age 25+,ages 15-24,,,,False,not comparable
Russian Federation,RUS,2021,Europe & Central Asia (excluding high income),Upper middle income,age,Age 25+ − ages 15–24,age 25+,ages 15-24,68.1761646675527,86.5324411813175,-18.356276513764797,True,second group higher
Saudi Arabia,SAU,2021,High income,High income,age,Age 25+ − ages 15–24,age 25+,ages 15-24,,,,False,not comparable
Senegal,SEN,2021,Sub-Saharan Africa (excluding high income),Lower middle income,age,Age 25+ − ages 15–24,age 25+,ages 15-24,11.2522501561398,12.2858319660411,-1.0335818099012997,True,second group higher
Serbia,SRB,2021,Europe & Central Asia (excluding high income),Upper middle income,age,Age 25+ − ages 15–24,age 25+,ages 15-24,45.2715420380724,46.452350606257895,-1.1808085681854976,True,second group higher
Sierra Leone,SLE,2021,Sub-Saharan Africa (excluding high income),Low income,age,Age 25+ − ages 15–24,age 25+,ages 15-24,,,,False,not comparable
Singapore,SGP,2021,High income,High income,age,Age 25+ − ages 15–24,age 25+,ages 15-24,,,,False,not comparable
Slovak Republic,SVK,2021,High income,High income,age,Age 25+ − ages 15–24,age 25+,ages 15-24,,,,False,not comparable
Slovenia,SVN,2021,High income,High income,age,Age 25+ − ages 15–24,age 25+,ages 15-24,,,,False,not comparable
South Africa,ZAF,2021,Sub-Saharan Africa (excluding high income),Upper middle income,age,Age 25+ − ages 15–24,age 25+,ages 15-24,55.374288682762696,49.7865575254535,5.587731157309193,True,first group higher
South Sudan,SSD,2021,Sub-Saharan Africa (excluding high income),Low income,age,Age 25+ − ages 15–24,age 25+,ages 15-24,,,,False,not comparable
Spain,ESP,2021,High income,High income,age,Age 25+ − ages 15–24,age 25+,ages 15-24,,,,False,not comparable
Sri Lanka,LKA,2021,South Asia (excluding high income),Lower middle income,age,Age 25+ − ages 15–24,age 25+,ages 15-24,17.314480718879,20.9157077682443,-3.601227049365299,True,second group higher
Sweden,SWE,2021,High income,High income,age,Age 25+ − ages 15–24,age 25+,ages 15-24,,,,False,not comparable
Switzerland,CHE,2021,High income,High income,age,Age 25+ − ages 15–24,age 25+,ages 15-24,,,,False,not comparable
"Taiwan, China",TWN,2021,High income,High income,age,Age 25+ − ages 15–24,age 25+,ages 15-24,,,,False,not comparable
Tajikistan,TJK,2021,Europe & Central Asia (excluding high income),Lower middle income,age,Age 25+ − ages 15–24,age 25+,ages 15-24,,,,False,not comparable
Tanzania,TZA,2021,Sub-Saharan Africa (excluding high income),Lower middle income,age,Age 25+ − ages 15–24,age 25+,ages 15-24,,,,False,not comparable
Thailand,THA,2021,East Asia & Pacific (excluding high income),Upper middle income,age,Age 25+ − ages 15–24,age 25+,ages 15-24,63.4511476068212,62.5511570514964,0.8999905553247984,True,first group higher
Togo,TGO,2021,Sub-Saharan Africa (excluding high income),Low income,age,Age 25+ − ages 15–24,age 25+,ages 15-24,,,,False,not comparable
Tunisia,TUN,2021,Middle East & North Africa (excluding high income),Lower middle income,age,Age 25+ − ages 15–24,age 25+,ages 15-24,,,,False,not comparable
Turkiye,TUR,2021,Europe & Central Asia (excluding high income),Upper middle income,age,Age 25+ − ages 15–24,age 25+,ages 15-24,43.2303391480149,50.468223702612406,-7.237884554597507,True,second group higher
Uganda,UGA,2021,Sub-Saharan Africa (excluding high income),Low income,age,Age 25+ − ages 15–24,age 25+,ages 15-24,8.351568146345361,13.2538872599247,-4.902319113579338,True,second group higher
Ukraine,UKR,2021,Europe & Central Asia (excluding high income),Lower middle income,age,Age 25+ − ages 15–24,age 25+,ages 15-24,55.1478674470239,86.72395518207449,-31.576087735050592,True,second group higher
United Arab Emirates,ARE,2021,High income,High income,age,Age 25+ − ages 15–24,age 25+,ages 15-24,,,,False,not comparable
United Kingdom,GBR,2021,High income,High income,age,Age 25+ − ages 15–24,age 25+,ages 15-24,,,,False,not comparable
United States,USA,2021,High income,High income,age,Age 25+ − ages 15–24,age 25+,ages 15-24,,,,False,not comparable
Uruguay,URY,2021,High income,High income,age,Age 25+ − ages 15–24,age 25+,ages 15-24,,,,False,not comparable
Uzbekistan,UZB,2021,Europe & Central Asia (excluding high income),Lower middle income,age,Age 25+ − ages 15–24,age 25+,ages 15-24,37.2524731750351,16.471529205877,20.7809439691581,True,first group higher
"Venezuela, RB",VEN,2021,Latin America & Caribbean (excluding high income),Upper middle income,age,Age 25+ − ages 15–24,age 25+,ages 15-24,72.92590232419191,49.7592683116844,23.166634012507508,True,first group higher
West Bank and Gaza,PSE,2021,Middle East & North Africa (excluding high income),Lower middle income,age,Age 25+ − ages 15–24,age 25+,ages 15-24,,,,False,not comparable
Zambia,ZMB,2021,Sub-Saharan Africa (excluding high income),Low income,age,Age 25+ − ages 15–24,age 25+,ages 15-24,,,,False,not comparable
Zimbabwe,ZWE,2021,Sub-Saharan Africa (excluding high income),Lower middle income,age,Age 25+ − ages 15–24,age 25+,ages 15-24,52.032439200066506,38.368365033489,13.664074166577507,True,first group higher
Albania,ALB,2024,Europe & Central Asia (excluding high income),Upper middle income,age,Age 25+ − ages 15–24,age 25+,ages 15-24,10.936988891791,12.0109065691254,-1.0739176773344,True,second group higher
Algeria,DZA,2024,Middle East & North Africa (excluding high income),Lower middle income,age,Age 25+ − ages 15–24,age 25+,ages 15-24,,,,False,not comparable
Argentina,ARG,2024,Latin America & Caribbean (excluding high income),Upper middle income,age,Age 25+ − ages 15–24,age 25+,ages 15-24,57.28319160331379,72.0234077286847,-14.740216125370914,True,second group higher
Armenia,ARM,2024,Europe & Central Asia (excluding high income),Upper middle income,age,Age 25+ − ages 15–24,age 25+,ages 15-24,32.977338352367404,39.0764180309299,-6.0990796785624966,True,second group higher
Australia,AUS,2024,High income,High income,age,Age 25+ − ages 15–24,age 25+,ages 15-24,,,,False,not comparable
Austria,AUT,2024,High income,High income,age,Age 25+ − ages 15–24,age 25+,ages 15-24,,,,False,not comparable
Azerbaijan,AZE,2024,Europe & Central Asia (excluding high income),Upper middle income,age,Age 25+ − ages 15–24,age 25+,ages 15-24,36.3140368147342,24.8720893006745,11.441947514059702,True,first group higher
Bahrain,BHR,2024,High income,High income,age,Age 25+ − ages 15–24,age 25+,ages 15-24,,,,False,not comparable
Bangladesh,BGD,2024,South Asia (excluding high income),Lower middle income,age,Age 25+ − ages 15–24,age 25+,ages 15-24,,,,False,not comparable
Belgium,BEL,2024,High income,High income,age,Age 25+ − ages 15–24,age 25+,ages 15-24,,,,False,not comparable
Belize,BLZ,2024,Latin America & Caribbean (excluding high income),Upper middle income,age,Age 25+ − ages 15–24,age 25+,ages 15-24,25.816540692324903,21.479876754373,4.336663937951904,True,first group higher
Benin,BEN,2024,Sub-Saharan Africa (excluding high income),Lower middle income,age,Age 25+ − ages 15–24,age 25+,ages 15-24,,,,False,not comparable
Bolivia,BOL,2024,Latin America & Caribbean (excluding high income),Lower middle income,age,Age 25+ − ages 15–24,age 25+,ages 15-24,18.6909108233133,25.3213155063923,-6.630404683079,True,second group higher
Bosnia and Herzegovina,BIH,2024,Europe & Central Asia (excluding high income),Upper middle income,age,Age 25+ − ages 15–24,age 25+,ages 15-24,32.2519847970202,29.285685909551,2.9662988874692005,True,first group higher
Botswana,BWA,2024,Sub-Saharan Africa (excluding high income),Upper middle income,age,Age 25+ − ages 15–24,age 25+,ages 15-24,27.2953146149345,20.0379524663888,7.2573621485457025,True,first group higher
Brazil,BRA,2024,Latin America & Caribbean (excluding high income),Upper middle income,age,Age 25+ − ages 15–24,age 25+,ages 15-24,58.3460188570005,68.1513901183073,-9.805371261306803,True,second group higher
Bulgaria,BGR,2024,Europe & Central Asia (excluding high income),Upper middle income,age,Age 25+ − ages 15–24,age 25+,ages 15-24,54.66842734552581,55.0531373899541,-0.3847100444282958,True,second group higher
Burkina Faso,BFA,2024,Sub-Saharan Africa (excluding high income),Low income,age,Age 25+ − ages 15–24,age 25+,ages 15-24,12.2543005664117,11.6351520179773,0.619148548434401,True,first group higher
Cambodia,KHM,2024,East Asia & Pacific (excluding high income),Lower middle income,age,Age 25+ − ages 15–24,age 25+,ages 15-24,17.7174247758489,26.201662171679,-8.4842373958301,True,second group higher
Cameroon,CMR,2024,Sub-Saharan Africa (excluding high income),Lower middle income,age,Age 25+ − ages 15–24,age 25+,ages 15-24,18.5901412648632,23.4926725232209,-4.902531258357701,True,second group higher
Canada,CAN,2024,High income,High income,age,Age 25+ − ages 15–24,age 25+,ages 15-24,,,,False,not comparable
Chad,TCD,2024,Sub-Saharan Africa (excluding high income),Low income,age,Age 25+ − ages 15–24,age 25+,ages 15-24,,,,False,not comparable
Chile,CHL,2024,High income,High income,age,Age 25+ − ages 15–24,age 25+,ages 15-24,,,,False,not comparable
China,CHN,2024,East Asia & Pacific (excluding high income),Upper middle income,age,Age 25+ − ages 15–24,age 25+,ages 15-24,79.6981114186648,78.9100188991524,0.7880925195123893,True,first group higher
Colombia,COL,2024,Latin America & Caribbean (excluding high income),Upper middle income,age,Age 25+ − ages 15–24,age 25+,ages 15-24,23.645333075198295,36.0805189975827,-12.435185922384406,True,second group higher
Comoros,COM,2024,Sub-Saharan Africa (excluding high income),Lower middle income,age,Age 25+ − ages 15–24,age 25+,ages 15-24,,,,False,not comparable
"Congo, Dem. Rep.",COD,2024,Sub-Saharan Africa (excluding high income),Low income,age,Age 25+ − ages 15–24,age 25+,ages 15-24,,,,False,not comparable
"Congo, Rep.",COG,2024,Sub-Saharan Africa (excluding high income),Lower middle income,age,Age 25+ − ages 15–24,age 25+,ages 15-24,,,,False,not comparable
Costa Rica,CRI,2024,Latin America & Caribbean (excluding high income),Upper middle income,age,Age 25+ − ages 15–24,age 25+,ages 15-24,45.6523308889755,54.012093141440296,-8.359762252464797,True,second group higher
Cote d'Ivoire,CIV,2024,Sub-Saharan Africa (excluding high income),Lower middle income,age,Age 25+ − ages 15–24,age 25+,ages 15-24,,,,False,not comparable
Croatia,HRV,2024,High income,High income,age,Age 25+ − ages 15–24,age 25+,ages 15-24,69.4778984744111,35.1255538972065,34.352344577204605,True,first group higher
Cyprus,CYP,2024,High income,High income,age,Age 25+ − ages 15–24,age 25+,ages 15-24,,,,False,not comparable
Czechia,CZE,2024,High income,High income,age,Age 25+ − ages 15–24,age 25+,ages 15-24,,,,False,not comparable
Denmark,DNK,2024,High income,High income,age,Age 25+ − ages 15–24,age 25+,ages 15-24,,,,False,not comparable
Dominican Republic,DOM,2024,Latin America & Caribbean (excluding high income),Upper middle income,age,Age 25+ − ages 15–24,age 25+,ages 15-24,28.2284780435092,25.6385375300799,2.5899405134292977,True,first group higher
Ecuador,ECU,2024,Latin America & Caribbean (excluding high income),Upper middle income,age,Age 25+ − ages 15–24,age 25+,ages 15-24,18.4409635199665,28.2161375894665,-9.7751740695,True,second group higher
"Egypt, Arab Rep.",EGY,2024,Middle East & North Africa (excluding high income),Lower middle income,age,Age 25+ − ages 15–24,age 25+,ages 15-24,,,,False,not comparable
El Salvador,SLV,2024,Latin America & Caribbean (excluding high income),Lower middle income,age,Age 25+ − ages 15–24,age 25+,ages 15-24,,,,False,not comparable
Estonia,EST,2024,High income,High income,age,Age 25+ − ages 15–24,age 25+,ages 15-24,,,,False,not comparable
Eswatini,SWZ,2024,Sub-Saharan Africa (excluding high income),Lower middle income,age,Age 25+ − ages 15–24,age 25+,ages 15-24,20.4390950379308,12.4162836957338,8.022811342197002,True,first group higher
Ethiopia,ETH,2024,Sub-Saharan Africa (excluding high income),Low income,age,Age 25+ − ages 15–24,age 25+,ages 15-24,,,,False,not comparable
Finland,FIN,2024,High income,High income,age,Age 25+ − ages 15–24,age 25+,ages 15-24,,,,False,not comparable
France,FRA,2024,High income,High income,age,Age 25+ − ages 15–24,age 25+,ages 15-24,,,,False,not comparable
Gabon,GAB,2024,Sub-Saharan Africa (excluding high income),Upper middle income,age,Age 25+ − ages 15–24,age 25+,ages 15-24,19.9132691976118,20.3908669609788,-0.477597763367001,True,second group higher
"Gambia, The",GMB,2024,Sub-Saharan Africa (excluding high income),Low income,age,Age 25+ − ages 15–24,age 25+,ages 15-24,,,,False,not comparable
Georgia,GEO,2024,Europe & Central Asia (excluding high income),Upper middle income,age,Age 25+ − ages 15–24,age 25+,ages 15-24,46.3064903649745,55.6080002537107,-9.301509888736199,True,second group higher
Germany,DEU,2024,High income,High income,age,Age 25+ − ages 15–24,age 25+,ages 15-24,,,,False,not comparable
Ghana,GHA,2024,Sub-Saharan Africa (excluding high income),Lower middle income,age,Age 25+ − ages 15–24,age 25+,ages 15-24,26.256105613895095,29.6242833160603,-3.3681777021652053,True,second group higher
Greece,GRC,2024,High income,High income,age,Age 25+ − ages 15–24,age 25+,ages 15-24,,,,False,not comparable
Guatemala,GTM,2024,Latin America & Caribbean (excluding high income),Upper middle income,age,Age 25+ − ages 15–24,age 25+,ages 15-24,,,,False,not comparable
Guinea,GIN,2024,Sub-Saharan Africa (excluding high income),Low income,age,Age 25+ − ages 15–24,age 25+,ages 15-24,,,,False,not comparable
Honduras,HND,2024,Latin America & Caribbean (excluding high income),Lower middle income,age,Age 25+ − ages 15–24,age 25+,ages 15-24,,,,False,not comparable
"Hong Kong SAR, China",HKG,2024,High income,High income,age,Age 25+ − ages 15–24,age 25+,ages 15-24,,,,False,not comparable
Hungary,HUN,2024,High income,High income,age,Age 25+ − ages 15–24,age 25+,ages 15-24,,,,False,not comparable
Iceland,ISL,2024,High income,High income,age,Age 25+ − ages 15–24,age 25+,ages 15-24,,,,False,not comparable
India,IND,2024,South Asia (excluding high income),Lower middle income,age,Age 25+ − ages 15–24,age 25+,ages 15-24,16.6508107968155,22.6857988685728,-6.034988071757301,True,second group higher
Indonesia,IDN,2024,East Asia & Pacific (excluding high income),Lower middle income,age,Age 25+ − ages 15–24,age 25+,ages 15-24,10.484976312608,24.590202620312706,-14.105226307704706,True,second group higher
"Iran, Islamic Rep.",IRN,2024,Middle East & North Africa (excluding high income),Lower middle income,age,Age 25+ − ages 15–24,age 25+,ages 15-24,76.7564941528842,85.7059591032816,-8.949464950397399,True,second group higher
Iraq,IRQ,2024,Middle East & North Africa (excluding high income),Upper middle income,age,Age 25+ − ages 15–24,age 25+,ages 15-24,9.62379019882199,13.37246497549,-3.748674776668011,True,second group higher
Ireland,IRL,2024,High income,High income,age,Age 25+ − ages 15–24,age 25+,ages 15-24,,,,False,not comparable
Israel,ISR,2024,High income,High income,age,Age 25+ − ages 15–24,age 25+,ages 15-24,,,,False,not comparable
Italy,ITA,2024,High income,High income,age,Age 25+ − ages 15–24,age 25+,ages 15-24,,,,False,not comparable
Japan,JPN,2024,High income,High income,age,Age 25+ − ages 15–24,age 25+,ages 15-24,,,,False,not comparable
Jordan,JOR,2024,Middle East & North Africa (excluding high income),Upper middle income,age,Age 25+ − ages 15–24,age 25+,ages 15-24,13.661389777314,10.3440947337011,3.3172950436128996,True,first group higher
Kazakhstan,KAZ,2024,Europe & Central Asia (excluding high income),Upper middle income,age,Age 25+ − ages 15–24,age 25+,ages 15-24,72.0726308971532,60.5874527380681,11.485178159085102,True,first group higher
Kenya,KEN,2024,Sub-Saharan Africa (excluding high income),Lower middle income,age,Age 25+ − ages 15–24,age 25+,ages 15-24,54.191368139468096,58.83303510727061,-4.641666967802514,True,second group higher
"Korea, Rep.",KOR,2024,High income,High income,age,Age 25+ − ages 15–24,age 25+,ages 15-24,,,,False,not comparable
Kosovo,XKX,2024,Europe & Central Asia (excluding high income),Upper middle income,age,Age 25+ − ages 15–24,age 25+,ages 15-24,,,,False,not comparable
Kuwait,KWT,2024,High income,High income,age,Age 25+ − ages 15–24,age 25+,ages 15-24,,,,False,not comparable
Kyrgyz Republic,KGZ,2024,Europe & Central Asia (excluding high income),Lower middle income,age,Age 25+ − ages 15–24,age 25+,ages 15-24,44.1580352896697,40.8650044212901,3.2930308683795957,True,first group higher
Lao PDR,LAO,2024,East Asia & Pacific (excluding high income),Lower middle income,age,Age 25+ − ages 15–24,age 25+,ages 15-24,20.7796858590364,23.4193254490308,-2.639639589994399,True,second group higher
Latvia,LVA,2024,High income,High income,age,Age 25+ − ages 15–24,age 25+,ages 15-24,,,,False,not comparable
Lebanon,LBN,2024,Middle East & North Africa (excluding high income),Lower middle income,age,Age 25+ − ages 15–24,age 25+,ages 15-24,,,,False,not comparable
Lesotho,LSO,2024,Sub-Saharan Africa (excluding high income),Lower middle income,age,Age 25+ − ages 15–24,age 25+,ages 15-24,17.4773886367248,11.2326203867735,6.244768249951301,True,first group higher
Liberia,LBR,2024,Sub-Saharan Africa (excluding high income),Low income,age,Age 25+ − ages 15–24,age 25+,ages 15-24,,,,False,not comparable
Libya,LBY,2024,Middle East & North Africa (excluding high income),Upper middle income,age,Age 25+ − ages 15–24,age 25+,ages 15-24,17.2645855613341,8.84089376248582,8.423691798848282,True,first group higher
Lithuania,LTU,2024,High income,High income,age,Age 25+ − ages 15–24,age 25+,ages 15-24,,,,False,not comparable
Madagascar,MDG,2024,Sub-Saharan Africa (excluding high income),Low income,age,Age 25+ − ages 15–24,age 25+,ages 15-24,,,,False,not comparable
Malawi,MWI,2024,Sub-Saharan Africa (excluding high income),Low income,age,Age 25+ − ages 15–24,age 25+,ages 15-24,9.95187506494985,11.2434397062095,-1.2915646412596509,True,second group higher
Malaysia,MYS,2024,East Asia & Pacific (excluding high income),Upper middle income,age,Age 25+ − ages 15–24,age 25+,ages 15-24,49.408823494282,62.970651116552,-13.561827622270002,True,second group higher
Mali,MLI,2024,Sub-Saharan Africa (excluding high income),Low income,age,Age 25+ − ages 15–24,age 25+,ages 15-24,8.57572933589867,13.1530421910758,-4.57731285517713,True,second group higher
Malta,MLT,2024,High income,High income,age,Age 25+ − ages 15–24,age 25+,ages 15-24,,,,False,not comparable
Mauritania,MRT,2024,Sub-Saharan Africa (excluding high income),Lower middle income,age,Age 25+ − ages 15–24,age 25+,ages 15-24,13.1751134987818,10.4929918220474,2.6821216767343987,True,first group higher
Mauritius,MUS,2024,Sub-Saharan Africa (excluding high income),Upper middle income,age,Age 25+ − ages 15–24,age 25+,ages 15-24,47.8964900670409,60.018916645882406,-12.122426578841505,True,second group higher
Mexico,MEX,2024,Latin America & Caribbean (excluding high income),Upper middle income,age,Age 25+ − ages 15–24,age 25+,ages 15-24,25.8570617321699,26.279181970708898,-0.42212023853899794,True,second group higher
Moldova,MDA,2024,Europe & Central Asia (excluding high income),Upper middle income,age,Age 25+ − ages 15–24,age 25+,ages 15-24,36.446948051724,49.0876661180758,-12.640718066351802,True,second group higher
Mongolia,MNG,2024,East Asia & Pacific (excluding high income),Lower middle income,age,Age 25+ − ages 15–24,age 25+,ages 15-24,96.7751599730163,87.63337185710999,9.141788115906309,True,first group higher
Montenegro,MNE,2024,Europe & Central Asia (excluding high income),Upper middle income,age,Age 25+ − ages 15–24,age 25+,ages 15-24,41.0070444490051,15.2397257614394,25.767318687565698,True,first group higher
Morocco,MAR,2024,Middle East & North Africa (excluding high income),Lower middle income,age,Age 25+ − ages 15–24,age 25+,ages 15-24,,,,False,not comparable
Mozambique,MOZ,2024,Sub-Saharan Africa (excluding high income),Low income,age,Age 25+ − ages 15–24,age 25+,ages 15-24,19.254197710332,17.2007278558069,2.053469854525101,True,first group higher
Namibia,NAM,2024,Sub-Saharan Africa (excluding high income),Upper middle income,age,Age 25+ − ages 15–24,age 25+,ages 15-24,44.4904793143668,24.2849011948628,20.205578119504,True,first group higher
Nepal,NPL,2024,South Asia (excluding high income),Lower middle income,age,Age 25+ − ages 15–24,age 25+,ages 15-24,,,,False,not comparable
Netherlands,NLD,2024,High income,High income,age,Age 25+ − ages 15–24,age 25+,ages 15-24,,,,False,not comparable
New Zealand,NZL,2024,High income,High income,age,Age 25+ − ages 15–24,age 25+,ages 15-24,,,,False,not comparable
Nicaragua,NIC,2024,Latin America & Caribbean (excluding high income),Lower middle income,age,Age 25+ − ages 15–24,age 25+,ages 15-24,,,,False,not comparable
Niger,NER,2024,Sub-Saharan Africa (excluding high income),Low income,age,Age 25+ − ages 15–24,age 25+,ages 15-24,,,,False,not comparable
Nigeria,NGA,2024,Sub-Saharan Africa (excluding high income),Lower middle income,age,Age 25+ − ages 15–24,age 25+,ages 15-24,32.953113356742904,20.1474249019328,12.805688454810102,True,first group higher
North Macedonia,MKD,2024,Europe & Central Asia (excluding high income),Upper middle income,age,Age 25+ − ages 15–24,age 25+,ages 15-24,55.1237032962178,34.9267450023168,20.196958293900998,True,first group higher
Norway,NOR,2024,High income,High income,age,Age 25+ − ages 15–24,age 25+,ages 15-24,,,,False,not comparable
Oman,OMN,2024,High income,High income,age,Age 25+ − ages 15–24,age 25+,ages 15-24,37.857637951927906,46.3037912875563,-8.446153335628395,True,second group higher
Pakistan,PAK,2024,South Asia (excluding high income),Lower middle income,age,Age 25+ − ages 15–24,age 25+,ages 15-24,,,,False,not comparable
Panama,PAN,2024,High income,High income,age,Age 25+ − ages 15–24,age 25+,ages 15-24,36.6043833826175,34.8948596108878,1.7095237717296996,True,first group higher
Paraguay,PRY,2024,Latin America & Caribbean (excluding high income),Upper middle income,age,Age 25+ − ages 15–24,age 25+,ages 15-24,26.0716442095555,25.5962122950517,0.47543191450380107,True,first group higher
Peru,PER,2024,Latin America & Caribbean (excluding high income),Upper middle income,age,Age 25+ − ages 15–24,age 25+,ages 15-24,30.8523597285843,39.7491616071402,-8.896801878555902,True,second group higher
Philippines,PHL,2024,East Asia & Pacific (excluding high income),Lower middle income,age,Age 25+ − ages 15–24,age 25+,ages 15-24,10.809965517295,19.807807632093,-8.997842114797999,True,second group higher
Poland,POL,2024,High income,High income,age,Age 25+ − ages 15–24,age 25+,ages 15-24,78.69826502118,73.6306261910361,5.067638830143906,True,first group higher
Portugal,PRT,2024,High income,High income,age,Age 25+ − ages 15–24,age 25+,ages 15-24,,,,False,not comparable
Romania,ROU,2024,High income,High income,age,Age 25+ − ages 15–24,age 25+,ages 15-24,47.1008380055008,73.8549965240514,-26.754158518550604,True,second group higher
Russian Federation,RUS,2024,Europe & Central Asia (excluding high income),Upper middle income,age,Age 25+ − ages 15–24,age 25+,ages 15-24,,,,False,not comparable
Saudi Arabia,SAU,2024,High income,High income,age,Age 25+ − ages 15–24,age 25+,ages 15-24,66.70494687045,53.922365841868306,12.782581028581696,True,first group higher
Senegal,SEN,2024,Sub-Saharan Africa (excluding high income),Lower middle income,age,Age 25+ − ages 15–24,age 25+,ages 15-24,39.104570120543706,32.5307438461411,6.573826274402606,True,first group higher
Serbia,SRB,2024,Europe & Central Asia (excluding high income),Upper middle income,age,Age 25+ − ages 15–24,age 25+,ages 15-24,58.5552815320347,22.1830196549247,36.37226187711,True,first group higher
Sierra Leone,SLE,2024,Sub-Saharan Africa (excluding high income),Low income,age,Age 25+ − ages 15–24,age 25+,ages 15-24,,,,False,not comparable
Singapore,SGP,2024,High income,High income,age,Age 25+ − ages 15–24,age 25+,ages 15-24,,,,False,not comparable
Slovak Republic,SVK,2024,High income,High income,age,Age 25+ − ages 15–24,age 25+,ages 15-24,,,,False,not comparable
Slovenia,SVN,2024,High income,High income,age,Age 25+ − ages 15–24,age 25+,ages 15-24,,,,False,not comparable
South Africa,ZAF,2024,Sub-Saharan Africa (excluding high income),Upper middle income,age,Age 25+ − ages 15–24,age 25+,ages 15-24,49.1019540843536,40.1363425731073,8.965611511246301,True,first group higher
Spain,ESP,2024,High income,High income,age,Age 25+ − ages 15–24,age 25+,ages 15-24,,,,False,not comparable
Sri Lanka,LKA,2024,South Asia (excluding high income),Lower middle income,age,Age 25+ − ages 15–24,age 25+,ages 15-24,12.9843017295134,21.7107302304958,-8.726428500982399,True,second group higher
Sweden,SWE,2024,High income,High income,age,Age 25+ − ages 15–24,age 25+,ages 15-24,,,,False,not comparable
Switzerland,CHE,2024,High income,High income,age,Age 25+ − ages 15–24,age 25+,ages 15-24,,,,False,not comparable
"Taiwan, China",TWN,2024,High income,High income,age,Age 25+ − ages 15–24,age 25+,ages 15-24,,,,False,not comparable
Tajikistan,TJK,2024,Europe & Central Asia (excluding high income),Lower middle income,age,Age 25+ − ages 15–24,age 25+,ages 15-24,17.9532472536865,11.4420900124196,6.511157241266899,True,first group higher
Tanzania,TZA,2024,Sub-Saharan Africa (excluding high income),Lower middle income,age,Age 25+ − ages 15–24,age 25+,ages 15-24,,,,False,not comparable
Thailand,THA,2024,East Asia & Pacific (excluding high income),Upper middle income,age,Age 25+ − ages 15–24,age 25+,ages 15-24,46.4415835486453,73.6477231124518,-27.206139563806502,True,second group higher
Togo,TGO,2024,Sub-Saharan Africa (excluding high income),Low income,age,Age 25+ − ages 15–24,age 25+,ages 15-24,14.8919582184752,11.2084813835564,3.6834768349187996,True,first group higher
Trinidad and Tobago,TTO,2024,High income,High income,age,Age 25+ − ages 15–24,age 25+,ages 15-24,,,,False,not comparable
Tunisia,TUN,2024,Middle East & North Africa (excluding high income),Lower middle income,age,Age 25+ − ages 15–24,age 25+,ages 15-24,,,,False,not comparable
Turkiye,TUR,2024,Europe & Central Asia (excluding high income),Upper middle income,age,Age 25+ − ages 15–24,age 25+,ages 15-24,52.7843196008554,46.2605681453421,6.523751455513299,True,first group higher
Uganda,UGA,2024,Sub-Saharan Africa (excluding high income),Low income,age,Age 25+ − ages 15–24,age 25+,ages 15-24,12.6779148422646,10.1797266861506,2.4981881561140007,True,first group higher
Ukraine,UKR,2024,Europe & Central Asia (excluding high income),Lower middle income,age,Age 25+ − ages 15–24,age 25+,ages 15-24,71.961400207933,88.660098283239,-16.698698075305998,True,second group higher
United Arab Emirates,ARE,2024,High income,High income,age,Age 25+ − ages 15–24,age 25+,ages 15-24,,,,False,not comparable
United Kingdom,GBR,2024,High income,High income,age,Age 25+ − ages 15–24,age 25+,ages 15-24,,,,False,not comparable
United States,USA,2024,High income,High income,age,Age 25+ − ages 15–24,age 25+,ages 15-24,,,,False,not comparable
Uruguay,URY,2024,High income,High income,age,Age 25+ − ages 15–24,age 25+,ages 15-24,,,,False,not comparable
Uzbekistan,UZB,2024,Europe & Central Asia (excluding high income),Lower middle income,age,Age 25+ − ages 15–24,age 25+,ages 15-24,42.567552016213,22.7902840276422,19.7772679885708,True,first group higher
"Venezuela, RB",VEN,2024,Latin America & Caribbean (excluding high income),Upper middle income,age,Age 25+ − ages 15–24,age 25+,ages 15-24,73.70343555079299,63.9011966411244,9.802238909668588,True,first group higher
Viet Nam,VNM,2024,East Asia & Pacific (excluding high income),Lower middle income,age,Age 25+ − ages 15–24,age 25+,ages 15-24,48.9867601513688,60.755400570091,-11.7686404187222,True,second group higher
West Bank and Gaza,PSE,2024,Middle East & North Africa (excluding high income),Lower middle income,age,Age 25+ − ages 15–24,age 25+,ages 15-24,,,,False,not comparable
Zambia,ZMB,2024,Sub-Saharan Africa (excluding high income),Low income,age,Age 25+ − ages 15–24,age 25+,ages 15-24,19.8579382911596,18.1257721877218,1.7321661034377982,True,first group higher
Zimbabwe,ZWE,2024,Sub-Saharan Africa (excluding high income),Lower middle income,age,Age 25+ − ages 15–24,age 25+,ages 15-24,33.9361433647945,18.4805902940835,15.455553070711005,True,first group higher
Afghanistan,AFG,2021,South Asia (excluding high income),Low income,education,Secondary education or more − primary or less,secondary edu or more,prim edu or less,,,,False,not comparable
Albania,ALB,2021,Europe & Central Asia (excluding high income),Upper middle income,education,Secondary education or more − primary or less,secondary edu or more,prim edu or less,19.6557439105598,6.4437013600094195,13.212042550550379,True,first group higher
Algeria,DZA,2021,Middle East & North Africa (excluding high income),Lower middle income,education,Secondary education or more − primary or less,secondary edu or more,prim edu or less,,,,False,not comparable
Argentina,ARG,2021,Latin America & Caribbean (excluding high income),Upper middle income,education,Secondary education or more − primary or less,secondary edu or more,prim edu or less,58.0431495042173,20.6970262655526,37.346123238664696,True,first group higher
Armenia,ARM,2021,Europe & Central Asia (excluding high income),Upper middle income,education,Secondary education or more − primary or less,secondary edu or more,prim edu or less,16.7854566549861,7.008607846902399,9.776848808083699,True,first group higher
Australia,AUS,2021,High income,High income,education,Secondary education or more − primary or less,secondary edu or more,prim edu or less,,,,False,not comparable
Austria,AUT,2021,High income,High income,education,Secondary education or more − primary or less,secondary edu or more,prim edu or less,,,,False,not comparable
Bangladesh,BGD,2021,South Asia (excluding high income),Lower middle income,education,Secondary education or more − primary or less,secondary edu or more,prim edu or less,,,,False,not comparable
Belgium,BEL,2021,High income,High income,education,Secondary education or more − primary or less,secondary edu or more,prim edu or less,,,,False,not comparable
Benin,BEN,2021,Sub-Saharan Africa (excluding high income),Lower middle income,education,Secondary education or more − primary or less,secondary edu or more,prim edu or less,,,,False,not comparable
Bolivia,BOL,2021,Latin America & Caribbean (excluding high income),Lower middle income,education,Secondary education or more − primary or less,secondary edu or more,prim edu or less,19.665728802996,4.30428775859134,15.36144104440466,True,first group higher
Bosnia and Herzegovina,BIH,2021,Europe & Central Asia (excluding high income),Upper middle income,education,Secondary education or more − primary or less,secondary edu or more,prim edu or less,54.0240428473726,4.68511535335747,49.33892749401513,True,first group higher
Brazil,BRA,2021,Latin America & Caribbean (excluding high income),Upper middle income,education,Secondary education or more − primary or less,secondary edu or more,prim edu or less,58.6116773545202,36.8535099896701,21.758167364850095,True,first group higher
Bulgaria,BGR,2021,Europe & Central Asia (excluding high income),Upper middle income,education,Secondary education or more − primary or less,secondary edu or more,prim edu or less,57.55468700961461,25.3763736768456,32.17831333276901,True,first group higher
Burkina Faso,BFA,2021,Sub-Saharan Africa (excluding high income),Low income,education,Secondary education or more − primary or less,secondary edu or more,prim edu or less,,,,False,not comparable
Cambodia,KHM,2021,East Asia & Pacific (excluding high income),Lower middle income,education,Secondary education or more − primary or less,secondary edu or more,prim edu or less,,,,False,not comparable
Cameroon,CMR,2021,Sub-Saharan Africa (excluding high income),Lower middle income,education,Secondary education or more − primary or less,secondary edu or more,prim edu or less,,,,False,not comparable
Canada,CAN,2021,High income,High income,education,Secondary education or more − primary or less,secondary edu or more,prim edu or less,,,,False,not comparable
Chile,CHL,2021,High income,High income,education,Secondary education or more − primary or less,secondary edu or more,prim edu or less,,,,False,not comparable
China,CHN,2021,East Asia & Pacific (excluding high income),Upper middle income,education,Secondary education or more − primary or less,secondary edu or more,prim edu or less,94.6255082643542,72.5437691976627,22.081739066691497,True,first group higher
Colombia,COL,2021,Latin America & Caribbean (excluding high income),Upper middle income,education,Secondary education or more − primary or less,secondary edu or more,prim edu or less,26.112499470281296,3.6558825241803103,22.456616946100986,True,first group higher
"Congo, Rep.",COG,2021,Sub-Saharan Africa (excluding high income),Lower middle income,education,Secondary education or more − primary or less,secondary edu or more,prim edu or less,,,,False,not comparable
Costa Rica,CRI,2021,Latin America & Caribbean (excluding high income),Upper middle income,education,Secondary education or more − primary or less,secondary edu or more,prim edu or less,55.34764230247921,14.449548855713202,40.898093446766005,True,first group higher
Cote d'Ivoire,CIV,2021,Sub-Saharan Africa (excluding high income),Lower middle income,education,Secondary education or more − primary or less,secondary edu or more,prim edu or less,,,,False,not comparable
Croatia,HRV,2021,High income,High income,education,Secondary education or more − primary or less,secondary edu or more,prim edu or less,,,,False,not comparable
Cyprus,CYP,2021,High income,High income,education,Secondary education or more − primary or less,secondary edu or more,prim edu or less,,,,False,not comparable
Czechia,CZE,2021,High income,High income,education,Secondary education or more − primary or less,secondary edu or more,prim edu or less,,,,False,not comparable
Denmark,DNK,2021,High income,High income,education,Secondary education or more − primary or less,secondary edu or more,prim edu or less,,,,False,not comparable
Dominican Republic,DOM,2021,Latin America & Caribbean (excluding high income),Upper middle income,education,Secondary education or more − primary or less,secondary edu or more,prim edu or less,21.5792532505766,4.7970033538289405,16.782249896747658,True,first group higher
Ecuador,ECU,2021,Latin America & Caribbean (excluding high income),Upper middle income,education,Secondary education or more − primary or less,secondary edu or more,prim edu or less,22.7365408395695,5.334927920242309,17.401612919327192,True,first group higher
"Egypt, Arab Rep.",EGY,2021,Middle East & North Africa (excluding high income),Lower middle income,education,Secondary education or more − primary or less,secondary edu or more,prim edu or less,,,,False,not comparable
El Salvador,SLV,2021,Latin America & Caribbean (excluding high income),Lower middle income,education,Secondary education or more − primary or less,secondary edu or more,prim edu or less,,,,False,not comparable
Estonia,EST,2021,High income,High income,education,Secondary education or more − primary or less,secondary edu or more,prim edu or less,,,,False,not comparable
Finland,FIN,2021,High income,High income,education,Secondary education or more − primary or less,secondary edu or more,prim edu or less,,,,False,not comparable
France,FRA,2021,High income,High income,education,Secondary education or more − primary or less,secondary edu or more,prim edu or less,,,,False,not comparable
Gabon,GAB,2021,Sub-Saharan Africa (excluding high income),Upper middle income,education,Secondary education or more − primary or less,secondary edu or more,prim edu or less,21.0250802715601,11.7953889179513,9.2296913536088,True,first group higher
Georgia,GEO,2021,Europe & Central Asia (excluding high income),Upper middle income,education,Secondary education or more − primary or less,secondary edu or more,prim edu or less,33.5653600871795,13.4938201266461,20.0715399605334,True,first group higher
Germany,DEU,2021,High income,High income,education,Secondary education or more − primary or less,secondary edu or more,prim edu or less,,,,False,not comparable
Ghana,GHA,2021,Sub-Saharan Africa (excluding high income),Lower middle income,education,Secondary education or more − primary or less,secondary edu or more,prim edu or less,23.1719360418467,4.274678445751389,18.897257596095308,True,first group higher
Greece,GRC,2021,High income,High income,education,Secondary education or more − primary or less,secondary edu or more,prim edu or less,,,,False,not comparable
Guinea,GIN,2021,Sub-Saharan Africa (excluding high income),Low income,education,Secondary education or more − primary or less,secondary edu or more,prim edu or less,,,,False,not comparable
Honduras,HND,2021,Latin America & Caribbean (excluding high income),Lower middle income,education,Secondary education or more − primary or less,secondary edu or more,prim edu or less,,,,False,not comparable
"Hong Kong SAR, China",HKG,2021,High income,High income,education,Secondary education or more − primary or less,secondary edu or more,prim edu or less,,,,False,not comparable
Hungary,HUN,2021,High income,High income,education,Secondary education or more − primary or less,secondary edu or more,prim edu or less,,,,False,not comparable
Iceland,ISL,2021,High income,High income,education,Secondary education or more − primary or less,secondary edu or more,prim edu or less,,,,False,not comparable
India,IND,2021,South Asia (excluding high income),Lower middle income,education,Secondary education or more − primary or less,secondary edu or more,prim edu or less,27.6359150626852,4.29751852476995,23.33839653791525,True,first group higher
Indonesia,IDN,2021,East Asia & Pacific (excluding high income),Lower middle income,education,Secondary education or more − primary or less,secondary edu or more,prim edu or less,22.8471854386706,1.9647290173505,20.8824564213201,True,first group higher
"Iran, Islamic Rep.",IRN,2021,Middle East & North Africa (excluding high income),Lower middle income,education,Secondary education or more − primary or less,secondary edu or more,prim edu or less,17.9000103985205,6.47766452388072,11.422345874639781,True,first group higher
Iraq,IRQ,2021,Middle East & North Africa (excluding high income),Upper middle income,education,Secondary education or more − primary or less,secondary edu or more,prim edu or less,,,,False,not comparable
Ireland,IRL,2021,High income,High income,education,Secondary education or more − primary or less,secondary edu or more,prim edu or less,,,,False,not comparable
Israel,ISR,2021,High income,High income,education,Secondary education or more − primary or less,secondary edu or more,prim edu or less,,,,False,not comparable
Italy,ITA,2021,High income,High income,education,Secondary education or more − primary or less,secondary edu or more,prim edu or less,,,,False,not comparable
Jamaica,JAM,2021,Latin America & Caribbean (excluding high income),Upper middle income,education,Secondary education or more − primary or less,secondary edu or more,prim edu or less,34.254979312976204,8.495257914265231,25.759721398710973,True,first group higher
Japan,JPN,2021,High income,High income,education,Secondary education or more − primary or less,secondary edu or more,prim edu or less,,,,False,not comparable
Jordan,JOR,2021,Middle East & North Africa (excluding high income),Upper middle income,education,Secondary education or more − primary or less,secondary edu or more,prim edu or less,14.7547226511512,4.15788395354175,10.59683869760945,True,first group higher
Kazakhstan,KAZ,2021,Europe & Central Asia (excluding high income),Upper middle income,education,Secondary education or more − primary or less,secondary edu or more,prim edu or less,62.653112404586096,24.1031977629779,38.5499146416082,True,first group higher
Kenya,KEN,2021,Sub-Saharan Africa (excluding high income),Lower middle income,education,Secondary education or more − primary or less,secondary edu or more,prim edu or less,44.1693679653124,21.9940747718066,22.175293193505798,True,first group higher
"Korea, Rep.",KOR,2021,High income,High income,education,Secondary education or more − primary or less,secondary edu or more,prim edu or less,,,,False,not comparable
Kosovo,XKX,2021,Europe & Central Asia (excluding high income),Upper middle income,education,Secondary education or more − primary or less,secondary edu or more,prim edu or less,33.5448024553821,12.8844001676612,20.6604022877209,True,first group higher
Kyrgyz Republic,KGZ,2021,Europe & Central Asia (excluding high income),Lower middle income,education,Secondary education or more − primary or less,secondary edu or more,prim edu or less,12.5087246695106,6.50166838604266,6.007056283467941,True,first group higher
Lao PDR,LAO,2021,East Asia & Pacific (excluding high income),Lower middle income,education,Secondary education or more − primary or less,secondary edu or more,prim edu or less,,,,False,not comparable
Latvia,LVA,2021,High income,High income,education,Secondary education or more − primary or less,secondary edu or more,prim edu or less,,,,False,not comparable
Lebanon,LBN,2021,Middle East & North Africa (excluding high income),Lower middle income,education,Secondary education or more − primary or less,secondary edu or more,prim edu or less,,,,False,not comparable
Liberia,LBR,2021,Sub-Saharan Africa (excluding high income),Low income,education,Secondary education or more − primary or less,secondary edu or more,prim edu or less,,,,False,not comparable
Lithuania,LTU,2021,High income,High income,education,Secondary education or more − primary or less,secondary edu or more,prim edu or less,,,,False,not comparable
Malawi,MWI,2021,Sub-Saharan Africa (excluding high income),Low income,education,Secondary education or more − primary or less,secondary edu or more,prim edu or less,,,,False,not comparable
Malaysia,MYS,2021,East Asia & Pacific (excluding high income),Upper middle income,education,Secondary education or more − primary or less,secondary edu or more,prim edu or less,61.850737698173695,6.07721834061083,55.77351935756286,True,first group higher
Mali,MLI,2021,Sub-Saharan Africa (excluding high income),Low income,education,Secondary education or more − primary or less,secondary edu or more,prim edu or less,15.4951333407053,10.0061660161578,5.488967324547499,True,first group higher
Malta,MLT,2021,High income,High income,education,Secondary education or more − primary or less,secondary edu or more,prim edu or less,,,,False,not comparable
Mauritius,MUS,2021,Sub-Saharan Africa (excluding high income),Upper middle income,education,Secondary education or more − primary or less,secondary edu or more,prim edu or less,63.40867586340519,25.1556176819176,38.25305818148759,True,first group higher
Moldova,MDA,2021,Europe & Central Asia (excluding high income),Upper middle income,education,Secondary education or more − primary or less,secondary edu or more,prim edu or less,39.8642302923426,20.10435446776,19.759875824582597,True,first group higher
Mongolia,MNG,2021,East Asia & Pacific (excluding high income),Lower middle income,education,Secondary education or more − primary or less,secondary edu or more,prim edu or less,92.334044898887,66.6734591023793,25.660585796507704,True,first group higher
Morocco,MAR,2021,Middle East & North Africa (excluding high income),Lower middle income,education,Secondary education or more − primary or less,secondary edu or more,prim edu or less,,,,False,not comparable
Mozambique,MOZ,2021,Sub-Saharan Africa (excluding high income),Low income,education,Secondary education or more − primary or less,secondary edu or more,prim edu or less,28.5542363448411,8.89717682851584,19.657059516325262,True,first group higher
Myanmar,MMR,2021,East Asia & Pacific (excluding high income),Lower middle income,education,Secondary education or more − primary or less,secondary edu or more,prim edu or less,27.258890833128905,4.35553428077769,22.903356552351216,True,first group higher
Namibia,NAM,2021,Sub-Saharan Africa (excluding high income),Upper middle income,education,Secondary education or more − primary or less,secondary edu or more,prim edu or less,40.6314791916274,17.8396640053854,22.791815186241998,True,first group higher
Nepal,NPL,2021,South Asia (excluding high income),Lower middle income,education,Secondary education or more − primary or less,secondary edu or more,prim edu or less,,,,False,not comparable
Netherlands,NLD,2021,High income,High income,education,Secondary education or more − primary or less,secondary edu or more,prim edu or less,,,,False,not comparable
New Zealand,NZL,2021,High income,High income,education,Secondary education or more − primary or less,secondary edu or more,prim edu or less,,,,False,not comparable
Nicaragua,NIC,2021,Latin America & Caribbean (excluding high income),Lower middle income,education,Secondary education or more − primary or less,secondary edu or more,prim edu or less,,,,False,not comparable
Nigeria,NGA,2021,Sub-Saharan Africa (excluding high income),Lower middle income,education,Secondary education or more − primary or less,secondary edu or more,prim edu or less,,,,False,not comparable
North Macedonia,MKD,2021,Europe & Central Asia (excluding high income),Upper middle income,education,Secondary education or more − primary or less,secondary edu or more,prim edu or less,58.50252496956811,18.8273102254781,39.675214744090006,True,first group higher
Norway,NOR,2021,High income,High income,education,Secondary education or more − primary or less,secondary edu or more,prim edu or less,,,,False,not comparable
Pakistan,PAK,2021,South Asia (excluding high income),Lower middle income,education,Secondary education or more − primary or less,secondary edu or more,prim edu or less,,,,False,not comparable
Panama,PAN,2021,High income,High income,education,Secondary education or more − primary or less,secondary edu or more,prim edu or less,,,,False,not comparable
Paraguay,PRY,2021,Latin America & Caribbean (excluding high income),Upper middle income,education,Secondary education or more − primary or less,secondary edu or more,prim edu or less,,,,False,not comparable
Peru,PER,2021,Latin America & Caribbean (excluding high income),Upper middle income,education,Secondary education or more − primary or less,secondary edu or more,prim edu or less,26.219379754408003,4.15505759942784,22.06432215498016,True,first group higher
Philippines,PHL,2021,East Asia & Pacific (excluding high income),Lower middle income,education,Secondary education or more − primary or less,secondary edu or more,prim edu or less,24.2975157907248,7.44446033680889,16.853055453915907,True,first group higher
Poland,POL,2021,High income,High income,education,Secondary education or more − primary or less,secondary edu or more,prim edu or less,,,,False,not comparable
Portugal,PRT,2021,High income,High income,education,Secondary education or more − primary or less,secondary edu or more,prim edu or less,,,,False,not comparable
Romania,ROU,2021,High income,High income,education,Secondary education or more − primary or less,secondary edu or more,prim edu or less,,,,False,not comparable
Russian Federation,RUS,2021,Europe & Central Asia (excluding high income),Upper middle income,education,Secondary education or more − primary or less,secondary edu or more,prim edu or less,72.46508628667941,57.8450320478528,14.620054238826611,True,first group higher
Saudi Arabia,SAU,2021,High income,High income,education,Secondary education or more − primary or less,secondary edu or more,prim edu or less,,,,False,not comparable
Senegal,SEN,2021,Sub-Saharan Africa (excluding high income),Lower middle income,education,Secondary education or more − primary or less,secondary edu or more,prim edu or less,19.4690298735466,9.11405181052404,10.354978063022559,True,first group higher
Serbia,SRB,2021,Europe & Central Asia (excluding high income),Upper middle income,education,Secondary education or more − primary or less,secondary edu or more,prim edu or less,62.3956185136339,11.2710538615281,51.124564652105796,True,first group higher
Sierra Leone,SLE,2021,Sub-Saharan Africa (excluding high income),Low income,education,Secondary education or more − primary or less,secondary edu or more,prim edu or less,,,,False,not comparable
Singapore,SGP,2021,High income,High income,education,Secondary education or more − primary or less,secondary edu or more,prim edu or less,,,,False,not comparable
Slovak Republic,SVK,2021,High income,High income,education,Secondary education or more − primary or less,secondary edu or more,prim edu or less,,,,False,not comparable
Slovenia,SVN,2021,High income,High income,education,Secondary education or more − primary or less,secondary edu or more,prim edu or less,,,,False,not comparable
South Africa,ZAF,2021,Sub-Saharan Africa (excluding high income),Upper middle income,education,Secondary education or more − primary or less,secondary edu or more,prim edu or less,60.6746760137267,31.8909017445619,28.7837742691648,True,first group higher
South Sudan,SSD,2021,Sub-Saharan Africa (excluding high income),Low income,education,Secondary education or more − primary or less,secondary edu or more,prim edu or less,,,,False,not comparable
Spain,ESP,2021,High income,High income,education,Secondary education or more − primary or less,secondary edu or more,prim edu or less,,,,False,not comparable
Sri Lanka,LKA,2021,South Asia (excluding high income),Lower middle income,education,Secondary education or more − primary or less,secondary edu or more,prim edu or less,21.7710991222792,5.53872824556046,16.23237087671874,True,first group higher
Sweden,SWE,2021,High income,High income,education,Secondary education or more − primary or less,secondary edu or more,prim edu or less,,,,False,not comparable
Switzerland,CHE,2021,High income,High income,education,Secondary education or more − primary or less,secondary edu or more,prim edu or less,,,,False,not comparable
"Taiwan, China",TWN,2021,High income,High income,education,Secondary education or more − primary or less,secondary edu or more,prim edu or less,,,,False,not comparable
Tajikistan,TJK,2021,Europe & Central Asia (excluding high income),Lower middle income,education,Secondary education or more − primary or less,secondary edu or more,prim edu or less,,,,False,not comparable
Tanzania,TZA,2021,Sub-Saharan Africa (excluding high income),Lower middle income,education,Secondary education or more − primary or less,secondary edu or more,prim edu or less,,,,False,not comparable
Thailand,THA,2021,East Asia & Pacific (excluding high income),Upper middle income,education,Secondary education or more − primary or less,secondary edu or more,prim edu or less,73.1861531936754,50.4131856895941,22.772967504081294,True,first group higher
Togo,TGO,2021,Sub-Saharan Africa (excluding high income),Low income,education,Secondary education or more − primary or less,secondary edu or more,prim edu or less,,,,False,not comparable
Tunisia,TUN,2021,Middle East & North Africa (excluding high income),Lower middle income,education,Secondary education or more − primary or less,secondary edu or more,prim edu or less,,,,False,not comparable
Turkiye,TUR,2021,Europe & Central Asia (excluding high income),Upper middle income,education,Secondary education or more − primary or less,secondary edu or more,prim edu or less,58.196814546992805,21.4503994257656,36.7464151212272,True,first group higher
Uganda,UGA,2021,Sub-Saharan Africa (excluding high income),Low income,education,Secondary education or more − primary or less,secondary edu or more,prim edu or less,13.5502088375035,6.78240854725687,6.7678002902466305,True,first group higher
Ukraine,UKR,2021,Europe & Central Asia (excluding high income),Lower middle income,education,Secondary education or more − primary or less,secondary edu or more,prim edu or less,59.6603032954903,28.7844633740971,30.8758399213932,True,first group higher
United Arab Emirates,ARE,2021,High income,High income,education,Secondary education or more − primary or less,secondary edu or more,prim edu or less,,,,False,not comparable
United Kingdom,GBR,2021,High income,High income,education,Secondary education or more − primary or less,secondary edu or more,prim edu or less,,,,False,not comparable
United States,USA,2021,High income,High income,education,Secondary education or more − primary or less,secondary edu or more,prim edu or less,,,,False,not comparable
Uruguay,URY,2021,High income,High income,education,Secondary education or more − primary or less,secondary edu or more,prim edu or less,,,,False,not comparable
Uzbekistan,UZB,2021,Europe & Central Asia (excluding high income),Lower middle income,education,Secondary education or more − primary or less,secondary edu or more,prim edu or less,38.25487808547,18.677073081017,19.577805004452998,True,first group higher
"Venezuela, RB",VEN,2021,Latin America & Caribbean (excluding high income),Upper middle income,education,Secondary education or more − primary or less,secondary edu or more,prim edu or less,70.0223039743461,59.0170038275753,11.0053001467708,True,first group higher
West Bank and Gaza,PSE,2021,Middle East & North Africa (excluding high income),Lower middle income,education,Secondary education or more − primary or less,secondary edu or more,prim edu or less,,,,False,not comparable
Zambia,ZMB,2021,Sub-Saharan Africa (excluding high income),Low income,education,Secondary education or more − primary or less,secondary edu or more,prim edu or less,,,,False,not comparable
Zimbabwe,ZWE,2021,Sub-Saharan Africa (excluding high income),Lower middle income,education,Secondary education or more − primary or less,secondary edu or more,prim edu or less,55.8633972490904,34.7049328245425,21.158464424547894,True,first group higher
Albania,ALB,2024,Europe & Central Asia (excluding high income),Upper middle income,education,Secondary education or more − primary or less,secondary edu or more,prim edu or less,18.4467217818429,2.0643436270063003,16.3823781548366,True,first group higher
Algeria,DZA,2024,Middle East & North Africa (excluding high income),Lower middle income,education,Secondary education or more − primary or less,secondary edu or more,prim edu or less,,,,False,not comparable
Argentina,ARG,2024,Latin America & Caribbean (excluding high income),Upper middle income,education,Secondary education or more − primary or less,secondary edu or more,prim edu or less,70.38725669444989,30.2567446294036,40.13051206504629,True,first group higher
Armenia,ARM,2024,Europe & Central Asia (excluding high income),Upper middle income,education,Secondary education or more − primary or less,secondary edu or more,prim edu or less,35.9047540199541,12.0505315789135,23.854222441040598,True,first group higher
Australia,AUS,2024,High income,High income,education,Secondary education or more − primary or less,secondary edu or more,prim edu or less,,,,False,not comparable
Austria,AUT,2024,High income,High income,education,Secondary education or more − primary or less,secondary edu or more,prim edu or less,,,,False,not comparable
Azerbaijan,AZE,2024,Europe & Central Asia (excluding high income),Upper middle income,education,Secondary education or more − primary or less,secondary edu or more,prim edu or less,37.2838012862359,12.771714545766798,24.5120867404691,True,first group higher
Bahrain,BHR,2024,High income,High income,education,Secondary education or more − primary or less,secondary edu or more,prim edu or less,,,,False,not comparable
Bangladesh,BGD,2024,South Asia (excluding high income),Lower middle income,education,Secondary education or more − primary or less,secondary edu or more,prim edu or less,,,,False,not comparable
Belgium,BEL,2024,High income,High income,education,Secondary education or more − primary or less,secondary edu or more,prim edu or less,,,,False,not comparable
Belize,BLZ,2024,Latin America & Caribbean (excluding high income),Upper middle income,education,Secondary education or more − primary or less,secondary edu or more,prim edu or less,35.1772761320591,12.1874727054968,22.989803426562297,True,first group higher
Benin,BEN,2024,Sub-Saharan Africa (excluding high income),Lower middle income,education,Secondary education or more − primary or less,secondary edu or more,prim edu or less,,,,False,not comparable
Bolivia,BOL,2024,Latin America & Caribbean (excluding high income),Lower middle income,education,Secondary education or more − primary or less,secondary edu or more,prim edu or less,29.156264993742,1.5700669906145,27.5861980031275,True,first group higher
Bosnia and Herzegovina,BIH,2024,Europe & Central Asia (excluding high income),Upper middle income,education,Secondary education or more − primary or less,secondary edu or more,prim edu or less,46.1142253,5.86143374871909,40.25279155128091,True,first group higher
Botswana,BWA,2024,Sub-Saharan Africa (excluding high income),Upper middle income,education,Secondary education or more − primary or less,secondary edu or more,prim edu or less,30.412098780861204,15.633939945284,14.778158835577203,True,first group higher
Brazil,BRA,2024,Latin America & Caribbean (excluding high income),Upper middle income,education,Secondary education or more − primary or less,secondary edu or more,prim edu or less,75.9964977803822,28.932047596818,47.064450183564205,True,first group higher
Bulgaria,BGR,2024,Europe & Central Asia (excluding high income),Upper middle income,education,Secondary education or more − primary or less,secondary edu or more,prim edu or less,66.6837290549937,8.48067816381331,58.203050891180396,True,first group higher
Burkina Faso,BFA,2024,Sub-Saharan Africa (excluding high income),Low income,education,Secondary education or more − primary or less,secondary edu or more,prim edu or less,31.795593704047494,6.711044641497111,25.084549062550384,True,first group higher
Cambodia,KHM,2024,East Asia & Pacific (excluding high income),Lower middle income,education,Secondary education or more − primary or less,secondary edu or more,prim edu or less,48.5962087818376,13.1552654344843,35.440943347353304,True,first group higher
Cameroon,CMR,2024,Sub-Saharan Africa (excluding high income),Lower middle income,education,Secondary education or more − primary or less,secondary edu or more,prim edu or less,29.6232094900927,11.1570991733117,18.466110316781002,True,first group higher
Canada,CAN,2024,High income,High income,education,Secondary education or more − primary or less,secondary edu or more,prim edu or less,,,,False,not comparable
Chad,TCD,2024,Sub-Saharan Africa (excluding high income),Low income,education,Secondary education or more − primary or less,secondary edu or more,prim edu or less,,,,False,not comparable
Chile,CHL,2024,High income,High income,education,Secondary education or more − primary or less,secondary edu or more,prim edu or less,,,,False,not comparable
China,CHN,2024,East Asia & Pacific (excluding high income),Upper middle income,education,Secondary education or more − primary or less,secondary edu or more,prim edu or less,89.18376856948291,70.1989308245768,18.984837744906102,True,first group higher
Colombia,COL,2024,Latin America & Caribbean (excluding high income),Upper middle income,education,Secondary education or more − primary or less,secondary edu or more,prim edu or less,33.0688978982607,6.645615370987561,26.42328252727314,True,first group higher
Comoros,COM,2024,Sub-Saharan Africa (excluding high income),Lower middle income,education,Secondary education or more − primary or less,secondary edu or more,prim edu or less,,,,False,not comparable
"Congo, Dem. Rep.",COD,2024,Sub-Saharan Africa (excluding high income),Low income,education,Secondary education or more − primary or less,secondary edu or more,prim edu or less,,,,False,not comparable
"Congo, Rep.",COG,2024,Sub-Saharan Africa (excluding high income),Lower middle income,education,Secondary education or more − primary or less,secondary edu or more,prim edu or less,,,,False,not comparable
Costa Rica,CRI,2024,Latin America & Caribbean (excluding high income),Upper middle income,education,Secondary education or more − primary or less,secondary edu or more,prim edu or less,62.8358376944506,18.3984882972904,44.437349397160204,True,first group higher
Cote d'Ivoire,CIV,2024,Sub-Saharan Africa (excluding high income),Lower middle income,education,Secondary education or more − primary or less,secondary edu or more,prim edu or less,,,,False,not comparable
Croatia,HRV,2024,High income,High income,education,Secondary education or more − primary or less,secondary edu or more,prim edu or less,77.5877181404919,16.957883637450898,60.629834503041,True,first group higher
Cyprus,CYP,2024,High income,High income,education,Secondary education or more − primary or less,secondary edu or more,prim edu or less,,,,False,not comparable
Czechia,CZE,2024,High income,High income,education,Secondary education or more − primary or less,secondary edu or more,prim edu or less,,,,False,not comparable
Denmark,DNK,2024,High income,High income,education,Secondary education or more − primary or less,secondary edu or more,prim edu or less,,,,False,not comparable
Dominican Republic,DOM,2024,Latin America & Caribbean (excluding high income),Upper middle income,education,Secondary education or more − primary or less,secondary edu or more,prim edu or less,38.4422592412839,8.98757325094797,29.454685990335932,True,first group higher
Ecuador,ECU,2024,Latin America & Caribbean (excluding high income),Upper middle income,education,Secondary education or more − primary or less,secondary edu or more,prim edu or less,28.6058192946146,5.77640374261547,22.829415551999134,True,first group higher
"Egypt, Arab Rep.",EGY,2024,Middle East & North Africa (excluding high income),Lower middle income,education,Secondary education or more − primary or less,secondary edu or more,prim edu or less,,,,False,not comparable
El Salvador,SLV,2024,Latin America & Caribbean (excluding high income),Lower middle income,education,Secondary education or more − primary or less,secondary edu or more,prim edu or less,,,,False,not comparable
Estonia,EST,2024,High income,High income,education,Secondary education or more − primary or less,secondary edu or more,prim edu or less,,,,False,not comparable
Eswatini,SWZ,2024,Sub-Saharan Africa (excluding high income),Lower middle income,education,Secondary education or more − primary or less,secondary edu or more,prim edu or less,23.9548336532532,11.4462611220615,12.5085725311917,True,first group higher
Ethiopia,ETH,2024,Sub-Saharan Africa (excluding high income),Low income,education,Secondary education or more − primary or less,secondary edu or more,prim edu or less,,,,False,not comparable
Finland,FIN,2024,High income,High income,education,Secondary education or more − primary or less,secondary edu or more,prim edu or less,,,,False,not comparable
France,FRA,2024,High income,High income,education,Secondary education or more − primary or less,secondary edu or more,prim edu or less,,,,False,not comparable
Gabon,GAB,2024,Sub-Saharan Africa (excluding high income),Upper middle income,education,Secondary education or more − primary or less,secondary edu or more,prim edu or less,31.4321395316679,7.926283329125799,23.505856202542102,True,first group higher
"Gambia, The",GMB,2024,Sub-Saharan Africa (excluding high income),Low income,education,Secondary education or more − primary or less,secondary edu or more,prim edu or less,,,,False,not comparable
Georgia,GEO,2024,Europe & Central Asia (excluding high income),Upper middle income,education,Secondary education or more − primary or less,secondary edu or more,prim edu or less,50.8677783214406,21.4467660056812,29.421012315759402,True,first group higher
Germany,DEU,2024,High income,High income,education,Secondary education or more − primary or less,secondary edu or more,prim edu or less,,,,False,not comparable
Ghana,GHA,2024,Sub-Saharan Africa (excluding high income),Lower middle income,education,Secondary education or more − primary or less,secondary edu or more,prim edu or less,38.2761677242597,9.57449062928253,28.70167709497717,True,first group higher
Greece,GRC,2024,High income,High income,education,Secondary education or more − primary or less,secondary edu or more,prim edu or less,,,,False,not comparable
Guatemala,GTM,2024,Latin America & Caribbean (excluding high income),Upper middle income,education,Secondary education or more − primary or less,secondary edu or more,prim edu or less,,,,False,not comparable
Guinea,GIN,2024,Sub-Saharan Africa (excluding high income),Low income,education,Secondary education or more − primary or less,secondary edu or more,prim edu or less,,,,False,not comparable
Honduras,HND,2024,Latin America & Caribbean (excluding high income),Lower middle income,education,Secondary education or more − primary or less,secondary edu or more,prim edu or less,,,,False,not comparable
"Hong Kong SAR, China",HKG,2024,High income,High income,education,Secondary education or more − primary or less,secondary edu or more,prim edu or less,,,,False,not comparable
Hungary,HUN,2024,High income,High income,education,Secondary education or more − primary or less,secondary edu or more,prim edu or less,,,,False,not comparable
Iceland,ISL,2024,High income,High income,education,Secondary education or more − primary or less,secondary edu or more,prim edu or less,,,,False,not comparable
India,IND,2024,South Asia (excluding high income),Lower middle income,education,Secondary education or more − primary or less,secondary edu or more,prim edu or less,40.573736910454,7.74996581737771,32.82377109307629,True,first group higher
Indonesia,IDN,2024,East Asia & Pacific (excluding high income),Lower middle income,education,Secondary education or more − primary or less,secondary edu or more,prim edu or less,20.0842035977527,3.4582341817413904,16.625969416011312,True,first group higher
"Iran, Islamic Rep.",IRN,2024,Middle East & North Africa (excluding high income),Lower middle income,education,Secondary education or more − primary or less,secondary edu or more,prim edu or less,86.3323670923106,59.7832056885406,26.549161403770007,True,first group higher
Iraq,IRQ,2024,Middle East & North Africa (excluding high income),Upper middle income,education,Secondary education or more − primary or less,secondary edu or more,prim edu or less,19.8606148259327,2.62024213500716,17.24037269092554,True,first group higher
Ireland,IRL,2024,High income,High income,education,Secondary education or more − primary or less,secondary edu or more,prim edu or less,,,,False,not comparable
Israel,ISR,2024,High income,High income,education,Secondary education or more − primary or less,secondary edu or more,prim edu or less,,,,False,not comparable
Italy,ITA,2024,High income,High income,education,Secondary education or more − primary or less,secondary edu or more,prim edu or less,,,,False,not comparable
Japan,JPN,2024,High income,High income,education,Secondary education or more − primary or less,secondary edu or more,prim edu or less,,,,False,not comparable
Jordan,JOR,2024,Middle East & North Africa (excluding high income),Upper middle income,education,Secondary education or more − primary or less,secondary edu or more,prim edu or less,15.1403991798222,3.0054687564073803,12.13493042341482,True,first group higher
Kazakhstan,KAZ,2024,Europe & Central Asia (excluding high income),Upper middle income,education,Secondary education or more − primary or less,secondary edu or more,prim edu or less,75.1409590374675,34.5200122614758,40.6209467759917,True,first group higher
Kenya,KEN,2024,Sub-Saharan Africa (excluding high income),Lower middle income,education,Secondary education or more − primary or less,secondary edu or more,prim edu or less,63.0613229803623,40.9817386351133,22.079584345248996,True,first group higher
"Korea, Rep.",KOR,2024,High income,High income,education,Secondary education or more − primary or less,secondary edu or more,prim edu or less,,,,False,not comparable
Kosovo,XKX,2024,Europe & Central Asia (excluding high income),Upper middle income,education,Secondary education or more − primary or less,secondary edu or more,prim edu or less,,,,False,not comparable
Kuwait,KWT,2024,High income,High income,education,Secondary education or more − primary or less,secondary edu or more,prim edu or less,,,,False,not comparable
Kyrgyz Republic,KGZ,2024,Europe & Central Asia (excluding high income),Lower middle income,education,Secondary education or more − primary or less,secondary edu or more,prim edu or less,45.9610537549924,27.9975325878337,17.9635211671587,True,first group higher
Lao PDR,LAO,2024,East Asia & Pacific (excluding high income),Lower middle income,education,Secondary education or more − primary or less,secondary edu or more,prim edu or less,47.589019620109,10.6165420711796,36.9724775489294,True,first group higher
Latvia,LVA,2024,High income,High income,education,Secondary education or more − primary or less,secondary edu or more,prim edu or less,,,,False,not comparable
Lebanon,LBN,2024,Middle East & North Africa (excluding high income),Lower middle income,education,Secondary education or more − primary or less,secondary edu or more,prim edu or less,,,,False,not comparable
Lesotho,LSO,2024,Sub-Saharan Africa (excluding high income),Lower middle income,education,Secondary education or more − primary or less,secondary edu or more,prim edu or less,19.2973219515034,11.5522981491917,7.7450238023116995,True,first group higher
Liberia,LBR,2024,Sub-Saharan Africa (excluding high income),Low income,education,Secondary education or more − primary or less,secondary edu or more,prim edu or less,,,,False,not comparable
Libya,LBY,2024,Middle East & North Africa (excluding high income),Upper middle income,education,Secondary education or more − primary or less,secondary edu or more,prim edu or less,16.2532119256973,8.22758145638044,8.02563046931686,True,first group higher
Lithuania,LTU,2024,High income,High income,education,Secondary education or more − primary or less,secondary edu or more,prim edu or less,,,,False,not comparable
Madagascar,MDG,2024,Sub-Saharan Africa (excluding high income),Low income,education,Secondary education or more − primary or less,secondary edu or more,prim edu or less,,,,False,not comparable
Malawi,MWI,2024,Sub-Saharan Africa (excluding high income),Low income,education,Secondary education or more − primary or less,secondary edu or more,prim edu or less,21.4384101065724,6.83082423119641,14.607585875375992,True,first group higher
Malaysia,MYS,2024,East Asia & Pacific (excluding high income),Upper middle income,education,Secondary education or more − primary or less,secondary edu or more,prim edu or less,62.6133316201842,12.3346045989438,50.2787270212404,True,first group higher
Mali,MLI,2024,Sub-Saharan Africa (excluding high income),Low income,education,Secondary education or more − primary or less,secondary edu or more,prim edu or less,30.070727209416997,5.1389002144852505,24.931826994931747,True,first group higher
Malta,MLT,2024,High income,High income,education,Secondary education or more − primary or less,secondary edu or more,prim edu or less,,,,False,not comparable
Mauritania,MRT,2024,Sub-Saharan Africa (excluding high income),Lower middle income,education,Secondary education or more − primary or less,secondary edu or more,prim edu or less,21.7399097524853,8.93828530379137,12.80162444869393,True,first group higher
Mauritius,MUS,2024,Sub-Saharan Africa (excluding high income),Upper middle income,education,Secondary education or more − primary or less,secondary edu or more,prim edu or less,66.8547636956645,25.3905314632427,41.46423223242181,True,first group higher
Mexico,MEX,2024,Latin America & Caribbean (excluding high income),Upper middle income,education,Secondary education or more − primary or less,secondary edu or more,prim edu or less,34.7386728194911,5.66741324111906,29.07125957837204,True,first group higher
Moldova,MDA,2024,Europe & Central Asia (excluding high income),Upper middle income,education,Secondary education or more − primary or less,secondary edu or more,prim edu or less,39.0363968534147,25.204248696798498,13.832148156616203,True,first group higher
Mongolia,MNG,2024,East Asia & Pacific (excluding high income),Lower middle income,education,Secondary education or more − primary or less,secondary edu or more,prim edu or less,97.27795631094372,88.9712875590437,8.30666875190002,True,first group higher
Montenegro,MNE,2024,Europe & Central Asia (excluding high income),Upper middle income,education,Secondary education or more − primary or less,secondary edu or more,prim edu or less,50.017328774217695,2.41520271354322,47.60212606067448,True,first group higher
Morocco,MAR,2024,Middle East & North Africa (excluding high income),Lower middle income,education,Secondary education or more − primary or less,secondary edu or more,prim edu or less,,,,False,not comparable
Mozambique,MOZ,2024,Sub-Saharan Africa (excluding high income),Low income,education,Secondary education or more − primary or less,secondary edu or more,prim edu or less,40.088526671969,11.4534836988453,28.6350429731237,True,first group higher
Namibia,NAM,2024,Sub-Saharan Africa (excluding high income),Upper middle income,education,Secondary education or more − primary or less,secondary edu or more,prim edu or less,45.4072443547488,27.3703242350049,18.036920119743897,True,first group higher
Nepal,NPL,2024,South Asia (excluding high income),Lower middle income,education,Secondary education or more − primary or less,secondary edu or more,prim edu or less,,,,False,not comparable
Netherlands,NLD,2024,High income,High income,education,Secondary education or more − primary or less,secondary edu or more,prim edu or less,,,,False,not comparable
New Zealand,NZL,2024,High income,High income,education,Secondary education or more − primary or less,secondary edu or more,prim edu or less,,,,False,not comparable
Nicaragua,NIC,2024,Latin America & Caribbean (excluding high income),Lower middle income,education,Secondary education or more − primary or less,secondary edu or more,prim edu or less,,,,False,not comparable
Niger,NER,2024,Sub-Saharan Africa (excluding high income),Low income,education,Secondary education or more − primary or less,secondary edu or more,prim edu or less,,,,False,not comparable
Nigeria,NGA,2024,Sub-Saharan Africa (excluding high income),Lower middle income,education,Secondary education or more − primary or less,secondary edu or more,prim edu or less,40.2784052466103,13.135766721519198,27.1426385250911,True,first group higher
North Macedonia,MKD,2024,Europe & Central Asia (excluding high income),Upper middle income,education,Secondary education or more − primary or less,secondary edu or more,prim edu or less,71.3598143421287,15.4488683660145,55.9109459761142,True,first group higher
Norway,NOR,2024,High income,High income,education,Secondary education or more − primary or less,secondary edu or more,prim edu or less,,,,False,not comparable
Oman,OMN,2024,High income,High income,education,Secondary education or more − primary or less,secondary edu or more,prim edu or less,46.1545896097938,20.620639604514,25.533950005279802,True,first group higher
Pakistan,PAK,2024,South Asia (excluding high income),Lower middle income,education,Secondary education or more − primary or less,secondary edu or more,prim edu or less,,,,False,not comparable
Panama,PAN,2024,High income,High income,education,Secondary education or more − primary or less,secondary edu or more,prim edu or less,44.2053193892244,8.616738622479241,35.58858076674516,True,first group higher
Paraguay,PRY,2024,Latin America & Caribbean (excluding high income),Upper middle income,education,Secondary education or more − primary or less,secondary edu or more,prim edu or less,37.5741497624953,8.37057113237189,29.203578630123413,True,first group higher
Peru,PER,2024,Latin America & Caribbean (excluding high income),Upper middle income,education,Secondary education or more − primary or less,secondary edu or more,prim edu or less,38.6717921152882,7.89291916753852,30.77887294774968,True,first group higher
Philippines,PHL,2024,East Asia & Pacific (excluding high income),Lower middle income,education,Secondary education or more − primary or less,secondary edu or more,prim edu or less,18.9546534732544,1.55353259846428,17.40112087479012,True,first group higher
Poland,POL,2024,High income,High income,education,Secondary education or more − primary or less,secondary edu or more,prim edu or less,85.1835318192208,37.3271004211211,47.8564313980997,True,first group higher
Portugal,PRT,2024,High income,High income,education,Secondary education or more − primary or less,secondary edu or more,prim edu or less,,,,False,not comparable
Romania,ROU,2024,High income,High income,education,Secondary education or more − primary or less,secondary edu or more,prim edu or less,59.0424365227601,20.1428074807908,38.8996290419693,True,first group higher
Russian Federation,RUS,2024,Europe & Central Asia (excluding high income),Upper middle income,education,Secondary education or more − primary or less,secondary edu or more,prim edu or less,,,,False,not comparable
Saudi Arabia,SAU,2024,High income,High income,education,Secondary education or more − primary or less,secondary edu or more,prim edu or less,65.3138369317637,34.5432271974809,30.7706097342828,True,first group higher
Senegal,SEN,2024,Sub-Saharan Africa (excluding high income),Lower middle income,education,Secondary education or more − primary or less,secondary edu or more,prim edu or less,54.790834963841895,30.1382468598704,24.652588103971496,True,first group higher
Serbia,SRB,2024,Europe & Central Asia (excluding high income),Upper middle income,education,Secondary education or more − primary or less,secondary edu or more,prim edu or less,66.8686506034916,10.9852575389615,55.883393064530104,True,first group higher
Sierra Leone,SLE,2024,Sub-Saharan Africa (excluding high income),Low income,education,Secondary education or more − primary or less,secondary edu or more,prim edu or less,,,,False,not comparable
Singapore,SGP,2024,High income,High income,education,Secondary education or more − primary or less,secondary edu or more,prim edu or less,,,,False,not comparable
Slovak Republic,SVK,2024,High income,High income,education,Secondary education or more − primary or less,secondary edu or more,prim edu or less,,,,False,not comparable
Slovenia,SVN,2024,High income,High income,education,Secondary education or more − primary or less,secondary edu or more,prim edu or less,,,,False,not comparable
South Africa,ZAF,2024,Sub-Saharan Africa (excluding high income),Upper middle income,education,Secondary education or more − primary or less,secondary edu or more,prim edu or less,54.752417002996104,18.0895951409579,36.6628218620382,True,first group higher
Spain,ESP,2024,High income,High income,education,Secondary education or more − primary or less,secondary edu or more,prim edu or less,,,,False,not comparable
Sri Lanka,LKA,2024,South Asia (excluding high income),Lower middle income,education,Secondary education or more − primary or less,secondary edu or more,prim edu or less,20.5569411278672,2.3127986086069496,18.24414251926025,True,first group higher
Sweden,SWE,2024,High income,High income,education,Secondary education or more − primary or less,secondary edu or more,prim edu or less,,,,False,not comparable
Switzerland,CHE,2024,High income,High income,education,Secondary education or more − primary or less,secondary edu or more,prim edu or less,,,,False,not comparable
"Taiwan, China",TWN,2024,High income,High income,education,Secondary education or more − primary or less,secondary edu or more,prim edu or less,,,,False,not comparable
Tajikistan,TJK,2024,Europe & Central Asia (excluding high income),Lower middle income,education,Secondary education or more − primary or less,secondary edu or more,prim edu or less,17.7501201246665,11.9839292990683,5.766190825598198,True,first group higher
Tanzania,TZA,2024,Sub-Saharan Africa (excluding high income),Lower middle income,education,Secondary education or more − primary or less,secondary edu or more,prim edu or less,,,,False,not comparable
Thailand,THA,2024,East Asia & Pacific (excluding high income),Upper middle income,education,Secondary education or more − primary or less,secondary edu or more,prim edu or less,75.9603850089275,38.7661456923192,37.194239316608304,True,first group higher
Togo,TGO,2024,Sub-Saharan Africa (excluding high income),Low income,education,Secondary education or more − primary or less,secondary edu or more,prim edu or less,19.2136474657984,10.6503389620905,8.5633085037079,True,first group higher
Trinidad and Tobago,TTO,2024,High income,High income,education,Secondary education or more − primary or less,secondary edu or more,prim edu or less,,,,False,not comparable
Tunisia,TUN,2024,Middle East & North Africa (excluding high income),Lower middle income,education,Secondary education or more − primary or less,secondary edu or more,prim edu or less,,,,False,not comparable
Turkiye,TUR,2024,Europe & Central Asia (excluding high income),Upper middle income,education,Secondary education or more − primary or less,secondary edu or more,prim edu or less,61.6004036561252,16.001654067291803,45.5987495888334,True,first group higher
Uganda,UGA,2024,Sub-Saharan Africa (excluding high income),Low income,education,Secondary education or more − primary or less,secondary edu or more,prim edu or less,14.887987699691893,8.30500934432004,6.5829783553718535,True,first group higher
Ukraine,UKR,2024,Europe & Central Asia (excluding high income),Lower middle income,education,Secondary education or more − primary or less,secondary edu or more,prim edu or less,73.507950222193,84.0104630508427,-10.5025128286497,True,second group higher
United Arab Emirates,ARE,2024,High income,High income,education,Secondary education or more − primary or less,secondary edu or more,prim edu or less,,,,False,not comparable
United Kingdom,GBR,2024,High income,High income,education,Secondary education or more − primary or less,secondary edu or more,prim edu or less,,,,False,not comparable
United States,USA,2024,High income,High income,education,Secondary education or more − primary or less,secondary edu or more,prim edu or less,,,,False,not comparable
Uruguay,URY,2024,High income,High income,education,Secondary education or more − primary or less,secondary edu or more,prim edu or less,,,,False,not comparable
Uzbekistan,UZB,2024,Europe & Central Asia (excluding high income),Lower middle income,education,Secondary education or more − primary or less,secondary edu or more,prim edu or less,41.46108806049,21.5418205202448,19.919267540245198,True,first group higher
"Venezuela, RB",VEN,2024,Latin America & Caribbean (excluding high income),Upper middle income,education,Secondary education or more − primary or less,secondary edu or more,prim edu or less,78.8237866832389,53.094222029007895,25.729564654230998,True,first group higher
Viet Nam,VNM,2024,East Asia & Pacific (excluding high income),Lower middle income,education,Secondary education or more − primary or less,secondary edu or more,prim edu or less,56.5191016716727,8.02430429207091,48.49479737960179,True,first group higher
West Bank and Gaza,PSE,2024,Middle East & North Africa (excluding high income),Lower middle income,education,Secondary education or more − primary or less,secondary edu or more,prim edu or less,,,,False,not comparable
Zambia,ZMB,2024,Sub-Saharan Africa (excluding high income),Low income,education,Secondary education or more − primary or less,secondary edu or more,prim edu or less,31.541069107868903,7.76997439026211,23.771094717606793,True,first group higher
Zimbabwe,ZWE,2024,Sub-Saharan Africa (excluding high income),Lower middle income,education,Secondary education or more − primary or less,secondary edu or more,prim edu or less,36.663852368883695,16.9801657216018,19.683686647281895,True,first group higher
Afghanistan,AFG,2021,South Asia (excluding high income),Low income,gender,Men − women,men,women,,,,False,not comparable
Albania,ALB,2021,Europe & Central Asia (excluding high income),Upper middle income,gender,Men − women,men,women,10.6943970165041,13.8292689022618,-3.1348718857577005,True,second group higher
Algeria,DZA,2021,Middle East & North Africa (excluding high income),Lower middle income,gender,Men − women,men,women,,,,False,not comparable
Argentina,ARG,2021,Latin America & Caribbean (excluding high income),Upper middle income,gender,Men − women,men,women,47.5012672875571,41.84087713839181,5.660390149165288,True,first group higher
Armenia,ARM,2021,Europe & Central Asia (excluding high income),Upper middle income,gender,Men − women,men,women,18.7141921601568,13.4050861336482,5.309106026508598,True,first group higher
Australia,AUS,2021,High income,High income,gender,Men − women,men,women,,,,False,not comparable
Austria,AUT,2021,High income,High income,gender,Men − women,men,women,,,,False,not comparable
Bangladesh,BGD,2021,South Asia (excluding high income),Lower middle income,gender,Men − women,men,women,,,,False,not comparable
Belgium,BEL,2021,High income,High income,gender,Men − women,men,women,,,,False,not comparable
Benin,BEN,2021,Sub-Saharan Africa (excluding high income),Lower middle income,gender,Men − women,men,women,,,,False,not comparable
Bolivia,BOL,2021,Latin America & Caribbean (excluding high income),Lower middle income,gender,Men − women,men,women,17.7156131031079,12.2914565264962,5.424156576611699,True,first group higher
Bosnia and Herzegovina,BIH,2021,Europe & Central Asia (excluding high income),Upper middle income,gender,Men − women,men,women,44.5023590565004,31.1606789944402,13.341680062060203,True,first group higher
Brazil,BRA,2021,Latin America & Caribbean (excluding high income),Upper middle income,gender,Men − women,men,women,62.456416996100096,41.84966549291981,20.606751503180284,True,first group higher
Bulgaria,BGR,2021,Europe & Central Asia (excluding high income),Upper middle income,gender,Men − women,men,women,50.33606978761619,48.009965339946895,2.3261044476692945,True,first group higher
Burkina Faso,BFA,2021,Sub-Saharan Africa (excluding high income),Low income,gender,Men − women,men,women,,,,False,not comparable
Cambodia,KHM,2021,East Asia & Pacific (excluding high income),Lower middle income,gender,Men − women,men,women,,,,False,not comparable
Cameroon,CMR,2021,Sub-Saharan Africa (excluding high income),Lower middle income,gender,Men − women,men,women,,,,False,not comparable
Canada,CAN,2021,High income,High income,gender,Men − women,men,women,,,,False,not comparable
Chile,CHL,2021,High income,High income,gender,Men − women,men,women,,,,False,not comparable
China,CHN,2021,East Asia & Pacific (excluding high income),Upper middle income,gender,Men − women,men,women,80.42060868937601,82.7951663659689,-2.374557676592886,True,second group higher
Colombia,COL,2021,Latin America & Caribbean (excluding high income),Upper middle income,gender,Men − women,men,women,23.8027046977372,17.2623342495761,6.540370448161102,True,first group higher
"Congo, Rep.",COG,2021,Sub-Saharan Africa (excluding high income),Lower middle income,gender,Men − women,men,women,,,,False,not comparable
Costa Rica,CRI,2021,Latin America & Caribbean (excluding high income),Upper middle income,gender,Men − women,men,women,46.2543968539993,31.8265880622665,14.427808791732804,True,first group higher
Cote d'Ivoire,CIV,2021,Sub-Saharan Africa (excluding high income),Lower middle income,gender,Men − women,men,women,,,,False,not comparable
Croatia,HRV,2021,High income,High income,gender,Men − women,men,women,,,,False,not comparable
Cyprus,CYP,2021,High income,High income,gender,Men − women,men,women,,,,False,not comparable
Czechia,CZE,2021,High income,High income,gender,Men − women,men,women,,,,False,not comparable
Denmark,DNK,2021,High income,High income,gender,Men − women,men,women,,,,False,not comparable
Dominican Republic,DOM,2021,Latin America & Caribbean (excluding high income),Upper middle income,gender,Men − women,men,women,15.446167610171,11.0189087692876,4.4272588408834,True,first group higher
Ecuador,ECU,2021,Latin America & Caribbean (excluding high income),Upper middle income,gender,Men − women,men,women,22.6173395985235,9.31809406454796,13.29924553397554,True,first group higher
"Egypt, Arab Rep.",EGY,2021,Middle East & North Africa (excluding high income),Lower middle income,gender,Men − women,men,women,,,,False,not comparable
El Salvador,SLV,2021,Latin America & Caribbean (excluding high income),Lower middle income,gender,Men − women,men,women,,,,False,not comparable
Estonia,EST,2021,High income,High income,gender,Men − women,men,women,,,,False,not comparable
Finland,FIN,2021,High income,High income,gender,Men − women,men,women,,,,False,not comparable
France,FRA,2021,High income,High income,gender,Men − women,men,women,,,,False,not comparable
Gabon,GAB,2021,Sub-Saharan Africa (excluding high income),Upper middle income,gender,Men − women,men,women,20.5150720717692,15.1293530247853,5.385719046983901,True,first group higher
Georgia,GEO,2021,Europe & Central Asia (excluding high income),Upper middle income,gender,Men − women,men,women,31.1938774425553,30.9941086565248,0.19976878603049997,True,first group higher
Germany,DEU,2021,High income,High income,gender,Men − women,men,women,,,,False,not comparable
Ghana,GHA,2021,Sub-Saharan Africa (excluding high income),Lower middle income,gender,Men − women,men,women,20.8371554957881,9.19753302598245,11.63962246980565,True,first group higher
Greece,GRC,2021,High income,High income,gender,Men − women,men,women,,,,False,not comparable
Guinea,GIN,2021,Sub-Saharan Africa (excluding high income),Low income,gender,Men − women,men,women,,,,False,not comparable
Honduras,HND,2021,Latin America & Caribbean (excluding high income),Lower middle income,gender,Men − women,men,women,,,,False,not comparable
"Hong Kong SAR, China",HKG,2021,High income,High income,gender,Men − women,men,women,,,,False,not comparable
Hungary,HUN,2021,High income,High income,gender,Men − women,men,women,,,,False,not comparable
Iceland,ISL,2021,High income,High income,gender,Men − women,men,women,,,,False,not comparable
India,IND,2021,South Asia (excluding high income),Lower middle income,gender,Men − women,men,women,17.7112057092545,5.6814753651946095,12.02973034405989,True,first group higher
Indonesia,IDN,2021,East Asia & Pacific (excluding high income),Lower middle income,gender,Men − women,men,women,12.2952944129901,13.585445485363302,-1.2901510723732024,True,second group higher
"Iran, Islamic Rep.",IRN,2021,Middle East & North Africa (excluding high income),Lower middle income,gender,Men − women,men,women,17.6795655134241,11.0196747758674,6.659890737556701,True,first group higher
Iraq,IRQ,2021,Middle East & North Africa (excluding high income),Upper middle income,gender,Men − women,men,women,,,,False,not comparable
Ireland,IRL,2021,High income,High income,gender,Men − women,men,women,,,,False,not comparable
Israel,ISR,2021,High income,High income,gender,Men − women,men,women,,,,False,not comparable
Italy,ITA,2021,High income,High income,gender,Men − women,men,women,,,,False,not comparable
Jamaica,JAM,2021,Latin America & Caribbean (excluding high income),Upper middle income,gender,Men − women,men,women,26.663851453606203,23.102349186039,3.561502267567203,True,first group higher
Japan,JPN,2021,High income,High income,gender,Men − women,men,women,,,,False,not comparable
Jordan,JOR,2021,Middle East & North Africa (excluding high income),Upper middle income,gender,Men − women,men,women,15.463217827841,7.91278249193475,7.55043533590625,True,first group higher
Kazakhstan,KAZ,2021,Europe & Central Asia (excluding high income),Upper middle income,gender,Men − women,men,women,53.7386980967805,60.415935137535705,-6.677237040755202,True,second group higher
Kenya,KEN,2021,Sub-Saharan Africa (excluding high income),Lower middle income,gender,Men − women,men,women,44.492783389911,29.5373828490057,14.955400540905298,True,first group higher
"Korea, Rep.",KOR,2021,High income,High income,gender,Men − women,men,women,,,,False,not comparable
Kosovo,XKX,2021,Europe & Central Asia (excluding high income),Upper middle income,gender,Men − women,men,women,26.911238161580695,17.1935725889819,9.717665572598793,True,first group higher
Kyrgyz Republic,KGZ,2021,Europe & Central Asia (excluding high income),Lower middle income,gender,Men − women,men,women,10.6402334692873,12.0471574066068,-1.4069239373194993,True,second group higher
Lao PDR,LAO,2021,East Asia & Pacific (excluding high income),Lower middle income,gender,Men − women,men,women,,,,False,not comparable
Latvia,LVA,2021,High income,High income,gender,Men − women,men,women,,,,False,not comparable
Lebanon,LBN,2021,Middle East & North Africa (excluding high income),Lower middle income,gender,Men − women,men,women,,,,False,not comparable
Liberia,LBR,2021,Sub-Saharan Africa (excluding high income),Low income,gender,Men − women,men,women,,,,False,not comparable
Lithuania,LTU,2021,High income,High income,gender,Men − women,men,women,,,,False,not comparable
Malawi,MWI,2021,Sub-Saharan Africa (excluding high income),Low income,gender,Men − women,men,women,,,,False,not comparable
Malaysia,MYS,2021,East Asia & Pacific (excluding high income),Upper middle income,gender,Men − women,men,women,51.1219772658309,49.495150588460504,1.6268266773703957,True,first group higher
Mali,MLI,2021,Sub-Saharan Africa (excluding high income),Low income,gender,Men − women,men,women,10.7533415935583,11.3287243490186,-0.5753827554602999,True,second group higher
Malta,MLT,2021,High income,High income,gender,Men − women,men,women,,,,False,not comparable
Mauritius,MUS,2021,Sub-Saharan Africa (excluding high income),Upper middle income,gender,Men − women,men,women,53.472022491834906,44.971183786227,8.500838705607904,True,first group higher
Moldova,MDA,2021,Europe & Central Asia (excluding high income),Upper middle income,gender,Men − women,men,women,39.0849672080811,36.6820378695694,2.4029293385117043,True,first group higher
Mongolia,MNG,2021,East Asia & Pacific (excluding high income),Lower middle income,gender,Men − women,men,women,82.2660253977012,89.5580728876638,-7.292047489962599,True,second group higher
Morocco,MAR,2021,Middle East & North Africa (excluding high income),Lower middle income,gender,Men − women,men,women,,,,False,not comparable
Mozambique,MOZ,2021,Sub-Saharan Africa (excluding high income),Low income,gender,Men − women,men,women,17.4501860704149,8.915264955929821,8.53492111448508,True,first group higher
Myanmar,MMR,2021,East Asia & Pacific (excluding high income),Lower middle income,gender,Men − women,men,women,14.5114538812448,17.921372095889197,-3.4099182146443976,True,second group higher
Namibia,NAM,2021,Sub-Saharan Africa (excluding high income),Upper middle income,gender,Men − women,men,women,35.6305030090605,28.337252043796603,7.293250965263894,True,first group higher
Nepal,NPL,2021,South Asia (excluding high income),Lower middle income,gender,Men − women,men,women,,,,False,not comparable
Netherlands,NLD,2021,High income,High income,gender,Men − women,men,women,,,,False,not comparable
New Zealand,NZL,2021,High income,High income,gender,Men − women,men,women,,,,False,not comparable
Nicaragua,NIC,2021,Latin America & Caribbean (excluding high income),Lower middle income,gender,Men − women,men,women,,,,False,not comparable
Nigeria,NGA,2021,Sub-Saharan Africa (excluding high income),Lower middle income,gender,Men − women,men,women,,,,False,not comparable
North Macedonia,MKD,2021,Europe & Central Asia (excluding high income),Upper middle income,gender,Men − women,men,women,45.286511151727,44.376907486011305,0.909603665715693,True,first group higher
Norway,NOR,2021,High income,High income,gender,Men − women,men,women,,,,False,not comparable
Pakistan,PAK,2021,South Asia (excluding high income),Lower middle income,gender,Men − women,men,women,,,,False,not comparable
Panama,PAN,2021,High income,High income,gender,Men − women,men,women,,,,False,not comparable
Paraguay,PRY,2021,Latin America & Caribbean (excluding high income),Upper middle income,gender,Men − women,men,women,,,,False,not comparable
Peru,PER,2021,Latin America & Caribbean (excluding high income),Upper middle income,gender,Men − women,men,women,26.2290114794631,17.730211678776,8.498799800687099,True,first group higher
Philippines,PHL,2021,East Asia & Pacific (excluding high income),Lower middle income,gender,Men − women,men,women,23.6128076378316,13.6769924143461,9.9358152234855,True,first group higher
Poland,POL,2021,High income,High income,gender,Men − women,men,women,,,,False,not comparable
Portugal,PRT,2021,High income,High income,gender,Men − women,men,women,,,,False,not comparable
Romania,ROU,2021,High income,High income,gender,Men − women,men,women,,,,False,not comparable
Russian Federation,RUS,2021,Europe & Central Asia (excluding high income),Upper middle income,gender,Men − women,men,women,73.34133294389919,69.0954896952244,4.245843248674788,True,first group higher
Saudi Arabia,SAU,2021,High income,High income,gender,Men − women,men,women,,,,False,not comparable
Senegal,SEN,2021,Sub-Saharan Africa (excluding high income),Lower middle income,gender,Men − women,men,women,13.3245655852191,10.0631851970582,3.2613803881609,True,first group higher
Serbia,SRB,2021,Europe & Central Asia (excluding high income),Upper middle income,gender,Men − women,men,women,51.9987943184354,38.9990055936973,12.999788724738103,True,first group higher
Sierra Leone,SLE,2021,Sub-Saharan Africa (excluding high income),Low income,gender,Men − women,men,women,,,,False,not comparable
Singapore,SGP,2021,High income,High income,gender,Men − women,men,women,,,,False,not comparable
Slovak Republic,SVK,2021,High income,High income,gender,Men − women,men,women,,,,False,not comparable
Slovenia,SVN,2021,High income,High income,gender,Men − women,men,women,,,,False,not comparable
South Africa,ZAF,2021,Sub-Saharan Africa (excluding high income),Upper middle income,gender,Men − women,men,women,56.3859321578628,51.79225082646221,4.593681331400589,True,first group higher
South Sudan,SSD,2021,Sub-Saharan Africa (excluding high income),Low income,gender,Men − women,men,women,,,,False,not comparable
Spain,ESP,2021,High income,High income,gender,Men − women,men,women,,,,False,not comparable
Sri Lanka,LKA,2021,South Asia (excluding high income),Lower middle income,gender,Men − women,men,women,22.8347312862101,13.6847012846322,9.150030001577901,True,first group higher
Sweden,SWE,2021,High income,High income,gender,Men − women,men,women,,,,False,not comparable
Switzerland,CHE,2021,High income,High income,gender,Men − women,men,women,,,,False,not comparable
"Taiwan, China",TWN,2021,High income,High income,gender,Men − women,men,women,,,,False,not comparable
Tajikistan,TJK,2021,Europe & Central Asia (excluding high income),Lower middle income,gender,Men − women,men,women,,,,False,not comparable
Tanzania,TZA,2021,Sub-Saharan Africa (excluding high income),Lower middle income,gender,Men − women,men,women,,,,False,not comparable
Thailand,THA,2021,East Asia & Pacific (excluding high income),Upper middle income,gender,Men − women,men,women,63.3094956789074,63.2308464055566,0.07864927335080552,True,first group higher
Togo,TGO,2021,Sub-Saharan Africa (excluding high income),Low income,gender,Men − women,men,women,,,,False,not comparable
Tunisia,TUN,2021,Middle East & North Africa (excluding high income),Lower middle income,gender,Men − women,men,women,,,,False,not comparable
Turkiye,TUR,2021,Europe & Central Asia (excluding high income),Upper middle income,gender,Men − women,men,women,56.9676799332002,32.2544768975972,24.713203035603,True,first group higher
Uganda,UGA,2021,Sub-Saharan Africa (excluding high income),Low income,gender,Men − women,men,women,12.142453177927,8.74581140400541,3.3966417739215906,True,first group higher
Ukraine,UKR,2021,Europe & Central Asia (excluding high income),Lower middle income,gender,Men − women,men,women,63.7249044154784,54.2802073352426,9.444697080235798,True,first group higher
United Arab Emirates,ARE,2021,High income,High income,gender,Men − women,men,women,,,,False,not comparable
United Kingdom,GBR,2021,High income,High income,gender,Men − women,men,women,,,,False,not comparable
United States,USA,2021,High income,High income,gender,Men − women,men,women,,,,False,not comparable
Uruguay,URY,2021,High income,High income,gender,Men − women,men,women,,,,False,not comparable
Uzbekistan,UZB,2021,Europe & Central Asia (excluding high income),Lower middle income,gender,Men − women,men,women,35.544806983969,30.082040175145305,5.462766808823698,True,first group higher
"Venezuela, RB",VEN,2021,Latin America & Caribbean (excluding high income),Upper middle income,gender,Men − women,men,women,76.08816517785209,58.4032121506306,17.68495302722149,True,first group higher
West Bank and Gaza,PSE,2021,Middle East & North Africa (excluding high income),Lower middle income,gender,Men − women,men,women,,,,False,not comparable
Zambia,ZMB,2021,Sub-Saharan Africa (excluding high income),Low income,gender,Men − women,men,women,,,,False,not comparable
Zimbabwe,ZWE,2021,Sub-Saharan Africa (excluding high income),Lower middle income,gender,Men − women,men,women,49.351141237517,45.8792637393973,3.471877498119696,True,first group higher
Albania,ALB,2024,Europe & Central Asia (excluding high income),Upper middle income,gender,Men − women,men,women,11.8239641463479,10.4076520826684,1.4163120636794986,True,first group higher
Algeria,DZA,2024,Middle East & North Africa (excluding high income),Lower middle income,gender,Men − women,men,women,,,,False,not comparable
Argentina,ARG,2024,Latin America & Caribbean (excluding high income),Upper middle income,gender,Men − women,men,women,59.2399161510066,61.0453897156901,-1.8054735646835027,True,second group higher
Armenia,ARM,2024,Europe & Central Asia (excluding high income),Upper middle income,gender,Men − women,men,women,34.508161281376395,33.2353137558775,1.2728475254988965,True,first group higher
Australia,AUS,2024,High income,High income,gender,Men − women,men,women,,,,False,not comparable
Austria,AUT,2024,High income,High income,gender,Men − women,men,women,,,,False,not comparable
Azerbaijan,AZE,2024,Europe & Central Asia (excluding high income),Upper middle income,gender,Men − women,men,women,43.8583872009842,25.1316113314298,18.726775869554398,True,first group higher
Bahrain,BHR,2024,High income,High income,gender,Men − women,men,women,,,,False,not comparable
Bangladesh,BGD,2024,South Asia (excluding high income),Lower middle income,gender,Men − women,men,women,,,,False,not comparable
Belgium,BEL,2024,High income,High income,gender,Men − women,men,women,,,,False,not comparable
Belize,BLZ,2024,Latin America & Caribbean (excluding high income),Upper middle income,gender,Men − women,men,women,25.3990749869763,23.9886695382975,1.410405448678798,True,first group higher
Benin,BEN,2024,Sub-Saharan Africa (excluding high income),Lower middle income,gender,Men − women,men,women,,,,False,not comparable
Bolivia,BOL,2024,Latin America & Caribbean (excluding high income),Lower middle income,gender,Men − women,men,women,25.851091423892704,15.2635228099561,10.587568613936604,True,first group higher
Bosnia and Herzegovina,BIH,2024,Europe & Central Asia (excluding high income),Upper middle income,gender,Men − women,men,women,29.961866485557294,33.5104242810166,-3.5485577954593026,True,second group higher
Botswana,BWA,2024,Sub-Saharan Africa (excluding high income),Upper middle income,gender,Men − women,men,women,29.7873652670343,22.1197149226292,7.6676503444051,True,first group higher
Brazil,BRA,2024,Latin America & Caribbean (excluding high income),Upper middle income,gender,Men − women,men,women,63.844297900694805,56.75156972473821,7.092728175956594,True,first group higher
Bulgaria,BGR,2024,Europe & Central Asia (excluding high income),Upper middle income,gender,Men − women,men,women,54.7520889894431,54.6620643351764,0.09002465426669914,True,first group higher
Burkina Faso,BFA,2024,Sub-Saharan Africa (excluding high income),Low income,gender,Men − women,men,women,15.6358110188903,8.84808696585609,6.787724053034209,True,first group higher
Cambodia,KHM,2024,East Asia & Pacific (excluding high income),Lower middle income,gender,Men − women,men,women,22.546598909489703,17.326052116232802,5.220546793256901,True,first group higher
Cameroon,CMR,2024,Sub-Saharan Africa (excluding high income),Lower middle income,gender,Men − women,men,women,23.8618511758426,16.9663910913828,6.895460084459799,True,first group higher
Canada,CAN,2024,High income,High income,gender,Men − women,men,women,,,,False,not comparable
Chad,TCD,2024,Sub-Saharan Africa (excluding high income),Low income,gender,Men − women,men,women,,,,False,not comparable
Chile,CHL,2024,High income,High income,gender,Men − women,men,women,,,,False,not comparable
China,CHN,2024,East Asia & Pacific (excluding high income),Upper middle income,gender,Men − women,men,women,79.376176275806,79.8395869126876,-0.4634106368815907,True,second group higher
Colombia,COL,2024,Latin America & Caribbean (excluding high income),Upper middle income,gender,Men − women,men,women,29.8148622541265,22.7288356118506,7.0860266422759,True,first group higher
Comoros,COM,2024,Sub-Saharan Africa (excluding high income),Lower middle income,gender,Men − women,men,women,,,,False,not comparable
"Congo, Dem. Rep.",COD,2024,Sub-Saharan Africa (excluding high income),Low income,gender,Men − women,men,women,,,,False,not comparable
"Congo, Rep.",COG,2024,Sub-Saharan Africa (excluding high income),Lower middle income,gender,Men − women,men,women,,,,False,not comparable
Costa Rica,CRI,2024,Latin America & Caribbean (excluding high income),Upper middle income,gender,Men − women,men,women,49.7095613696155,44.8662227457867,4.843338623828799,True,first group higher
Cote d'Ivoire,CIV,2024,Sub-Saharan Africa (excluding high income),Lower middle income,gender,Men − women,men,women,,,,False,not comparable
Croatia,HRV,2024,High income,High income,gender,Men − women,men,women,69.3221285628608,61.73314057529829,7.588987987562504,True,first group higher
Cyprus,CYP,2024,High income,High income,gender,Men − women,men,women,,,,False,not comparable
Czechia,CZE,2024,High income,High income,gender,Men − women,men,women,,,,False,not comparable
Denmark,DNK,2024,High income,High income,gender,Men − women,men,women,,,,False,not comparable
Dominican Republic,DOM,2024,Latin America & Caribbean (excluding high income),Upper middle income,gender,Men − women,men,women,33.140300838867496,22.3133713361236,10.826929502743898,True,first group higher
Ecuador,ECU,2024,Latin America & Caribbean (excluding high income),Upper middle income,gender,Men − women,men,women,25.8478780904552,16.2149702119292,9.632907878526002,True,first group higher
"Egypt, Arab Rep.",EGY,2024,Middle East & North Africa (excluding high income),Lower middle income,gender,Men − women,men,women,,,,False,not comparable
El Salvador,SLV,2024,Latin America & Caribbean (excluding high income),Lower middle income,gender,Men − women,men,women,,,,False,not comparable
Estonia,EST,2024,High income,High income,gender,Men − women,men,women,,,,False,not comparable
Eswatini,SWZ,2024,Sub-Saharan Africa (excluding high income),Lower middle income,gender,Men − women,men,women,20.0841597842113,16.697179846393002,3.3869799378182996,True,first group higher
Ethiopia,ETH,2024,Sub-Saharan Africa (excluding high income),Low income,gender,Men − women,men,women,,,,False,not comparable
Finland,FIN,2024,High income,High income,gender,Men − women,men,women,,,,False,not comparable
France,FRA,2024,High income,High income,gender,Men − women,men,women,,,,False,not comparable
Gabon,GAB,2024,Sub-Saharan Africa (excluding high income),Upper middle income,gender,Men − women,men,women,22.8973523122532,17.0985777208871,5.798774591366101,True,first group higher
"Gambia, The",GMB,2024,Sub-Saharan Africa (excluding high income),Low income,gender,Men − women,men,women,,,,False,not comparable
Georgia,GEO,2024,Europe & Central Asia (excluding high income),Upper middle income,gender,Men − women,men,women,49.6762486844469,45.8086132652369,3.8676354192099964,True,first group higher
Germany,DEU,2024,High income,High income,gender,Men − women,men,women,,,,False,not comparable
Ghana,GHA,2024,Sub-Saharan Africa (excluding high income),Lower middle income,gender,Men − women,men,women,34.1385284280008,20.9210295976741,13.217498830326697,True,first group higher
Greece,GRC,2024,High income,High income,gender,Men − women,men,women,,,,False,not comparable
Guatemala,GTM,2024,Latin America & Caribbean (excluding high income),Upper middle income,gender,Men − women,men,women,,,,False,not comparable
Guinea,GIN,2024,Sub-Saharan Africa (excluding high income),Low income,gender,Men − women,men,women,,,,False,not comparable
Honduras,HND,2024,Latin America & Caribbean (excluding high income),Lower middle income,gender,Men − women,men,women,,,,False,not comparable
"Hong Kong SAR, China",HKG,2024,High income,High income,gender,Men − women,men,women,,,,False,not comparable
Hungary,HUN,2024,High income,High income,gender,Men − women,men,women,,,,False,not comparable
Iceland,ISL,2024,High income,High income,gender,Men − women,men,women,,,,False,not comparable
India,IND,2024,South Asia (excluding high income),Lower middle income,gender,Men − women,men,women,25.3681855789872,11.1096702109148,14.258515368072402,True,first group higher
Indonesia,IDN,2024,East Asia & Pacific (excluding high income),Lower middle income,gender,Men − women,men,women,15.4943499298365,11.6815441374397,3.8128057923968015,True,first group higher
"Iran, Islamic Rep.",IRN,2024,Middle East & North Africa (excluding high income),Lower middle income,gender,Men − women,men,women,83.9876199828557,73.2383760552848,10.749243927570902,True,first group higher
Iraq,IRQ,2024,Middle East & North Africa (excluding high income),Upper middle income,gender,Men − women,men,women,14.0507087524356,6.77173516263679,7.27897358979881,True,first group higher
Ireland,IRL,2024,High income,High income,gender,Men − women,men,women,,,,False,not comparable
Israel,ISR,2024,High income,High income,gender,Men − women,men,women,,,,False,not comparable
Italy,ITA,2024,High income,High income,gender,Men − women,men,women,,,,False,not comparable
Japan,JPN,2024,High income,High income,gender,Men − women,men,women,,,,False,not comparable
Jordan,JOR,2024,Middle East & North Africa (excluding high income),Upper middle income,gender,Men − women,men,women,17.284278159933,7.39622836018473,9.88804979974827,True,first group higher
Kazakhstan,KAZ,2024,Europe & Central Asia (excluding high income),Upper middle income,gender,Men − women,men,women,73.4791499741867,66.970215447488,6.508934526698695,True,first group higher
Kenya,KEN,2024,Sub-Saharan Africa (excluding high income),Lower middle income,gender,Men − women,men,women,60.35421965237659,51.361266078133006,8.992953574243586,True,first group higher
"Korea, Rep.",KOR,2024,High income,High income,gender,Men − women,men,women,,,,False,not comparable
Kosovo,XKX,2024,Europe & Central Asia (excluding high income),Upper middle income,gender,Men − women,men,women,,,,False,not comparable
Kuwait,KWT,2024,High income,High income,gender,Men − women,men,women,,,,False,not comparable
Kyrgyz Republic,KGZ,2024,Europe & Central Asia (excluding high income),Lower middle income,gender,Men − women,men,women,42.7641385309605,43.986746705152605,-1.2226081741921035,True,second group higher
Lao PDR,LAO,2024,East Asia & Pacific (excluding high income),Lower middle income,gender,Men − women,men,women,16.1649209545139,26.928807104721,-10.7638861502071,True,second group higher
Latvia,LVA,2024,High income,High income,gender,Men − women,men,women,,,,False,not comparable
Lebanon,LBN,2024,Middle East & North Africa (excluding high income),Lower middle income,gender,Men − women,men,women,,,,False,not comparable
Lesotho,LSO,2024,Sub-Saharan Africa (excluding high income),Lower middle income,gender,Men − women,men,women,18.7200618826556,13.1358916065263,5.584170276129299,True,first group higher
Liberia,LBR,2024,Sub-Saharan Africa (excluding high income),Low income,gender,Men − women,men,women,,,,False,not comparable
Libya,LBY,2024,Middle East & North Africa (excluding high income),Upper middle income,gender,Men − women,men,women,18.7028416927012,11.2683688207064,7.4344728719947994,True,first group higher
Lithuania,LTU,2024,High income,High income,gender,Men − women,men,women,,,,False,not comparable
Madagascar,MDG,2024,Sub-Saharan Africa (excluding high income),Low income,gender,Men − women,men,women,,,,False,not comparable
Malawi,MWI,2024,Sub-Saharan Africa (excluding high income),Low income,gender,Men − women,men,women,14.5867990960489,6.633273025867751,7.953526070181149,True,first group higher
Malaysia,MYS,2024,East Asia & Pacific (excluding high income),Upper middle income,gender,Men − women,men,women,52.3861542760804,52.0984066477766,0.28774762830379785,True,first group higher
Mali,MLI,2024,Sub-Saharan Africa (excluding high income),Low income,gender,Men − women,men,women,13.084059658084,7.417228694788471,5.666830963295529,True,first group higher
Malta,MLT,2024,High income,High income,gender,Men − women,men,women,,,,False,not comparable
Mauritania,MRT,2024,Sub-Saharan Africa (excluding high income),Lower middle income,gender,Men − women,men,women,13.3551488762933,11.2997123827954,2.0554364934979006,True,first group higher
Mauritius,MUS,2024,Sub-Saharan Africa (excluding high income),Upper middle income,gender,Men − women,men,women,54.1801871593252,45.656078183297,8.524108976028202,True,first group higher
Mexico,MEX,2024,Latin America & Caribbean (excluding high income),Upper middle income,gender,Men − women,men,women,32.5154422617965,19.8989451085607,12.616497153235802,True,first group higher
Moldova,MDA,2024,Europe & Central Asia (excluding high income),Upper middle income,gender,Men − women,men,women,41.3538509834311,35.0398234745949,6.314027508836205,True,first group higher
Mongolia,MNG,2024,East Asia & Pacific (excluding high income),Lower middle income,gender,Men − women,men,women,93.312094160896,96.412538937147,-3.1004447762510097,True,second group higher
Montenegro,MNE,2024,Europe & Central Asia (excluding high income),Upper middle income,gender,Men − women,men,women,40.2105040259203,32.7850700582506,7.425433967669704,True,first group higher
Morocco,MAR,2024,Middle East & North Africa (excluding high income),Lower middle income,gender,Men − women,men,women,,,,False,not comparable
Mozambique,MOZ,2024,Sub-Saharan Africa (excluding high income),Low income,gender,Men − women,men,women,22.8032878777249,14.180540338394302,8.6227475393306,True,first group higher
Namibia,NAM,2024,Sub-Saharan Africa (excluding high income),Upper middle income,gender,Men − women,men,women,38.838642135146,38.3223948806353,0.5162472545107022,True,first group higher
Nepal,NPL,2024,South Asia (excluding high income),Lower middle income,gender,Men − women,men,women,,,,False,not comparable
Netherlands,NLD,2024,High income,High income,gender,Men − women,men,women,,,,False,not comparable
New Zealand,NZL,2024,High income,High income,gender,Men − women,men,women,,,,False,not comparable
Nicaragua,NIC,2024,Latin America & Caribbean (excluding high income),Lower middle income,gender,Men − women,men,women,,,,False,not comparable
Niger,NER,2024,Sub-Saharan Africa (excluding high income),Low income,gender,Men − women,men,women,,,,False,not comparable
Nigeria,NGA,2024,Sub-Saharan Africa (excluding high income),Lower middle income,gender,Men − women,men,women,33.8032352657205,22.973254358754,10.829980906966501,True,first group higher
North Macedonia,MKD,2024,Europe & Central Asia (excluding high income),Upper middle income,gender,Men − women,men,women,56.7609723450412,48.3079373578565,8.4530349871847,True,first group higher
Norway,NOR,2024,High income,High income,gender,Men − women,men,women,,,,False,not comparable
Oman,OMN,2024,High income,High income,gender,Men − women,men,women,36.6049604070081,44.884629411023504,-8.279669004015403,True,second group higher
Pakistan,PAK,2024,South Asia (excluding high income),Lower middle income,gender,Men − women,men,women,,,,False,not comparable
Panama,PAN,2024,High income,High income,gender,Men − women,men,women,37.5952415274762,34.9526370152945,2.6426045121816983,True,first group higher
Paraguay,PRY,2024,Latin America & Caribbean (excluding high income),Upper middle income,gender,Men − women,men,women,27.0241044881953,24.9511933213373,2.072911166857999,True,first group higher
Peru,PER,2024,Latin America & Caribbean (excluding high income),Upper middle income,gender,Men − women,men,women,37.540197588853005,27.955811550507896,9.584386038345109,True,first group higher
Philippines,PHL,2024,East Asia & Pacific (excluding high income),Lower middle income,gender,Men − women,men,women,11.778477959091,15.0139972547144,-3.2355192956234013,True,second group higher
Poland,POL,2024,High income,High income,gender,Men − women,men,women,77.5754453206183,78.55030125696591,-0.974855936347609,True,second group higher
Portugal,PRT,2024,High income,High income,gender,Men − women,men,women,,,,False,not comparable
Romania,ROU,2024,High income,High income,gender,Men − women,men,women,51.8548453392786,48.6424159904479,3.212429348830696,True,first group higher
Russian Federation,RUS,2024,Europe & Central Asia (excluding high income),Upper middle income,gender,Men − women,men,women,,,,False,not comparable
Saudi Arabia,SAU,2024,High income,High income,gender,Men − women,men,women,66.8630039154468,59.268408078946,7.594595836500794,True,first group higher
Senegal,SEN,2024,Sub-Saharan Africa (excluding high income),Lower middle income,gender,Men − women,men,women,40.9431300620067,33.360448038023,7.5826820239837005,True,first group higher
Serbia,SRB,2024,Europe & Central Asia (excluding high income),Upper middle income,gender,Men − women,men,women,56.3948577312689,51.3913477993171,5.003509931951797,True,first group higher
Sierra Leone,SLE,2024,Sub-Saharan Africa (excluding high income),Low income,gender,Men − women,men,women,,,,False,not comparable
Singapore,SGP,2024,High income,High income,gender,Men − women,men,women,,,,False,not comparable
Slovak Republic,SVK,2024,High income,High income,gender,Men − women,men,women,,,,False,not comparable
Slovenia,SVN,2024,High income,High income,gender,Men − women,men,women,,,,False,not comparable
South Africa,ZAF,2024,Sub-Saharan Africa (excluding high income),Upper middle income,gender,Men − women,men,women,52.156126940611,42.3518876208679,9.804239319743104,True,first group higher
Spain,ESP,2024,High income,High income,gender,Men − women,men,women,,,,False,not comparable
Sri Lanka,LKA,2024,South Asia (excluding high income),Lower middle income,gender,Men − women,men,women,17.933174999718098,12.0061514996952,5.927023500022898,True,first group higher
Sweden,SWE,2024,High income,High income,gender,Men − women,men,women,,,,False,not comparable
Switzerland,CHE,2024,High income,High income,gender,Men − women,men,women,,,,False,not comparable
"Taiwan, China",TWN,2024,High income,High income,gender,Men − women,men,women,,,,False,not comparable
Tajikistan,TJK,2024,Europe & Central Asia (excluding high income),Lower middle income,gender,Men − women,men,women,22.5556715252438,10.1462178173491,12.409453707894698,True,first group higher
Tanzania,TZA,2024,Sub-Saharan Africa (excluding high income),Lower middle income,gender,Men − women,men,women,,,,False,not comparable
Thailand,THA,2024,East Asia & Pacific (excluding high income),Upper middle income,gender,Men − women,men,women,52.7274502394773,49.8245514333641,2.9028988061131997,True,first group higher
Togo,TGO,2024,Sub-Saharan Africa (excluding high income),Low income,gender,Men − women,men,women,17.2237432769012,10.4513307039622,6.772412572939,True,first group higher
Trinidad and Tobago,TTO,2024,High income,High income,gender,Men − women,men,women,,,,False,not comparable
Tunisia,TUN,2024,Middle East & North Africa (excluding high income),Lower middle income,gender,Men − women,men,women,,,,False,not comparable
Turkiye,TUR,2024,Europe & Central Asia (excluding high income),Upper middle income,gender,Men − women,men,women,60.5066355332744,42.633959381880096,17.8726761513943,True,first group higher
Uganda,UGA,2024,Sub-Saharan Africa (excluding high income),Low income,gender,Men − women,men,women,15.7597374683993,8.120922912027421,7.638814556371878,True,first group higher
Ukraine,UKR,2024,Europe & Central Asia (excluding high income),Lower middle income,gender,Men − women,men,women,77.7552610495108,69.7100143212894,8.0452467282214,True,first group higher
United Arab Emirates,ARE,2024,High income,High income,gender,Men − women,men,women,,,,False,not comparable
United Kingdom,GBR,2024,High income,High income,gender,Men − women,men,women,,,,False,not comparable
United States,USA,2024,High income,High income,gender,Men − women,men,women,,,,False,not comparable
Uruguay,URY,2024,High income,High income,gender,Men − women,men,women,,,,False,not comparable
Uzbekistan,UZB,2024,Europe & Central Asia (excluding high income),Lower middle income,gender,Men − women,men,women,38.8781773855392,37.3465997976855,1.531577587853704,True,first group higher
"Venezuela, RB",VEN,2024,Latin America & Caribbean (excluding high income),Upper middle income,gender,Men − women,men,women,72.4914711385669,70.6327424663776,1.8587286721893008,True,first group higher
Viet Nam,VNM,2024,East Asia & Pacific (excluding high income),Lower middle income,gender,Men − women,men,women,49.4824268735296,52.693990120002,-3.2115632464724015,True,second group higher
West Bank and Gaza,PSE,2024,Middle East & North Africa (excluding high income),Lower middle income,gender,Men − women,men,women,,,,False,not comparable
Zambia,ZMB,2024,Sub-Saharan Africa (excluding high income),Low income,gender,Men − women,men,women,21.8177399296701,16.7927686932024,5.0249712364676995,True,first group higher
Zimbabwe,ZWE,2024,Sub-Saharan Africa (excluding high income),Lower middle income,gender,Men − women,men,women,32.4672704740738,26.1416555410482,6.3256149330256015,True,first group higher
Afghanistan,AFG,2021,South Asia (excluding high income),Low income,income,Richest 60% − poorest 40%,richest 60%,poorest 40%,,,,False,not comparable
Albania,ALB,2021,Europe & Central Asia (excluding high income),Upper middle income,income,Richest 60% − poorest 40%,richest 60%,poorest 40%,17.5777076041755,4.35875921844506,13.21894838573044,True,first group higher
Algeria,DZA,2021,Middle East & North Africa (excluding high income),Lower middle income,income,Richest 60% − poorest 40%,richest 60%,poorest 40%,,,,False,not comparable
Argentina,ARG,2021,Latin America & Caribbean (excluding high income),Upper middle income,income,Richest 60% − poorest 40%,richest 60%,poorest 40%,52.8090138985437,32.3673486443965,20.441665254147196,True,first group higher
Armenia,ARM,2021,Europe & Central Asia (excluding high income),Upper middle income,income,Richest 60% − poorest 40%,richest 60%,poorest 40%,19.1910782562406,10.5525403007769,8.6385379554637,True,first group higher
Australia,AUS,2021,High income,High income,income,Richest 60% − poorest 40%,richest 60%,poorest 40%,,,,False,not comparable
Austria,AUT,2021,High income,High income,income,Richest 60% − poorest 40%,richest 60%,poorest 40%,,,,False,not comparable
Bangladesh,BGD,2021,South Asia (excluding high income),Lower middle income,income,Richest 60% − poorest 40%,richest 60%,poorest 40%,,,,False,not comparable
Belgium,BEL,2021,High income,High income,income,Richest 60% − poorest 40%,richest 60%,poorest 40%,,,,False,not comparable
Benin,BEN,2021,Sub-Saharan Africa (excluding high income),Lower middle income,income,Richest 60% − poorest 40%,richest 60%,poorest 40%,,,,False,not comparable
Bolivia,BOL,2021,Latin America & Caribbean (excluding high income),Lower middle income,income,Richest 60% − poorest 40%,richest 60%,poorest 40%,21.2164173635387,5.81607973098769,15.40033763255101,True,first group higher
Bosnia and Herzegovina,BIH,2021,Europe & Central Asia (excluding high income),Upper middle income,income,Richest 60% − poorest 40%,richest 60%,poorest 40%,48.4226369580225,21.5080451503148,26.9145918077077,True,first group higher
Brazil,BRA,2021,Latin America & Caribbean (excluding high income),Upper middle income,income,Richest 60% − poorest 40%,richest 60%,poorest 40%,62.0831578599587,37.8711630743329,24.211994785625805,True,first group higher
Bulgaria,BGR,2021,Europe & Central Asia (excluding high income),Upper middle income,income,Richest 60% − poorest 40%,richest 60%,poorest 40%,61.9544427572693,29.8849585444601,32.0694842128092,True,first group higher
Burkina Faso,BFA,2021,Sub-Saharan Africa (excluding high income),Low income,income,Richest 60% − poorest 40%,richest 60%,poorest 40%,,,,False,not comparable
Cambodia,KHM,2021,East Asia & Pacific (excluding high income),Lower middle income,income,Richest 60% − poorest 40%,richest 60%,poorest 40%,,,,False,not comparable
Cameroon,CMR,2021,Sub-Saharan Africa (excluding high income),Lower middle income,income,Richest 60% − poorest 40%,richest 60%,poorest 40%,,,,False,not comparable
Canada,CAN,2021,High income,High income,income,Richest 60% − poorest 40%,richest 60%,poorest 40%,,,,False,not comparable
Chile,CHL,2021,High income,High income,income,Richest 60% − poorest 40%,richest 60%,poorest 40%,,,,False,not comparable
China,CHN,2021,East Asia & Pacific (excluding high income),Upper middle income,income,Richest 60% − poorest 40%,richest 60%,poorest 40%,87.9082327571705,71.9840110185114,15.9242217386591,True,first group higher
Colombia,COL,2021,Latin America & Caribbean (excluding high income),Upper middle income,income,Richest 60% − poorest 40%,richest 60%,poorest 40%,30.3148868893946,5.5360666598645,24.7788202295301,True,first group higher
"Congo, Rep.",COG,2021,Sub-Saharan Africa (excluding high income),Lower middle income,income,Richest 60% − poorest 40%,richest 60%,poorest 40%,,,,False,not comparable
Costa Rica,CRI,2021,Latin America & Caribbean (excluding high income),Upper middle income,income,Richest 60% − poorest 40%,richest 60%,poorest 40%,50.0558576220157,21.852428733104603,28.2034288889111,True,first group higher
Cote d'Ivoire,CIV,2021,Sub-Saharan Africa (excluding high income),Lower middle income,income,Richest 60% − poorest 40%,richest 60%,poorest 40%,,,,False,not comparable
Croatia,HRV,2021,High income,High income,income,Richest 60% − poorest 40%,richest 60%,poorest 40%,,,,False,not comparable
Cyprus,CYP,2021,High income,High income,income,Richest 60% − poorest 40%,richest 60%,poorest 40%,,,,False,not comparable
Czechia,CZE,2021,High income,High income,income,Richest 60% − poorest 40%,richest 60%,poorest 40%,,,,False,not comparable
Denmark,DNK,2021,High income,High income,income,Richest 60% − poorest 40%,richest 60%,poorest 40%,,,,False,not comparable
Dominican Republic,DOM,2021,Latin America & Caribbean (excluding high income),Upper middle income,income,Richest 60% − poorest 40%,richest 60%,poorest 40%,19.414554228672003,3.87422728818054,15.540326940491463,True,first group higher
Ecuador,ECU,2021,Latin America & Caribbean (excluding high income),Upper middle income,income,Richest 60% − poorest 40%,richest 60%,poorest 40%,23.0996702341032,4.973981747579001,18.1256884865242,True,first group higher
"Egypt, Arab Rep.",EGY,2021,Middle East & North Africa (excluding high income),Lower middle income,income,Richest 60% − poorest 40%,richest 60%,poorest 40%,,,,False,not comparable
El Salvador,SLV,2021,Latin America & Caribbean (excluding high income),Lower middle income,income,Richest 60% − poorest 40%,richest 60%,poorest 40%,,,,False,not comparable
Estonia,EST,2021,High income,High income,income,Richest 60% − poorest 40%,richest 60%,poorest 40%,,,,False,not comparable
Finland,FIN,2021,High income,High income,income,Richest 60% − poorest 40%,richest 60%,poorest 40%,,,,False,not comparable
France,FRA,2021,High income,High income,income,Richest 60% − poorest 40%,richest 60%,poorest 40%,,,,False,not comparable
Gabon,GAB,2021,Sub-Saharan Africa (excluding high income),Upper middle income,income,Richest 60% − poorest 40%,richest 60%,poorest 40%,17.8655095835868,17.3652005826426,0.5003090009441991,True,first group higher
Georgia,GEO,2021,Europe & Central Asia (excluding high income),Upper middle income,income,Richest 60% − poorest 40%,richest 60%,poorest 40%,39.8984684831374,17.8561513114696,22.0423171716678,True,first group higher
Germany,DEU,2021,High income,High income,income,Richest 60% − poorest 40%,richest 60%,poorest 40%,,,,False,not comparable
Ghana,GHA,2021,Sub-Saharan Africa (excluding high income),Lower middle income,income,Richest 60% − poorest 40%,richest 60%,poorest 40%,19.5797912143446,7.76948007071045,11.810311143634149,True,first group higher
Greece,GRC,2021,High income,High income,income,Richest 60% − poorest 40%,richest 60%,poorest 40%,,,,False,not comparable
Guinea,GIN,2021,Sub-Saharan Africa (excluding high income),Low income,income,Richest 60% − poorest 40%,richest 60%,poorest 40%,,,,False,not comparable
Honduras,HND,2021,Latin America & Caribbean (excluding high income),Lower middle income,income,Richest 60% − poorest 40%,richest 60%,poorest 40%,,,,False,not comparable
"Hong Kong SAR, China",HKG,2021,High income,High income,income,Richest 60% − poorest 40%,richest 60%,poorest 40%,,,,False,not comparable
Hungary,HUN,2021,High income,High income,income,Richest 60% − poorest 40%,richest 60%,poorest 40%,,,,False,not comparable
Iceland,ISL,2021,High income,High income,income,Richest 60% − poorest 40%,richest 60%,poorest 40%,,,,False,not comparable
India,IND,2021,South Asia (excluding high income),Lower middle income,income,Richest 60% − poorest 40%,richest 60%,poorest 40%,17.0439124315259,4.17981969396505,12.86409273756085,True,first group higher
Indonesia,IDN,2021,East Asia & Pacific (excluding high income),Lower middle income,income,Richest 60% − poorest 40%,richest 60%,poorest 40%,15.415727195854,9.256934653446873,6.158792542407127,True,first group higher
"Iran, Islamic Rep.",IRN,2021,Middle East & North Africa (excluding high income),Lower middle income,income,Richest 60% − poorest 40%,richest 60%,poorest 40%,17.587001759369798,9.53718406171496,8.049817697654838,True,first group higher
Iraq,IRQ,2021,Middle East & North Africa (excluding high income),Upper middle income,income,Richest 60% − poorest 40%,richest 60%,poorest 40%,,,,False,not comparable
Ireland,IRL,2021,High income,High income,income,Richest 60% − poorest 40%,richest 60%,poorest 40%,,,,False,not comparable
Israel,ISR,2021,High income,High income,income,Richest 60% − poorest 40%,richest 60%,poorest 40%,,,,False,not comparable
Italy,ITA,2021,High income,High income,income,Richest 60% − poorest 40%,richest 60%,poorest 40%,,,,False,not comparable
Jamaica,JAM,2021,Latin America & Caribbean (excluding high income),Upper middle income,income,Richest 60% − poorest 40%,richest 60%,poorest 40%,32.818155507609696,12.8993192065946,19.918836301015098,True,first group higher
Japan,JPN,2021,High income,High income,income,Richest 60% − poorest 40%,richest 60%,poorest 40%,,,,False,not comparable
Jordan,JOR,2021,Middle East & North Africa (excluding high income),Upper middle income,income,Richest 60% − poorest 40%,richest 60%,poorest 40%,16.435873391976,5.16600602650579,11.269867365470208,True,first group higher
Kazakhstan,KAZ,2021,Europe & Central Asia (excluding high income),Upper middle income,income,Richest 60% − poorest 40%,richest 60%,poorest 40%,60.2680023369617,52.7264309305949,7.541571406366799,True,first group higher
Kenya,KEN,2021,Sub-Saharan Africa (excluding high income),Lower middle income,income,Richest 60% − poorest 40%,richest 60%,poorest 40%,49.2662184347262,18.1223483191899,31.1438701155363,True,first group higher
"Korea, Rep.",KOR,2021,High income,High income,income,Richest 60% − poorest 40%,richest 60%,poorest 40%,,,,False,not comparable
Kosovo,XKX,2021,Europe & Central Asia (excluding high income),Upper middle income,income,Richest 60% − poorest 40%,richest 60%,poorest 40%,25.964370242263403,16.0358226766996,9.928547565563804,True,first group higher
Kyrgyz Republic,KGZ,2021,Europe & Central Asia (excluding high income),Lower middle income,income,Richest 60% − poorest 40%,richest 60%,poorest 40%,13.7258305119611,7.82972703292016,5.8961034790409395,True,first group higher
Lao PDR,LAO,2021,East Asia & Pacific (excluding high income),Lower middle income,income,Richest 60% − poorest 40%,richest 60%,poorest 40%,,,,False,not comparable
Latvia,LVA,2021,High income,High income,income,Richest 60% − poorest 40%,richest 60%,poorest 40%,,,,False,not comparable
Lebanon,LBN,2021,Middle East & North Africa (excluding high income),Lower middle income,income,Richest 60% − poorest 40%,richest 60%,poorest 40%,,,,False,not comparable
Liberia,LBR,2021,Sub-Saharan Africa (excluding high income),Low income,income,Richest 60% − poorest 40%,richest 60%,poorest 40%,,,,False,not comparable
Lithuania,LTU,2021,High income,High income,income,Richest 60% − poorest 40%,richest 60%,poorest 40%,,,,False,not comparable
Malawi,MWI,2021,Sub-Saharan Africa (excluding high income),Low income,income,Richest 60% − poorest 40%,richest 60%,poorest 40%,,,,False,not comparable
Malaysia,MYS,2021,East Asia & Pacific (excluding high income),Upper middle income,income,Richest 60% − poorest 40%,richest 60%,poorest 40%,64.589726045662,28.86347811234,35.726247933322,True,first group higher
Mali,MLI,2021,Sub-Saharan Africa (excluding high income),Low income,income,Richest 60% − poorest 40%,richest 60%,poorest 40%,11.7309374221894,10.0250916867159,1.7058457354735008,True,first group higher
Malta,MLT,2021,High income,High income,income,Richest 60% − poorest 40%,richest 60%,poorest 40%,,,,False,not comparable
Mauritius,MUS,2021,Sub-Saharan Africa (excluding high income),Upper middle income,income,Richest 60% − poorest 40%,richest 60%,poorest 40%,58.014872119510294,35.4912710165038,22.52360110300649,True,first group higher
Moldova,MDA,2021,Europe & Central Asia (excluding high income),Upper middle income,income,Richest 60% − poorest 40%,richest 60%,poorest 40%,45.1335398282512,26.8537890647005,18.2797507635507,True,first group higher
Mongolia,MNG,2021,East Asia & Pacific (excluding high income),Lower middle income,income,Richest 60% − poorest 40%,richest 60%,poorest 40%,88.5739366617652,82.3506048339176,6.223331827847602,True,first group higher
Morocco,MAR,2021,Middle East & North Africa (excluding high income),Lower middle income,income,Richest 60% − poorest 40%,richest 60%,poorest 40%,,,,False,not comparable
Mozambique,MOZ,2021,Sub-Saharan Africa (excluding high income),Low income,income,Richest 60% − poorest 40%,richest 60%,poorest 40%,16.9552096394097,7.17306508233761,9.782144557072089,True,first group higher
Myanmar,MMR,2021,East Asia & Pacific (excluding high income),Lower middle income,income,Richest 60% − poorest 40%,richest 60%,poorest 40%,22.7243185681072,6.56074204178306,16.163576526324142,True,first group higher
Namibia,NAM,2021,Sub-Saharan Africa (excluding high income),Upper middle income,income,Richest 60% − poorest 40%,richest 60%,poorest 40%,42.6696184905072,15.3220782226151,27.347540267892096,True,first group higher
Nepal,NPL,2021,South Asia (excluding high income),Lower middle income,income,Richest 60% − poorest 40%,richest 60%,poorest 40%,,,,False,not comparable
Netherlands,NLD,2021,High income,High income,income,Richest 60% − poorest 40%,richest 60%,poorest 40%,,,,False,not comparable
New Zealand,NZL,2021,High income,High income,income,Richest 60% − poorest 40%,richest 60%,poorest 40%,,,,False,not comparable
Nicaragua,NIC,2021,Latin America & Caribbean (excluding high income),Lower middle income,income,Richest 60% − poorest 40%,richest 60%,poorest 40%,,,,False,not comparable
Nigeria,NGA,2021,Sub-Saharan Africa (excluding high income),Lower middle income,income,Richest 60% − poorest 40%,richest 60%,poorest 40%,,,,False,not comparable
North Macedonia,MKD,2021,Europe & Central Asia (excluding high income),Upper middle income,income,Richest 60% − poorest 40%,richest 60%,poorest 40%,55.85052709221981,28.2610847013248,27.589442390895005,True,first group higher
Norway,NOR,2021,High income,High income,income,Richest 60% − poorest 40%,richest 60%,poorest 40%,,,,False,not comparable
Pakistan,PAK,2021,South Asia (excluding high income),Lower middle income,income,Richest 60% − poorest 40%,richest 60%,poorest 40%,,,,False,not comparable
Panama,PAN,2021,High income,High income,income,Richest 60% − poorest 40%,richest 60%,poorest 40%,,,,False,not comparable
Paraguay,PRY,2021,Latin America & Caribbean (excluding high income),Upper middle income,income,Richest 60% − poorest 40%,richest 60%,poorest 40%,,,,False,not comparable
Peru,PER,2021,Latin America & Caribbean (excluding high income),Upper middle income,income,Richest 60% − poorest 40%,richest 60%,poorest 40%,30.3580960233394,8.882720376974019,21.47537564636538,True,first group higher
Philippines,PHL,2021,East Asia & Pacific (excluding high income),Lower middle income,income,Richest 60% − poorest 40%,richest 60%,poorest 40%,26.387484566438506,6.452223648729779,19.935260917708725,True,first group higher
Poland,POL,2021,High income,High income,income,Richest 60% − poorest 40%,richest 60%,poorest 40%,,,,False,not comparable
Portugal,PRT,2021,High income,High income,income,Richest 60% − poorest 40%,richest 60%,poorest 40%,,,,False,not comparable
Romania,ROU,2021,High income,High income,income,Richest 60% − poorest 40%,richest 60%,poorest 40%,,,,False,not comparable
Russian Federation,RUS,2021,Europe & Central Asia (excluding high income),Upper middle income,income,Richest 60% − poorest 40%,richest 60%,poorest 40%,77.1460949010343,61.8830710552089,15.263023845825401,True,first group higher
Saudi Arabia,SAU,2021,High income,High income,income,Richest 60% − poorest 40%,richest 60%,poorest 40%,,,,False,not comparable
Senegal,SEN,2021,Sub-Saharan Africa (excluding high income),Lower middle income,income,Richest 60% − poorest 40%,richest 60%,poorest 40%,13.3356056434509,8.9928668431541,4.3427388002968,True,first group higher
Serbia,SRB,2021,Europe & Central Asia (excluding high income),Upper middle income,income,Richest 60% − poorest 40%,richest 60%,poorest 40%,57.564185700905,27.182131979483295,30.382053721421705,True,first group higher
Sierra Leone,SLE,2021,Sub-Saharan Africa (excluding high income),Low income,income,Richest 60% − poorest 40%,richest 60%,poorest 40%,,,,False,not comparable
Singapore,SGP,2021,High income,High income,income,Richest 60% − poorest 40%,richest 60%,poorest 40%,,,,False,not comparable
Slovak Republic,SVK,2021,High income,High income,income,Richest 60% − poorest 40%,richest 60%,poorest 40%,,,,False,not comparable
Slovenia,SVN,2021,High income,High income,income,Richest 60% − poorest 40%,richest 60%,poorest 40%,,,,False,not comparable
South Africa,ZAF,2021,Sub-Saharan Africa (excluding high income),Upper middle income,income,Richest 60% − poorest 40%,richest 60%,poorest 40%,63.7344982664745,39.4952768651672,24.239221401307304,True,first group higher
South Sudan,SSD,2021,Sub-Saharan Africa (excluding high income),Low income,income,Richest 60% − poorest 40%,richest 60%,poorest 40%,,,,False,not comparable
Spain,ESP,2021,High income,High income,income,Richest 60% − poorest 40%,richest 60%,poorest 40%,,,,False,not comparable
Sri Lanka,LKA,2021,South Asia (excluding high income),Lower middle income,income,Richest 60% − poorest 40%,richest 60%,poorest 40%,24.6605271200701,8.135906135293219,16.52462098477688,True,first group higher
Sweden,SWE,2021,High income,High income,income,Richest 60% − poorest 40%,richest 60%,poorest 40%,,,,False,not comparable
Switzerland,CHE,2021,High income,High income,income,Richest 60% − poorest 40%,richest 60%,poorest 40%,,,,False,not comparable
"Taiwan, China",TWN,2021,High income,High income,income,Richest 60% − poorest 40%,richest 60%,poorest 40%,,,,False,not comparable
Tajikistan,TJK,2021,Europe & Central Asia (excluding high income),Lower middle income,income,Richest 60% − poorest 40%,richest 60%,poorest 40%,,,,False,not comparable
Tanzania,TZA,2021,Sub-Saharan Africa (excluding high income),Lower middle income,income,Richest 60% − poorest 40%,richest 60%,poorest 40%,,,,False,not comparable
Thailand,THA,2021,East Asia & Pacific (excluding high income),Upper middle income,income,Richest 60% − poorest 40%,richest 60%,poorest 40%,71.4876394841076,51.130243071409,20.357396412698606,True,first group higher
Togo,TGO,2021,Sub-Saharan Africa (excluding high income),Low income,income,Richest 60% − poorest 40%,richest 60%,poorest 40%,,,,False,not comparable
Tunisia,TUN,2021,Middle East & North Africa (excluding high income),Lower middle income,income,Richest 60% − poorest 40%,richest 60%,poorest 40%,,,,False,not comparable
Turkiye,TUR,2021,Europe & Central Asia (excluding high income),Upper middle income,income,Richest 60% − poorest 40%,richest 60%,poorest 40%,56.1241594306656,27.6526795561907,28.4714798744749,True,first group higher
Uganda,UGA,2021,Sub-Saharan Africa (excluding high income),Low income,income,Richest 60% − poorest 40%,richest 60%,poorest 40%,11.9713419326439,7.870730116623161,4.10061181602074,True,first group higher
Ukraine,UKR,2021,Europe & Central Asia (excluding high income),Lower middle income,income,Richest 60% − poorest 40%,richest 60%,poorest 40%,63.0223261722209,51.8092013631528,11.213124809068098,True,first group higher
United Arab Emirates,ARE,2021,High income,High income,income,Richest 60% − poorest 40%,richest 60%,poorest 40%,,,,False,not comparable
United Kingdom,GBR,2021,High income,High income,income,Richest 60% − poorest 40%,richest 60%,poorest 40%,,,,False,not comparable
United States,USA,2021,High income,High income,income,Richest 60% − poorest 40%,richest 60%,poorest 40%,,,,False,not comparable
Uruguay,URY,2021,High income,High income,income,Richest 60% − poorest 40%,richest 60%,poorest 40%,,,,False,not comparable
Uzbekistan,UZB,2021,Europe & Central Asia (excluding high income),Lower middle income,income,Richest 60% − poorest 40%,richest 60%,poorest 40%,35.6081783296208,28.1234251758945,7.484753153726299,True,first group higher
"Venezuela, RB",VEN,2021,Latin America & Caribbean (excluding high income),Upper middle income,income,Richest 60% − poorest 40%,richest 60%,poorest 40%,75.09933261148079,55.605147536980205,19.494185074500585,True,first group higher
West Bank and Gaza,PSE,2021,Middle East & North Africa (excluding high income),Lower middle income,income,Richest 60% − poorest 40%,richest 60%,poorest 40%,,,,False,not comparable
Zambia,ZMB,2021,Sub-Saharan Africa (excluding high income),Low income,income,Richest 60% − poorest 40%,richest 60%,poorest 40%,,,,False,not comparable
Zimbabwe,ZWE,2021,Sub-Saharan Africa (excluding high income),Lower middle income,income,Richest 60% − poorest 40%,richest 60%,poorest 40%,54.3840153504905,37.3134469038568,17.0705684466337,True,first group higher
Albania,ALB,2024,Europe & Central Asia (excluding high income),Upper middle income,income,Richest 60% − poorest 40%,richest 60%,poorest 40%,15.4280495901759,4.56176514156665,10.86628444860925,True,first group higher
Algeria,DZA,2024,Middle East & North Africa (excluding high income),Lower middle income,income,Richest 60% − poorest 40%,richest 60%,poorest 40%,,,,False,not comparable
Argentina,ARG,2024,Latin America & Caribbean (excluding high income),Upper middle income,income,Richest 60% − poorest 40%,richest 60%,poorest 40%,66.6231357297851,50.5039197188514,16.119216010933705,True,first group higher
Armenia,ARM,2024,Europe & Central Asia (excluding high income),Upper middle income,income,Richest 60% − poorest 40%,richest 60%,poorest 40%,38.6992715174651,26.425783798277603,12.273487719187496,True,first group higher
Australia,AUS,2024,High income,High income,income,Richest 60% − poorest 40%,richest 60%,poorest 40%,,,,False,not comparable
Austria,AUT,2024,High income,High income,income,Richest 60% − poorest 40%,richest 60%,poorest 40%,,,,False,not comparable
Azerbaijan,AZE,2024,Europe & Central Asia (excluding high income),Upper middle income,income,Richest 60% − poorest 40%,richest 60%,poorest 40%,44.7088957800426,18.4996450612236,26.209250718819003,True,first group higher
Bahrain,BHR,2024,High income,High income,income,Richest 60% − poorest 40%,richest 60%,poorest 40%,,,,False,not comparable
Bangladesh,BGD,2024,South Asia (excluding high income),Lower middle income,income,Richest 60% − poorest 40%,richest 60%,poorest 40%,,,,False,not comparable
Belgium,BEL,2024,High income,High income,income,Richest 60% − poorest 40%,richest 60%,poorest 40%,,,,False,not comparable
Belize,BLZ,2024,Latin America & Caribbean (excluding high income),Upper middle income,income,Richest 60% − poorest 40%,richest 60%,poorest 40%,30.2650445484884,16.244406079070302,14.020638469418099,True,first group higher
Benin,BEN,2024,Sub-Saharan Africa (excluding high income),Lower middle income,income,Richest 60% − poorest 40%,richest 60%,poorest 40%,,,,False,not comparable
Bolivia,BOL,2024,Latin America & Caribbean (excluding high income),Lower middle income,income,Richest 60% − poorest 40%,richest 60%,poorest 40%,26.2798586016193,11.7942847407196,14.485573860899699,True,first group higher
Bosnia and Herzegovina,BIH,2024,Europe & Central Asia (excluding high income),Upper middle income,income,Richest 60% − poorest 40%,richest 60%,poorest 40%,38.5663331554111,21.5435943858075,17.022738769603603,True,first group higher
Botswana,BWA,2024,Sub-Saharan Africa (excluding high income),Upper middle income,income,Richest 60% − poorest 40%,richest 60%,poorest 40%,34.935523795517994,11.5181216688572,23.417402126660797,True,first group higher
Brazil,BRA,2024,Latin America & Caribbean (excluding high income),Upper middle income,income,Richest 60% − poorest 40%,richest 60%,poorest 40%,68.0689834143139,48.2368036243704,19.832179789943503,True,first group higher
Bulgaria,BGR,2024,Europe & Central Asia (excluding high income),Upper middle income,income,Richest 60% − poorest 40%,richest 60%,poorest 40%,65.0998679466467,39.1033274179525,25.996540528694197,True,first group higher
Burkina Faso,BFA,2024,Sub-Saharan Africa (excluding high income),Low income,income,Richest 60% − poorest 40%,richest 60%,poorest 40%,16.7805907816171,4.94116415912747,11.83942662248963,True,first group higher
Cambodia,KHM,2024,East Asia & Pacific (excluding high income),Lower middle income,income,Richest 60% − poorest 40%,richest 60%,poorest 40%,24.849738208925,12.1537342891055,12.6960039198195,True,first group higher
Cameroon,CMR,2024,Sub-Saharan Africa (excluding high income),Lower middle income,income,Richest 60% − poorest 40%,richest 60%,poorest 40%,26.764052078354,10.5984106248437,16.165641453510297,True,first group higher
Canada,CAN,2024,High income,High income,income,Richest 60% − poorest 40%,richest 60%,poorest 40%,,,,False,not comparable
Chad,TCD,2024,Sub-Saharan Africa (excluding high income),Low income,income,Richest 60% − poorest 40%,richest 60%,poorest 40%,,,,False,not comparable
Chile,CHL,2024,High income,High income,income,Richest 60% − poorest 40%,richest 60%,poorest 40%,,,,False,not comparable
China,CHN,2024,East Asia & Pacific (excluding high income),Upper middle income,income,Richest 60% − poorest 40%,richest 60%,poorest 40%,87.2288345688627,68.1411794637785,19.087655105084195,True,first group higher
Colombia,COL,2024,Latin America & Caribbean (excluding high income),Upper middle income,income,Richest 60% − poorest 40%,richest 60%,poorest 40%,34.1442720292129,14.1053034857975,20.0389685434154,True,first group higher
Comoros,COM,2024,Sub-Saharan Africa (excluding high income),Lower middle income,income,Richest 60% − poorest 40%,richest 60%,poorest 40%,,,,False,not comparable
"Congo, Dem. Rep.",COD,2024,Sub-Saharan Africa (excluding high income),Low income,income,Richest 60% − poorest 40%,richest 60%,poorest 40%,,,,False,not comparable
"Congo, Rep.",COG,2024,Sub-Saharan Africa (excluding high income),Lower middle income,income,Richest 60% − poorest 40%,richest 60%,poorest 40%,,,,False,not comparable
Costa Rica,CRI,2024,Latin America & Caribbean (excluding high income),Upper middle income,income,Richest 60% − poorest 40%,richest 60%,poorest 40%,56.49414135588419,33.362554490026305,23.131586865857884,True,first group higher
Cote d'Ivoire,CIV,2024,Sub-Saharan Africa (excluding high income),Lower middle income,income,Richest 60% − poorest 40%,richest 60%,poorest 40%,,,,False,not comparable
Croatia,HRV,2024,High income,High income,income,Richest 60% − poorest 40%,richest 60%,poorest 40%,69.4801689283648,59.0989079927991,10.381260935565706,True,first group higher
Cyprus,CYP,2024,High income,High income,income,Richest 60% − poorest 40%,richest 60%,poorest 40%,,,,False,not comparable
Czechia,CZE,2024,High income,High income,income,Richest 60% − poorest 40%,richest 60%,poorest 40%,,,,False,not comparable
Denmark,DNK,2024,High income,High income,income,Richest 60% − poorest 40%,richest 60%,poorest 40%,,,,False,not comparable
Dominican Republic,DOM,2024,Latin America & Caribbean (excluding high income),Upper middle income,income,Richest 60% − poorest 40%,richest 60%,poorest 40%,38.5178040291385,11.2231669156469,27.294637113491603,True,first group higher
Ecuador,ECU,2024,Latin America & Caribbean (excluding high income),Upper middle income,income,Richest 60% − poorest 40%,richest 60%,poorest 40%,28.5599299552915,9.1537374988491,19.4061924564424,True,first group higher
"Egypt, Arab Rep.",EGY,2024,Middle East & North Africa (excluding high income),Lower middle income,income,Richest 60% − poorest 40%,richest 60%,poorest 40%,,,,False,not comparable
El Salvador,SLV,2024,Latin America & Caribbean (excluding high income),Lower middle income,income,Richest 60% − poorest 40%,richest 60%,poorest 40%,,,,False,not comparable
Estonia,EST,2024,High income,High income,income,Richest 60% − poorest 40%,richest 60%,poorest 40%,,,,False,not comparable
Eswatini,SWZ,2024,Sub-Saharan Africa (excluding high income),Lower middle income,income,Richest 60% − poorest 40%,richest 60%,poorest 40%,22.1444932995263,12.2089282709418,9.935565028584499,True,first group higher
Ethiopia,ETH,2024,Sub-Saharan Africa (excluding high income),Low income,income,Richest 60% − poorest 40%,richest 60%,poorest 40%,,,,False,not comparable
Finland,FIN,2024,High income,High income,income,Richest 60% − poorest 40%,richest 60%,poorest 40%,,,,False,not comparable
France,FRA,2024,High income,High income,income,Richest 60% − poorest 40%,richest 60%,poorest 40%,,,,False,not comparable
Gabon,GAB,2024,Sub-Saharan Africa (excluding high income),Upper middle income,income,Richest 60% − poorest 40%,richest 60%,poorest 40%,22.8534014189894,15.905178715468498,6.948222703520901,True,first group higher
"Gambia, The",GMB,2024,Sub-Saharan Africa (excluding high income),Low income,income,Richest 60% − poorest 40%,richest 60%,poorest 40%,,,,False,not comparable
Georgia,GEO,2024,Europe & Central Asia (excluding high income),Upper middle income,income,Richest 60% − poorest 40%,richest 60%,poorest 40%,58.9635934774534,30.520649048513,28.4429444289404,True,first group higher
Germany,DEU,2024,High income,High income,income,Richest 60% − poorest 40%,richest 60%,poorest 40%,,,,False,not comparable
Ghana,GHA,2024,Sub-Saharan Africa (excluding high income),Lower middle income,income,Richest 60% − poorest 40%,richest 60%,poorest 40%,32.096819463486995,20.031043383531298,12.065776079955697,True,first group higher
Greece,GRC,2024,High income,High income,income,Richest 60% − poorest 40%,richest 60%,poorest 40%,,,,False,not comparable
Guatemala,GTM,2024,Latin America & Caribbean (excluding high income),Upper middle income,income,Richest 60% − poorest 40%,richest 60%,poorest 40%,,,,False,not comparable
Guinea,GIN,2024,Sub-Saharan Africa (excluding high income),Low income,income,Richest 60% − poorest 40%,richest 60%,poorest 40%,,,,False,not comparable
Honduras,HND,2024,Latin America & Caribbean (excluding high income),Lower middle income,income,Richest 60% − poorest 40%,richest 60%,poorest 40%,,,,False,not comparable
"Hong Kong SAR, China",HKG,2024,High income,High income,income,Richest 60% − poorest 40%,richest 60%,poorest 40%,,,,False,not comparable
Hungary,HUN,2024,High income,High income,income,Richest 60% − poorest 40%,richest 60%,poorest 40%,,,,False,not comparable
Iceland,ISL,2024,High income,High income,income,Richest 60% − poorest 40%,richest 60%,poorest 40%,,,,False,not comparable
India,IND,2024,South Asia (excluding high income),Lower middle income,income,Richest 60% − poorest 40%,richest 60%,poorest 40%,26.4107883750098,6.14164469230262,20.26914368270718,True,first group higher
Indonesia,IDN,2024,East Asia & Pacific (excluding high income),Lower middle income,income,Richest 60% − poorest 40%,richest 60%,poorest 40%,17.195554023419902,8.18444540098244,9.011108622437462,True,first group higher
"Iran, Islamic Rep.",IRN,2024,Middle East & North Africa (excluding high income),Lower middle income,income,Richest 60% − poorest 40%,richest 60%,poorest 40%,84.8827449108355,69.2243813111326,15.658363599702895,True,first group higher
Iraq,IRQ,2024,Middle East & North Africa (excluding high income),Upper middle income,income,Richest 60% − poorest 40%,richest 60%,poorest 40%,13.6370389479999,5.87183506324063,7.765203884759269,True,first group higher
Ireland,IRL,2024,High income,High income,income,Richest 60% − poorest 40%,richest 60%,poorest 40%,,,,False,not comparable
Israel,ISR,2024,High income,High income,income,Richest 60% − poorest 40%,richest 60%,poorest 40%,,,,False,not comparable
Italy,ITA,2024,High income,High income,income,Richest 60% − poorest 40%,richest 60%,poorest 40%,,,,False,not comparable
Japan,JPN,2024,High income,High income,income,Richest 60% − poorest 40%,richest 60%,poorest 40%,,,,False,not comparable
Jordan,JOR,2024,Middle East & North Africa (excluding high income),Upper middle income,income,Richest 60% − poorest 40%,richest 60%,poorest 40%,17.4631694971912,5.13920641563114,12.32396308156006,True,first group higher
Kazakhstan,KAZ,2024,Europe & Central Asia (excluding high income),Upper middle income,income,Richest 60% − poorest 40%,richest 60%,poorest 40%,71.22581566706239,68.29112498705891,2.9346906800034844,True,first group higher
Kenya,KEN,2024,Sub-Saharan Africa (excluding high income),Lower middle income,income,Richest 60% − poorest 40%,richest 60%,poorest 40%,64.94795606626779,41.917962784185,23.029993282082792,True,first group higher
"Korea, Rep.",KOR,2024,High income,High income,income,Richest 60% − poorest 40%,richest 60%,poorest 40%,,,,False,not comparable
Kosovo,XKX,2024,Europe & Central Asia (excluding high income),Upper middle income,income,Richest 60% − poorest 40%,richest 60%,poorest 40%,,,,False,not comparable
Kuwait,KWT,2024,High income,High income,income,Richest 60% − poorest 40%,richest 60%,poorest 40%,,,,False,not comparable
Kyrgyz Republic,KGZ,2024,Europe & Central Asia (excluding high income),Lower middle income,income,Richest 60% − poorest 40%,richest 60%,poorest 40%,50.0110026991886,33.4477512799968,16.5632514191918,True,first group higher
Lao PDR,LAO,2024,East Asia & Pacific (excluding high income),Lower middle income,income,Richest 60% − poorest 40%,richest 60%,poorest 40%,30.7624185549214,7.71679165795363,23.045626896967768,True,first group higher
Latvia,LVA,2024,High income,High income,income,Richest 60% − poorest 40%,richest 60%,poorest 40%,,,,False,not comparable
Lebanon,LBN,2024,Middle East & North Africa (excluding high income),Lower middle income,income,Richest 60% − poorest 40%,richest 60%,poorest 40%,,,,False,not comparable
Liberia,LBR,2024,Sub-Saharan Africa (excluding high income),Low income,income,Richest 60% − poorest 40%,richest 60%,poorest 40%,,,,False,not comparable
Libya,LBY,2024,Middle East & North Africa (excluding high income),Upper middle income,income,Richest 60% − poorest 40%,richest 60%,poorest 40%,15.4975153606682,14.2848077704269,1.2127075902412994,True,first group higher
Lithuania,LTU,2024,High income,High income,income,Richest 60% − poorest 40%,richest 60%,poorest 40%,,,,False,not comparable
Madagascar,MDG,2024,Sub-Saharan Africa (excluding high income),Low income,income,Richest 60% − poorest 40%,richest 60%,poorest 40%,,,,False,not comparable
Malawi,MWI,2024,Sub-Saharan Africa (excluding high income),Low income,income,Richest 60% − poorest 40%,richest 60%,poorest 40%,13.382442489375098,6.01446984119345,7.367972648181648,True,first group higher
Malaysia,MYS,2024,East Asia & Pacific (excluding high income),Upper middle income,income,Richest 60% − poorest 40%,richest 60%,poorest 40%,65.23280802065901,32.7840076955827,32.448800325076306,True,first group higher
Mali,MLI,2024,Sub-Saharan Africa (excluding high income),Low income,income,Richest 60% − poorest 40%,richest 60%,poorest 40%,13.7975490843739,4.80214531275766,8.995403771616239,True,first group higher
Malta,MLT,2024,High income,High income,income,Richest 60% − poorest 40%,richest 60%,poorest 40%,,,,False,not comparable
Mauritania,MRT,2024,Sub-Saharan Africa (excluding high income),Lower middle income,income,Richest 60% − poorest 40%,richest 60%,poorest 40%,13.0691831744349,11.0697003558361,1.9994828185987998,True,first group higher
Mauritius,MUS,2024,Sub-Saharan Africa (excluding high income),Upper middle income,income,Richest 60% − poorest 40%,richest 60%,poorest 40%,56.2605177687282,40.330532332265,15.929985436463198,True,first group higher
Mexico,MEX,2024,Latin America & Caribbean (excluding high income),Upper middle income,income,Richest 60% − poorest 40%,richest 60%,poorest 40%,35.036678870090896,12.3035011388408,22.733177731250095,True,first group higher
Moldova,MDA,2024,Europe & Central Asia (excluding high income),Upper middle income,income,Richest 60% − poorest 40%,richest 60%,poorest 40%,48.3483262004504,22.4121142213755,25.9362119790749,True,first group higher
Mongolia,MNG,2024,East Asia & Pacific (excluding high income),Lower middle income,income,Richest 60% − poorest 40%,richest 60%,poorest 40%,95.87624256227792,93.5388117474421,2.3374308148358267,True,first group higher
Montenegro,MNE,2024,Europe & Central Asia (excluding high income),Upper middle income,income,Richest 60% − poorest 40%,richest 60%,poorest 40%,43.894455194078304,25.144023046763703,18.7504321473146,True,first group higher
Morocco,MAR,2024,Middle East & North Africa (excluding high income),Lower middle income,income,Richest 60% − poorest 40%,richest 60%,poorest 40%,,,,False,not comparable
Mozambique,MOZ,2024,Sub-Saharan Africa (excluding high income),Low income,income,Richest 60% − poorest 40%,richest 60%,poorest 40%,25.7402380521159,7.554489703364419,18.18574834875148,True,first group higher
Namibia,NAM,2024,Sub-Saharan Africa (excluding high income),Upper middle income,income,Richest 60% − poorest 40%,richest 60%,poorest 40%,48.6989811331423,23.297738854167,25.401242278975296,True,first group higher
Nepal,NPL,2024,South Asia (excluding high income),Lower middle income,income,Richest 60% − poorest 40%,richest 60%,poorest 40%,,,,False,not comparable
Netherlands,NLD,2024,High income,High income,income,Richest 60% − poorest 40%,richest 60%,poorest 40%,,,,False,not comparable
New Zealand,NZL,2024,High income,High income,income,Richest 60% − poorest 40%,richest 60%,poorest 40%,,,,False,not comparable
Nicaragua,NIC,2024,Latin America & Caribbean (excluding high income),Lower middle income,income,Richest 60% − poorest 40%,richest 60%,poorest 40%,,,,False,not comparable
Niger,NER,2024,Sub-Saharan Africa (excluding high income),Low income,income,Richest 60% − poorest 40%,richest 60%,poorest 40%,,,,False,not comparable
Nigeria,NGA,2024,Sub-Saharan Africa (excluding high income),Lower middle income,income,Richest 60% − poorest 40%,richest 60%,poorest 40%,35.0891985559093,18.3433546049698,16.7458439509395,True,first group higher
North Macedonia,MKD,2024,Europe & Central Asia (excluding high income),Upper middle income,income,Richest 60% − poorest 40%,richest 60%,poorest 40%,64.6705595878631,34.050473085967795,30.6200865018953,True,first group higher
Norway,NOR,2024,High income,High income,income,Richest 60% − poorest 40%,richest 60%,poorest 40%,,,,False,not comparable
Oman,OMN,2024,High income,High income,income,Richest 60% − poorest 40%,richest 60%,poorest 40%,43.4912625853738,32.9673939574161,10.523868627957704,True,first group higher
Pakistan,PAK,2024,South Asia (excluding high income),Lower middle income,income,Richest 60% − poorest 40%,richest 60%,poorest 40%,,,,False,not comparable
Panama,PAN,2024,High income,High income,income,Richest 60% − poorest 40%,richest 60%,poorest 40%,49.9126064182481,15.7484701664616,34.1641362517865,True,first group higher
Paraguay,PRY,2024,Latin America & Caribbean (excluding high income),Upper middle income,income,Richest 60% − poorest 40%,richest 60%,poorest 40%,34.1291066805805,13.6948923406755,20.434214339904997,True,first group higher
Peru,PER,2024,Latin America & Caribbean (excluding high income),Upper middle income,income,Richest 60% − poorest 40%,richest 60%,poorest 40%,44.0187594067311,15.6972706692184,28.321488737512702,True,first group higher
Philippines,PHL,2024,East Asia & Pacific (excluding high income),Lower middle income,income,Richest 60% − poorest 40%,richest 60%,poorest 40%,20.946551055149506,2.14232582797498,18.804225227174527,True,first group higher
Poland,POL,2024,High income,High income,income,Richest 60% − poorest 40%,richest 60%,poorest 40%,82.1797949670392,71.9299014105886,10.249893556450601,True,first group higher
Portugal,PRT,2024,High income,High income,income,Richest 60% − poorest 40%,richest 60%,poorest 40%,,,,False,not comparable
Romania,ROU,2024,High income,High income,income,Richest 60% − poorest 40%,richest 60%,poorest 40%,62.920273180126,31.0919647665497,31.828308413576302,True,first group higher
Russian Federation,RUS,2024,Europe & Central Asia (excluding high income),Upper middle income,income,Richest 60% − poorest 40%,richest 60%,poorest 40%,,,,False,not comparable
Saudi Arabia,SAU,2024,High income,High income,income,Richest 60% − poorest 40%,richest 60%,poorest 40%,68.8344952883176,57.1637489669115,11.6707463214061,True,first group higher
Senegal,SEN,2024,Sub-Saharan Africa (excluding high income),Lower middle income,income,Richest 60% − poorest 40%,richest 60%,poorest 40%,40.9263377978873,31.0398031415861,9.886534656301201,True,first group higher
Serbia,SRB,2024,Europe & Central Asia (excluding high income),Upper middle income,income,Richest 60% − poorest 40%,richest 60%,poorest 40%,65.0734815082149,36.7954997539113,28.277981754303596,True,first group higher
Sierra Leone,SLE,2024,Sub-Saharan Africa (excluding high income),Low income,income,Richest 60% − poorest 40%,richest 60%,poorest 40%,,,,False,not comparable
Singapore,SGP,2024,High income,High income,income,Richest 60% − poorest 40%,richest 60%,poorest 40%,,,,False,not comparable
Slovak Republic,SVK,2024,High income,High income,income,Richest 60% − poorest 40%,richest 60%,poorest 40%,,,,False,not comparable
Slovenia,SVN,2024,High income,High income,income,Richest 60% − poorest 40%,richest 60%,poorest 40%,,,,False,not comparable
South Africa,ZAF,2024,Sub-Saharan Africa (excluding high income),Upper middle income,income,Richest 60% − poorest 40%,richest 60%,poorest 40%,51.58028864736131,38.2791509683031,13.301137679058208,True,first group higher
Spain,ESP,2024,High income,High income,income,Richest 60% − poorest 40%,richest 60%,poorest 40%,,,,False,not comparable
Sri Lanka,LKA,2024,South Asia (excluding high income),Lower middle income,income,Richest 60% − poorest 40%,richest 60%,poorest 40%,20.9586518582662,5.52321725300012,15.435434605266082,True,first group higher
Sweden,SWE,2024,High income,High income,income,Richest 60% − poorest 40%,richest 60%,poorest 40%,,,,False,not comparable
Switzerland,CHE,2024,High income,High income,income,Richest 60% − poorest 40%,richest 60%,poorest 40%,,,,False,not comparable
"Taiwan, China",TWN,2024,High income,High income,income,Richest 60% − poorest 40%,richest 60%,poorest 40%,,,,False,not comparable
Tajikistan,TJK,2024,Europe & Central Asia (excluding high income),Lower middle income,income,Richest 60% − poorest 40%,richest 60%,poorest 40%,20.8838310713823,9.12828687673067,11.75554419465163,True,first group higher
Tanzania,TZA,2024,Sub-Saharan Africa (excluding high income),Lower middle income,income,Richest 60% − poorest 40%,richest 60%,poorest 40%,,,,False,not comparable
Thailand,THA,2024,East Asia & Pacific (excluding high income),Upper middle income,income,Richest 60% − poorest 40%,richest 60%,poorest 40%,58.3137375100637,40.6262070275086,17.687530482555104,True,first group higher
Togo,TGO,2024,Sub-Saharan Africa (excluding high income),Low income,income,Richest 60% − poorest 40%,richest 60%,poorest 40%,17.1237774085692,8.7297532229502,8.394024185619001,True,first group higher
Trinidad and Tobago,TTO,2024,High income,High income,income,Richest 60% − poorest 40%,richest 60%,poorest 40%,,,,False,not comparable
Tunisia,TUN,2024,Middle East & North Africa (excluding high income),Lower middle income,income,Richest 60% − poorest 40%,richest 60%,poorest 40%,,,,False,not comparable
Turkiye,TUR,2024,Europe & Central Asia (excluding high income),Upper middle income,income,Richest 60% − poorest 40%,richest 60%,poorest 40%,63.24672972693059,33.8264234301778,29.42030629675279,True,first group higher
Uganda,UGA,2024,Sub-Saharan Africa (excluding high income),Low income,income,Richest 60% − poorest 40%,richest 60%,poorest 40%,13.2976079535621,9.21312955734697,4.084478396215129,True,first group higher
Ukraine,UKR,2024,Europe & Central Asia (excluding high income),Lower middle income,income,Richest 60% − poorest 40%,richest 60%,poorest 40%,80.8478270986048,62.7081649604892,18.139662138115597,True,first group higher
United Arab Emirates,ARE,2024,High income,High income,income,Richest 60% − poorest 40%,richest 60%,poorest 40%,,,,False,not comparable
United Kingdom,GBR,2024,High income,High income,income,Richest 60% − poorest 40%,richest 60%,poorest 40%,,,,False,not comparable
United States,USA,2024,High income,High income,income,Richest 60% − poorest 40%,richest 60%,poorest 40%,,,,False,not comparable
Uruguay,URY,2024,High income,High income,income,Richest 60% − poorest 40%,richest 60%,poorest 40%,,,,False,not comparable
Uzbekistan,UZB,2024,Europe & Central Asia (excluding high income),Lower middle income,income,Richest 60% − poorest 40%,richest 60%,poorest 40%,40.3536605880846,34.6870957301589,5.6665648579256995,True,first group higher
"Venezuela, RB",VEN,2024,Latin America & Caribbean (excluding high income),Upper middle income,income,Richest 60% − poorest 40%,richest 60%,poorest 40%,79.35384837346649,59.8838287934788,19.470019579987692,True,first group higher
Viet Nam,VNM,2024,East Asia & Pacific (excluding high income),Lower middle income,income,Richest 60% − poorest 40%,richest 60%,poorest 40%,67.5277117773709,26.4817109440334,41.0460008333375,True,first group higher
West Bank and Gaza,PSE,2024,Middle East & North Africa (excluding high income),Lower middle income,income,Richest 60% − poorest 40%,richest 60%,poorest 40%,,,,False,not comparable
Zambia,ZMB,2024,Sub-Saharan Africa (excluding high income),Low income,income,Richest 60% − poorest 40%,richest 60%,poorest 40%,27.3446693581824,6.940824177395149,20.40384518078725,True,first group higher
Zimbabwe,ZWE,2024,Sub-Saharan Africa (excluding high income),Lower middle income,income,Richest 60% − poorest 40%,richest 60%,poorest 40%,35.8899753816102,18.8974909687446,16.9924844128656,True,first group higher
Afghanistan,AFG,2021,South Asia (excluding high income),Low income,laborforce,In labor force − out of labor force,in laborforce,out of laborforce,,,,False,not comparable
Albania,ALB,2021,Europe & Central Asia (excluding high income),Upper middle income,laborforce,In labor force − out of labor force,in laborforce,out of laborforce,21.5646778076623,5.428642053720701,16.1360357539416,True,first group higher
Algeria,DZA,2021,Middle East & North Africa (excluding high income),Lower middle income,laborforce,In labor force − out of labor force,in laborforce,out of laborforce,,,,False,not comparable
Argentina,ARG,2021,Latin America & Caribbean (excluding high income),Upper middle income,laborforce,In labor force − out of labor force,in laborforce,out of laborforce,50.9805751048249,34.0438133104715,16.9367617943534,True,first group higher
Armenia,ARM,2021,Europe & Central Asia (excluding high income),Upper middle income,laborforce,In labor force − out of labor force,in laborforce,out of laborforce,20.6066408321474,9.66060569154083,10.946035140606568,True,first group higher
Australia,AUS,2021,High income,High income,laborforce,In labor force − out of labor force,in laborforce,out of laborforce,,,,False,not comparable
Austria,AUT,2021,High income,High income,laborforce,In labor force − out of labor force,in laborforce,out of laborforce,,,,False,not comparable
Bangladesh,BGD,2021,South Asia (excluding high income),Lower middle income,laborforce,In labor force − out of labor force,in laborforce,out of laborforce,,,,False,not comparable
Belgium,BEL,2021,High income,High income,laborforce,In labor force − out of labor force,in laborforce,out of laborforce,,,,False,not comparable
Benin,BEN,2021,Sub-Saharan Africa (excluding high income),Lower middle income,laborforce,In labor force − out of labor force,in laborforce,out of laborforce,,,,False,not comparable
Bolivia,BOL,2021,Latin America & Caribbean (excluding high income),Lower middle income,laborforce,In labor force − out of labor force,in laborforce,out of laborforce,16.5051242729928,11.4239705378689,5.081153735123898,True,first group higher
Bosnia and Herzegovina,BIH,2021,Europe & Central Asia (excluding high income),Upper middle income,laborforce,In labor force − out of labor force,in laborforce,out of laborforce,52.4070425829597,20.3814738061653,32.0255687767944,True,first group higher
Brazil,BRA,2021,Latin America & Caribbean (excluding high income),Upper middle income,laborforce,In labor force − out of labor force,in laborforce,out of laborforce,63.6497522482909,34.0689535280336,29.5807987202573,True,first group higher
Bulgaria,BGR,2021,Europe & Central Asia (excluding high income),Upper middle income,laborforce,In labor force − out of labor force,in laborforce,out of laborforce,55.313184016055,42.8736570033521,12.439527012702897,True,first group higher
Burkina Faso,BFA,2021,Sub-Saharan Africa (excluding high income),Low income,laborforce,In labor force − out of labor force,in laborforce,out of laborforce,,,,False,not comparable
Cambodia,KHM,2021,East Asia & Pacific (excluding high income),Lower middle income,laborforce,In labor force − out of labor force,in laborforce,out of laborforce,,,,False,not comparable
Cameroon,CMR,2021,Sub-Saharan Africa (excluding high income),Lower middle income,laborforce,In labor force − out of labor force,in laborforce,out of laborforce,,,,False,not comparable
Canada,CAN,2021,High income,High income,laborforce,In labor force − out of labor force,in laborforce,out of laborforce,,,,False,not comparable
Chile,CHL,2021,High income,High income,laborforce,In labor force − out of labor force,in laborforce,out of laborforce,,,,False,not comparable
Colombia,COL,2021,Latin America & Caribbean (excluding high income),Upper middle income,laborforce,In labor force − out of labor force,in laborforce,out of laborforce,25.183730782641,12.3427547537535,12.8409760288875,True,first group higher
"Congo, Rep.",COG,2021,Sub-Saharan Africa (excluding high income),Lower middle income,laborforce,In labor force − out of labor force,in laborforce,out of laborforce,,,,False,not comparable
Costa Rica,CRI,2021,Latin America & Caribbean (excluding high income),Upper middle income,laborforce,In labor force − out of labor force,in laborforce,out of laborforce,47.477646600443,27.643177911640997,19.834468688802005,True,first group higher
Cote d'Ivoire,CIV,2021,Sub-Saharan Africa (excluding high income),Lower middle income,laborforce,In labor force − out of labor force,in laborforce,out of laborforce,,,,False,not comparable
Croatia,HRV,2021,High income,High income,laborforce,In labor force − out of labor force,in laborforce,out of laborforce,,,,False,not comparable
Cyprus,CYP,2021,High income,High income,laborforce,In labor force − out of labor force,in laborforce,out of laborforce,,,,False,not comparable
Czechia,CZE,2021,High income,High income,laborforce,In labor force − out of labor force,in laborforce,out of laborforce,,,,False,not comparable
Denmark,DNK,2021,High income,High income,laborforce,In labor force − out of labor force,in laborforce,out of laborforce,,,,False,not comparable
Dominican Republic,DOM,2021,Latin America & Caribbean (excluding high income),Upper middle income,laborforce,In labor force − out of labor force,in laborforce,out of laborforce,18.0771780748718,6.03119406234815,12.04598401252365,True,first group higher
Ecuador,ECU,2021,Latin America & Caribbean (excluding high income),Upper middle income,laborforce,In labor force − out of labor force,in laborforce,out of laborforce,21.5460228513584,7.12362200542699,14.422400845931412,True,first group higher
"Egypt, Arab Rep.",EGY,2021,Middle East & North Africa (excluding high income),Lower middle income,laborforce,In labor force − out of labor force,in laborforce,out of laborforce,,,,False,not comparable
El Salvador,SLV,2021,Latin America & Caribbean (excluding high income),Lower middle income,laborforce,In labor force − out of labor force,in laborforce,out of laborforce,,,,False,not comparable
Estonia,EST,2021,High income,High income,laborforce,In labor force − out of labor force,in laborforce,out of laborforce,,,,False,not comparable
Finland,FIN,2021,High income,High income,laborforce,In labor force − out of labor force,in laborforce,out of laborforce,,,,False,not comparable
France,FRA,2021,High income,High income,laborforce,In labor force − out of labor force,in laborforce,out of laborforce,,,,False,not comparable
Gabon,GAB,2021,Sub-Saharan Africa (excluding high income),Upper middle income,laborforce,In labor force − out of labor force,in laborforce,out of laborforce,22.3952559691759,12.0722353097779,10.323020659397999,True,first group higher
Georgia,GEO,2021,Europe & Central Asia (excluding high income),Upper middle income,laborforce,In labor force − out of labor force,in laborforce,out of laborforce,49.2246867797912,20.9193035771577,28.3053832026335,True,first group higher
Germany,DEU,2021,High income,High income,laborforce,In labor force − out of labor force,in laborforce,out of laborforce,,,,False,not comparable
Ghana,GHA,2021,Sub-Saharan Africa (excluding high income),Lower middle income,laborforce,In labor force − out of labor force,in laborforce,out of laborforce,17.0127514634434,9.56057610075052,7.452175362692881,True,first group higher
Greece,GRC,2021,High income,High income,laborforce,In labor force − out of labor force,in laborforce,out of laborforce,,,,False,not comparable
Guinea,GIN,2021,Sub-Saharan Africa (excluding high income),Low income,laborforce,In labor force − out of labor force,in laborforce,out of laborforce,,,,False,not comparable
Honduras,HND,2021,Latin America & Caribbean (excluding high income),Lower middle income,laborforce,In labor force − out of labor force,in laborforce,out of laborforce,,,,False,not comparable
"Hong Kong SAR, China",HKG,2021,High income,High income,laborforce,In labor force − out of labor force,in laborforce,out of laborforce,,,,False,not comparable
Hungary,HUN,2021,High income,High income,laborforce,In labor force − out of labor force,in laborforce,out of laborforce,,,,False,not comparable
Iceland,ISL,2021,High income,High income,laborforce,In labor force − out of labor force,in laborforce,out of laborforce,,,,False,not comparable
India,IND,2021,South Asia (excluding high income),Lower middle income,laborforce,In labor force − out of labor force,in laborforce,out of laborforce,17.116322722701398,7.7743500121276705,9.341972710573728,True,first group higher
Indonesia,IDN,2021,East Asia & Pacific (excluding high income),Lower middle income,laborforce,In labor force − out of labor force,in laborforce,out of laborforce,13.6603518795885,11.9849742626184,1.675377616970101,True,first group higher
"Iran, Islamic Rep.",IRN,2021,Middle East & North Africa (excluding high income),Lower middle income,laborforce,In labor force − out of labor force,in laborforce,out of laborforce,21.1105662960127,9.39695366800655,11.71361262800615,True,first group higher
Iraq,IRQ,2021,Middle East & North Africa (excluding high income),Upper middle income,laborforce,In labor force − out of labor force,in laborforce,out of laborforce,,,,False,not comparable
Ireland,IRL,2021,High income,High income,laborforce,In labor force − out of labor force,in laborforce,out of laborforce,,,,False,not comparable
Israel,ISR,2021,High income,High income,laborforce,In labor force − out of labor force,in laborforce,out of laborforce,,,,False,not comparable
Italy,ITA,2021,High income,High income,laborforce,In labor force − out of labor force,in laborforce,out of laborforce,,,,False,not comparable
Jamaica,JAM,2021,Latin America & Caribbean (excluding high income),Upper middle income,laborforce,In labor force − out of labor force,in laborforce,out of laborforce,27.3839327106155,19.9149665316582,7.468966178957299,True,first group higher
Japan,JPN,2021,High income,High income,laborforce,In labor force − out of labor force,in laborforce,out of laborforce,,,,False,not comparable
Jordan,JOR,2021,Middle East & North Africa (excluding high income),Upper middle income,laborforce,In labor force − out of labor force,in laborforce,out of laborforce,17.396959489882597,9.0573606811617,8.339598808720897,True,first group higher
Kazakhstan,KAZ,2021,Europe & Central Asia (excluding high income),Upper middle income,laborforce,In labor force − out of labor force,in laborforce,out of laborforce,70.0809798825802,40.2192158217033,29.861764060876894,True,first group higher
Kenya,KEN,2021,Sub-Saharan Africa (excluding high income),Lower middle income,laborforce,In labor force − out of labor force,in laborforce,out of laborforce,43.777186964038,17.5916791429263,26.185507821111702,True,first group higher
"Korea, Rep.",KOR,2021,High income,High income,laborforce,In labor force − out of labor force,in laborforce,out of laborforce,,,,False,not comparable
Kosovo,XKX,2021,Europe & Central Asia (excluding high income),Upper middle income,laborforce,In labor force − out of labor force,in laborforce,out of laborforce,37.1760752862492,12.103079226159,25.0729960600902,True,first group higher
Kyrgyz Republic,KGZ,2021,Europe & Central Asia (excluding high income),Lower middle income,laborforce,In labor force − out of labor force,in laborforce,out of laborforce,15.2057960689799,8.24718951328151,6.95860655569839,True,first group higher
Lao PDR,LAO,2021,East Asia & Pacific (excluding high income),Lower middle income,laborforce,In labor force − out of labor force,in laborforce,out of laborforce,,,,False,not comparable
Latvia,LVA,2021,High income,High income,laborforce,In labor force − out of labor force,in laborforce,out of laborforce,,,,False,not comparable
Lebanon,LBN,2021,Middle East & North Africa (excluding high income),Lower middle income,laborforce,In labor force − out of labor force,in laborforce,out of laborforce,,,,False,not comparable
Liberia,LBR,2021,Sub-Saharan Africa (excluding high income),Low income,laborforce,In labor force − out of labor force,in laborforce,out of laborforce,,,,False,not comparable
Lithuania,LTU,2021,High income,High income,laborforce,In labor force − out of labor force,in laborforce,out of laborforce,,,,False,not comparable
Malawi,MWI,2021,Sub-Saharan Africa (excluding high income),Low income,laborforce,In labor force − out of labor force,in laborforce,out of laborforce,,,,False,not comparable
Malaysia,MYS,2021,East Asia & Pacific (excluding high income),Upper middle income,laborforce,In labor force − out of labor force,in laborforce,out of laborforce,64.6721705282624,26.432513581623702,38.239656946638696,True,first group higher
Mali,MLI,2021,Sub-Saharan Africa (excluding high income),Low income,laborforce,In labor force − out of labor force,in laborforce,out of laborforce,13.0152816465374,5.20128540007585,7.813996246461549,True,first group higher
Malta,MLT,2021,High income,High income,laborforce,In labor force − out of labor force,in laborforce,out of laborforce,,,,False,not comparable
Mauritius,MUS,2021,Sub-Saharan Africa (excluding high income),Upper middle income,laborforce,In labor force − out of labor force,in laborforce,out of laborforce,58.3146534306461,31.0409654156658,27.273688014980305,True,first group higher
Moldova,MDA,2021,Europe & Central Asia (excluding high income),Upper middle income,laborforce,In labor force − out of labor force,in laborforce,out of laborforce,46.7444897418483,22.1871046622643,24.557385079583998,True,first group higher
Mongolia,MNG,2021,East Asia & Pacific (excluding high income),Lower middle income,laborforce,In labor force − out of labor force,in laborforce,out of laborforce,90.2213384645011,80.1485802335245,10.072758230976603,True,first group higher
Morocco,MAR,2021,Middle East & North Africa (excluding high income),Lower middle income,laborforce,In labor force − out of labor force,in laborforce,out of laborforce,,,,False,not comparable
Mozambique,MOZ,2021,Sub-Saharan Africa (excluding high income),Low income,laborforce,In labor force − out of labor force,in laborforce,out of laborforce,19.2222768886507,5.87554818827511,13.34672870037559,True,first group higher
Myanmar,MMR,2021,East Asia & Pacific (excluding high income),Lower middle income,laborforce,In labor force − out of labor force,in laborforce,out of laborforce,16.659592988156998,15.2524726473591,1.4071203407978974,True,first group higher
Namibia,NAM,2021,Sub-Saharan Africa (excluding high income),Upper middle income,laborforce,In labor force − out of labor force,in laborforce,out of laborforce,51.3968417138138,16.564967772437,34.8318739413768,True,first group higher
Nepal,NPL,2021,South Asia (excluding high income),Lower middle income,laborforce,In labor force − out of labor force,in laborforce,out of laborforce,,,,False,not comparable
Netherlands,NLD,2021,High income,High income,laborforce,In labor force − out of labor force,in laborforce,out of laborforce,,,,False,not comparable
New Zealand,NZL,2021,High income,High income,laborforce,In labor force − out of labor force,in laborforce,out of laborforce,,,,False,not comparable
Nicaragua,NIC,2021,Latin America & Caribbean (excluding high income),Lower middle income,laborforce,In labor force − out of labor force,in laborforce,out of laborforce,,,,False,not comparable
Nigeria,NGA,2021,Sub-Saharan Africa (excluding high income),Lower middle income,laborforce,In labor force − out of labor force,in laborforce,out of laborforce,,,,False,not comparable
North Macedonia,MKD,2021,Europe & Central Asia (excluding high income),Upper middle income,laborforce,In labor force − out of labor force,in laborforce,out of laborforce,63.3959019312326,27.9834587794482,35.4124431517844,True,first group higher
Norway,NOR,2021,High income,High income,laborforce,In labor force − out of labor force,in laborforce,out of laborforce,,,,False,not comparable
Pakistan,PAK,2021,South Asia (excluding high income),Lower middle income,laborforce,In labor force − out of labor force,in laborforce,out of laborforce,,,,False,not comparable
Panama,PAN,2021,High income,High income,laborforce,In labor force − out of labor force,in laborforce,out of laborforce,,,,False,not comparable
Paraguay,PRY,2021,Latin America & Caribbean (excluding high income),Upper middle income,laborforce,In labor force − out of labor force,in laborforce,out of laborforce,,,,False,not comparable
Peru,PER,2021,Latin America & Caribbean (excluding high income),Upper middle income,laborforce,In labor force − out of labor force,in laborforce,out of laborforce,27.7223154499399,9.95961989958856,17.76269555035134,True,first group higher
Philippines,PHL,2021,East Asia & Pacific (excluding high income),Lower middle income,laborforce,In labor force − out of labor force,in laborforce,out of laborforce,22.0276340456019,12.812470318251002,9.215163727350898,True,first group higher
Poland,POL,2021,High income,High income,laborforce,In labor force − out of labor force,in laborforce,out of laborforce,,,,False,not comparable
Portugal,PRT,2021,High income,High income,laborforce,In labor force − out of labor force,in laborforce,out of laborforce,,,,False,not comparable
Romania,ROU,2021,High income,High income,laborforce,In labor force − out of labor force,in laborforce,out of laborforce,,,,False,not comparable
Russian Federation,RUS,2021,Europe & Central Asia (excluding high income),Upper middle income,laborforce,In labor force − out of labor force,in laborforce,out of laborforce,76.826117395294,63.156093321109495,13.67002407418451,True,first group higher
Saudi Arabia,SAU,2021,High income,High income,laborforce,In labor force − out of labor force,in laborforce,out of laborforce,,,,False,not comparable
Senegal,SEN,2021,Sub-Saharan Africa (excluding high income),Lower middle income,laborforce,In labor force − out of labor force,in laborforce,out of laborforce,14.840255160437,7.83190847432484,7.0083466861121595,True,first group higher
Serbia,SRB,2021,Europe & Central Asia (excluding high income),Upper middle income,laborforce,In labor force − out of labor force,in laborforce,out of laborforce,64.3415902465152,26.696801391561497,37.6447888549537,True,first group higher
Sierra Leone,SLE,2021,Sub-Saharan Africa (excluding high income),Low income,laborforce,In labor force − out of labor force,in laborforce,out of laborforce,,,,False,not comparable
Singapore,SGP,2021,High income,High income,laborforce,In labor force − out of labor force,in laborforce,out of laborforce,,,,False,not comparable
Slovak Republic,SVK,2021,High income,High income,laborforce,In labor force − out of labor force,in laborforce,out of laborforce,,,,False,not comparable
Slovenia,SVN,2021,High income,High income,laborforce,In labor force − out of labor force,in laborforce,out of laborforce,,,,False,not comparable
South Africa,ZAF,2021,Sub-Saharan Africa (excluding high income),Upper middle income,laborforce,In labor force − out of labor force,in laborforce,out of laborforce,66.78279835101661,41.623260172022704,25.159538178993905,True,first group higher
South Sudan,SSD,2021,Sub-Saharan Africa (excluding high income),Low income,laborforce,In labor force − out of labor force,in laborforce,out of laborforce,,,,False,not comparable
Spain,ESP,2021,High income,High income,laborforce,In labor force − out of labor force,in laborforce,out of laborforce,,,,False,not comparable
Sri Lanka,LKA,2021,South Asia (excluding high income),Lower middle income,laborforce,In labor force − out of labor force,in laborforce,out of laborforce,23.352534555278,13.644777840810098,9.707756714467903,True,first group higher
Sweden,SWE,2021,High income,High income,laborforce,In labor force − out of labor force,in laborforce,out of laborforce,,,,False,not comparable
Switzerland,CHE,2021,High income,High income,laborforce,In labor force − out of labor force,in laborforce,out of laborforce,,,,False,not comparable
"Taiwan, China",TWN,2021,High income,High income,laborforce,In labor force − out of labor force,in laborforce,out of laborforce,,,,False,not comparable
Tajikistan,TJK,2021,Europe & Central Asia (excluding high income),Lower middle income,laborforce,In labor force − out of labor force,in laborforce,out of laborforce,,,,False,not comparable
Tanzania,TZA,2021,Sub-Saharan Africa (excluding high income),Lower middle income,laborforce,In labor force − out of labor force,in laborforce,out of laborforce,,,,False,not comparable
Thailand,THA,2021,East Asia & Pacific (excluding high income),Upper middle income,laborforce,In labor force − out of labor force,in laborforce,out of laborforce,67.0320859494382,53.45003390548641,13.58205204395179,True,first group higher
Togo,TGO,2021,Sub-Saharan Africa (excluding high income),Low income,laborforce,In labor force − out of labor force,in laborforce,out of laborforce,,,,False,not comparable
Tunisia,TUN,2021,Middle East & North Africa (excluding high income),Lower middle income,laborforce,In labor force − out of labor force,in laborforce,out of laborforce,,,,False,not comparable
Turkiye,TUR,2021,Europe & Central Asia (excluding high income),Upper middle income,laborforce,In labor force − out of labor force,in laborforce,out of laborforce,57.55725572528439,32.5905877422311,24.96666798305329,True,first group higher
Uganda,UGA,2021,Sub-Saharan Africa (excluding high income),Low income,laborforce,In labor force − out of labor force,in laborforce,out of laborforce,12.3131291849621,5.4146798245714,6.898449360390701,True,first group higher
Ukraine,UKR,2021,Europe & Central Asia (excluding high income),Lower middle income,laborforce,In labor force − out of labor force,in laborforce,out of laborforce,68.8133645475087,42.3014185656787,26.511945981829996,True,first group higher
United Arab Emirates,ARE,2021,High income,High income,laborforce,In labor force − out of labor force,in laborforce,out of laborforce,,,,False,not comparable
United Kingdom,GBR,2021,High income,High income,laborforce,In labor force − out of labor force,in laborforce,out of laborforce,,,,False,not comparable
United States,USA,2021,High income,High income,laborforce,In labor force − out of labor force,in laborforce,out of laborforce,,,,False,not comparable
Uruguay,URY,2021,High income,High income,laborforce,In labor force − out of labor force,in laborforce,out of laborforce,,,,False,not comparable
Uzbekistan,UZB,2021,Europe & Central Asia (excluding high income),Lower middle income,laborforce,In labor force − out of labor force,in laborforce,out of laborforce,40.944133471247,25.3970406395297,15.5470928317173,True,first group higher
"Venezuela, RB",VEN,2021,Latin America & Caribbean (excluding high income),Upper middle income,laborforce,In labor force − out of labor force,in laborforce,out of laborforce,76.0712913537132,50.62071445786071,25.4505768958525,True,first group higher
West Bank and Gaza,PSE,2021,Middle East & North Africa (excluding high income),Lower middle income,laborforce,In labor force − out of labor force,in laborforce,out of laborforce,,,,False,not comparable
Zambia,ZMB,2021,Sub-Saharan Africa (excluding high income),Low income,laborforce,In labor force − out of labor force,in laborforce,out of laborforce,,,,False,not comparable
Zimbabwe,ZWE,2021,Sub-Saharan Africa (excluding high income),Lower middle income,laborforce,In labor force − out of labor force,in laborforce,out of laborforce,55.9945277828623,37.886454956171,18.1080728266913,True,first group higher
Albania,ALB,2024,Europe & Central Asia (excluding high income),Upper middle income,laborforce,In labor force − out of labor force,in laborforce,out of laborforce,20.8565218045698,3.6241012711523,17.232420533417503,True,first group higher
Algeria,DZA,2024,Middle East & North Africa (excluding high income),Lower middle income,laborforce,In labor force − out of labor force,in laborforce,out of laborforce,,,,False,not comparable
Argentina,ARG,2024,Latin America & Caribbean (excluding high income),Upper middle income,laborforce,In labor force − out of labor force,in laborforce,out of laborforce,68.8034811483735,45.4461030541568,23.357378094216706,True,first group higher
Armenia,ARM,2024,Europe & Central Asia (excluding high income),Upper middle income,laborforce,In labor force − out of labor force,in laborforce,out of laborforce,45.0653340063226,23.4385842198873,21.6267497864353,True,first group higher
Australia,AUS,2024,High income,High income,laborforce,In labor force − out of labor force,in laborforce,out of laborforce,,,,False,not comparable
Austria,AUT,2024,High income,High income,laborforce,In labor force − out of labor force,in laborforce,out of laborforce,,,,False,not comparable
Azerbaijan,AZE,2024,Europe & Central Asia (excluding high income),Upper middle income,laborforce,In labor force − out of labor force,in laborforce,out of laborforce,51.252521309187,15.1977570116587,36.0547642975283,True,first group higher
Bahrain,BHR,2024,High income,High income,laborforce,In labor force − out of labor force,in laborforce,out of laborforce,,,,False,not comparable
Bangladesh,BGD,2024,South Asia (excluding high income),Lower middle income,laborforce,In labor force − out of labor force,in laborforce,out of laborforce,,,,False,not comparable
Belgium,BEL,2024,High income,High income,laborforce,In labor force − out of labor force,in laborforce,out of laborforce,,,,False,not comparable
Belize,BLZ,2024,Latin America & Caribbean (excluding high income),Upper middle income,laborforce,In labor force − out of labor force,in laborforce,out of laborforce,31.2366946746163,12.4318784235424,18.8048162510739,True,first group higher
Benin,BEN,2024,Sub-Saharan Africa (excluding high income),Lower middle income,laborforce,In labor force − out of labor force,in laborforce,out of laborforce,,,,False,not comparable
Bolivia,BOL,2024,Latin America & Caribbean (excluding high income),Lower middle income,laborforce,In labor force − out of labor force,in laborforce,out of laborforce,24.0049281896421,9.56189280319097,14.44303538645113,True,first group higher
Bosnia and Herzegovina,BIH,2024,Europe & Central Asia (excluding high income),Upper middle income,laborforce,In labor force − out of labor force,in laborforce,out of laborforce,46.1394351240421,16.865892030914402,29.2735430931277,True,first group higher
Botswana,BWA,2024,Sub-Saharan Africa (excluding high income),Upper middle income,laborforce,In labor force − out of labor force,in laborforce,out of laborforce,36.78330793971861,17.6387837387973,19.14452420092131,True,first group higher
Brazil,BRA,2024,Latin America & Caribbean (excluding high income),Upper middle income,laborforce,In labor force − out of labor force,in laborforce,out of laborforce,73.154979417584,39.0467456236857,34.1082337938983,True,first group higher
Bulgaria,BGR,2024,Europe & Central Asia (excluding high income),Upper middle income,laborforce,In labor force − out of labor force,in laborforce,out of laborforce,74.1327257899636,30.5584132856369,43.5743125043267,True,first group higher
Burkina Faso,BFA,2024,Sub-Saharan Africa (excluding high income),Low income,laborforce,In labor force − out of labor force,in laborforce,out of laborforce,13.2201434988554,9.05462040943295,4.16552308942245,True,first group higher
Cambodia,KHM,2024,East Asia & Pacific (excluding high income),Lower middle income,laborforce,In labor force − out of labor force,in laborforce,out of laborforce,22.8009830402982,11.4008995636339,11.4000834766643,True,first group higher
Cameroon,CMR,2024,Sub-Saharan Africa (excluding high income),Lower middle income,laborforce,In labor force − out of labor force,in laborforce,out of laborforce,24.3377562530433,11.2063635703254,13.131392682717898,True,first group higher
Canada,CAN,2024,High income,High income,laborforce,In labor force − out of labor force,in laborforce,out of laborforce,,,,False,not comparable
Chad,TCD,2024,Sub-Saharan Africa (excluding high income),Low income,laborforce,In labor force − out of labor force,in laborforce,out of laborforce,,,,False,not comparable
Chile,CHL,2024,High income,High income,laborforce,In labor force − out of labor force,in laborforce,out of laborforce,,,,False,not comparable
Colombia,COL,2024,Latin America & Caribbean (excluding high income),Upper middle income,laborforce,In labor force − out of labor force,in laborforce,out of laborforce,34.1373343779775,12.294626192189,21.842708185788503,True,first group higher
Comoros,COM,2024,Sub-Saharan Africa (excluding high income),Lower middle income,laborforce,In labor force − out of labor force,in laborforce,out of laborforce,,,,False,not comparable
"Congo, Dem. Rep.",COD,2024,Sub-Saharan Africa (excluding high income),Low income,laborforce,In labor force − out of labor force,in laborforce,out of laborforce,,,,False,not comparable
"Congo, Rep.",COG,2024,Sub-Saharan Africa (excluding high income),Lower middle income,laborforce,In labor force − out of labor force,in laborforce,out of laborforce,,,,False,not comparable
Costa Rica,CRI,2024,Latin America & Caribbean (excluding high income),Upper middle income,laborforce,In labor force − out of labor force,in laborforce,out of laborforce,59.454804874652304,29.6333598941737,29.821444980478603,True,first group higher
Cote d'Ivoire,CIV,2024,Sub-Saharan Africa (excluding high income),Lower middle income,laborforce,In labor force − out of labor force,in laborforce,out of laborforce,,,,False,not comparable
Croatia,HRV,2024,High income,High income,laborforce,In labor force − out of labor force,in laborforce,out of laborforce,83.2097361420353,41.2438383289924,41.96589781304289,True,first group higher
Cyprus,CYP,2024,High income,High income,laborforce,In labor force − out of labor force,in laborforce,out of laborforce,,,,False,not comparable
Czechia,CZE,2024,High income,High income,laborforce,In labor force − out of labor force,in laborforce,out of laborforce,,,,False,not comparable
Denmark,DNK,2024,High income,High income,laborforce,In labor force − out of labor force,in laborforce,out of laborforce,,,,False,not comparable
Dominican Republic,DOM,2024,Latin America & Caribbean (excluding high income),Upper middle income,laborforce,In labor force − out of labor force,in laborforce,out of laborforce,38.3499421665405,9.7548016102512,28.5951405562893,True,first group higher
Ecuador,ECU,2024,Latin America & Caribbean (excluding high income),Upper middle income,laborforce,In labor force − out of labor force,in laborforce,out of laborforce,24.690534654791698,10.6084928240788,14.082041830712898,True,first group higher
"Egypt, Arab Rep.",EGY,2024,Middle East & North Africa (excluding high income),Lower middle income,laborforce,In labor force − out of labor force,in laborforce,out of laborforce,,,,False,not comparable
El Salvador,SLV,2024,Latin America & Caribbean (excluding high income),Lower middle income,laborforce,In labor force − out of labor force,in laborforce,out of laborforce,,,,False,not comparable
Estonia,EST,2024,High income,High income,laborforce,In labor force − out of labor force,in laborforce,out of laborforce,,,,False,not comparable
Eswatini,SWZ,2024,Sub-Saharan Africa (excluding high income),Lower middle income,laborforce,In labor force − out of labor force,in laborforce,out of laborforce,26.9070350924109,9.51707770353711,17.38995738887379,True,first group higher
Ethiopia,ETH,2024,Sub-Saharan Africa (excluding high income),Low income,laborforce,In labor force − out of labor force,in laborforce,out of laborforce,,,,False,not comparable
Finland,FIN,2024,High income,High income,laborforce,In labor force − out of labor force,in laborforce,out of laborforce,,,,False,not comparable
France,FRA,2024,High income,High income,laborforce,In labor force − out of labor force,in laborforce,out of laborforce,,,,False,not comparable
Gabon,GAB,2024,Sub-Saharan Africa (excluding high income),Upper middle income,laborforce,In labor force − out of labor force,in laborforce,out of laborforce,24.4994018790899,14.5628641302419,9.936537748847998,True,first group higher
"Gambia, The",GMB,2024,Sub-Saharan Africa (excluding high income),Low income,laborforce,In labor force − out of labor force,in laborforce,out of laborforce,,,,False,not comparable
Georgia,GEO,2024,Europe & Central Asia (excluding high income),Upper middle income,laborforce,In labor force − out of labor force,in laborforce,out of laborforce,62.2050675353911,34.1839274754222,28.0211400599689,True,first group higher
Germany,DEU,2024,High income,High income,laborforce,In labor force − out of labor force,in laborforce,out of laborforce,,,,False,not comparable
Ghana,GHA,2024,Sub-Saharan Africa (excluding high income),Lower middle income,laborforce,In labor force − out of labor force,in laborforce,out of laborforce,32.327568789994,14.8864987185809,17.441070071413098,True,first group higher
Greece,GRC,2024,High income,High income,laborforce,In labor force − out of labor force,in laborforce,out of laborforce,,,,False,not comparable
Guatemala,GTM,2024,Latin America & Caribbean (excluding high income),Upper middle income,laborforce,In labor force − out of labor force,in laborforce,out of laborforce,,,,False,not comparable
Guinea,GIN,2024,Sub-Saharan Africa (excluding high income),Low income,laborforce,In labor force − out of labor force,in laborforce,out of laborforce,,,,False,not comparable
Honduras,HND,2024,Latin America & Caribbean (excluding high income),Lower middle income,laborforce,In labor force − out of labor force,in laborforce,out of laborforce,,,,False,not comparable
"Hong Kong SAR, China",HKG,2024,High income,High income,laborforce,In labor force − out of labor force,in laborforce,out of laborforce,,,,False,not comparable
Hungary,HUN,2024,High income,High income,laborforce,In labor force − out of labor force,in laborforce,out of laborforce,,,,False,not comparable
Iceland,ISL,2024,High income,High income,laborforce,In labor force − out of labor force,in laborforce,out of laborforce,,,,False,not comparable
India,IND,2024,South Asia (excluding high income),Lower middle income,laborforce,In labor force − out of labor force,in laborforce,out of laborforce,22.0077619790168,12.797540035312,9.210221943704799,True,first group higher
Indonesia,IDN,2024,East Asia & Pacific (excluding high income),Lower middle income,laborforce,In labor force − out of labor force,in laborforce,out of laborforce,17.706498359734297,7.26004136614333,10.446456993590967,True,first group higher
"Iran, Islamic Rep.",IRN,2024,Middle East & North Africa (excluding high income),Lower middle income,laborforce,In labor force − out of labor force,in laborforce,out of laborforce,85.21118119368421,72.6928294964355,12.518351697248718,True,first group higher
Iraq,IRQ,2024,Middle East & North Africa (excluding high income),Upper middle income,laborforce,In labor force − out of labor force,in laborforce,out of laborforce,17.966115854996,5.43950965414649,12.52660620084951,True,first group higher
Ireland,IRL,2024,High income,High income,laborforce,In labor force − out of labor force,in laborforce,out of laborforce,,,,False,not comparable
Israel,ISR,2024,High income,High income,laborforce,In labor force − out of labor force,in laborforce,out of laborforce,,,,False,not comparable
Italy,ITA,2024,High income,High income,laborforce,In labor force − out of labor force,in laborforce,out of laborforce,,,,False,not comparable
Japan,JPN,2024,High income,High income,laborforce,In labor force − out of labor force,in laborforce,out of laborforce,,,,False,not comparable
Jordan,JOR,2024,Middle East & North Africa (excluding high income),Upper middle income,laborforce,In labor force − out of labor force,in laborforce,out of laborforce,23.7203597730815,7.832872480647881,15.88748729243362,True,first group higher
Kazakhstan,KAZ,2024,Europe & Central Asia (excluding high income),Upper middle income,laborforce,In labor force − out of labor force,in laborforce,out of laborforce,82.7589806036909,49.2644313501177,33.494549253573204,True,first group higher
Kenya,KEN,2024,Sub-Saharan Africa (excluding high income),Lower middle income,laborforce,In labor force − out of labor force,in laborforce,out of laborforce,59.7063895123812,44.9097805854876,14.796608926893597,True,first group higher
"Korea, Rep.",KOR,2024,High income,High income,laborforce,In labor force − out of labor force,in laborforce,out of laborforce,,,,False,not comparable
Kosovo,XKX,2024,Europe & Central Asia (excluding high income),Upper middle income,laborforce,In labor force − out of labor force,in laborforce,out of laborforce,,,,False,not comparable
Kuwait,KWT,2024,High income,High income,laborforce,In labor force − out of labor force,in laborforce,out of laborforce,,,,False,not comparable
Kyrgyz Republic,KGZ,2024,Europe & Central Asia (excluding high income),Lower middle income,laborforce,In labor force − out of labor force,in laborforce,out of laborforce,54.842208890118705,27.7305141148393,27.111694775279407,True,first group higher
Lao PDR,LAO,2024,East Asia & Pacific (excluding high income),Lower middle income,laborforce,In labor force − out of labor force,in laborforce,out of laborforce,21.6008668602325,19.9767001827364,1.624166677496099,True,first group higher
Latvia,LVA,2024,High income,High income,laborforce,In labor force − out of labor force,in laborforce,out of laborforce,,,,False,not comparable
Lebanon,LBN,2024,Middle East & North Africa (excluding high income),Lower middle income,laborforce,In labor force − out of labor force,in laborforce,out of laborforce,,,,False,not comparable
Lesotho,LSO,2024,Sub-Saharan Africa (excluding high income),Lower middle income,laborforce,In labor force − out of labor force,in laborforce,out of laborforce,31.0693302358012,7.40845800349597,23.66087223230523,True,first group higher
Liberia,LBR,2024,Sub-Saharan Africa (excluding high income),Low income,laborforce,In labor force − out of labor force,in laborforce,out of laborforce,,,,False,not comparable
Libya,LBY,2024,Middle East & North Africa (excluding high income),Upper middle income,laborforce,In labor force − out of labor force,in laborforce,out of laborforce,22.0061114849078,7.889806506932349,14.116304977975453,True,first group higher
Lithuania,LTU,2024,High income,High income,laborforce,In labor force − out of labor force,in laborforce,out of laborforce,,,,False,not comparable
Madagascar,MDG,2024,Sub-Saharan Africa (excluding high income),Low income,laborforce,In labor force − out of labor force,in laborforce,out of laborforce,,,,False,not comparable
Malawi,MWI,2024,Sub-Saharan Africa (excluding high income),Low income,laborforce,In labor force − out of labor force,in laborforce,out of laborforce,12.145814011999,8.29403336326717,3.8517806487318307,True,first group higher
Malaysia,MYS,2024,East Asia & Pacific (excluding high income),Upper middle income,laborforce,In labor force − out of labor force,in laborforce,out of laborforce,64.29169852300231,33.6114282047375,30.68027031826481,True,first group higher
Mali,MLI,2024,Sub-Saharan Africa (excluding high income),Low income,laborforce,In labor force − out of labor force,in laborforce,out of laborforce,10.8328799721085,8.13563767580215,2.697242296306351,True,first group higher
Malta,MLT,2024,High income,High income,laborforce,In labor force − out of labor force,in laborforce,out of laborforce,,,,False,not comparable
Mauritania,MRT,2024,Sub-Saharan Africa (excluding high income),Lower middle income,laborforce,In labor force − out of labor force,in laborforce,out of laborforce,15.9919217248139,8.14293374178348,7.848987983030419,True,first group higher
Mauritius,MUS,2024,Sub-Saharan Africa (excluding high income),Upper middle income,laborforce,In labor force − out of labor force,in laborforce,out of laborforce,58.1607670551194,35.0482420409204,23.112525014199,True,first group higher
Mexico,MEX,2024,Latin America & Caribbean (excluding high income),Upper middle income,laborforce,In labor force − out of labor force,in laborforce,out of laborforce,33.3628997356043,13.4176101899092,19.945289545695104,True,first group higher
Moldova,MDA,2024,Europe & Central Asia (excluding high income),Upper middle income,laborforce,In labor force − out of labor force,in laborforce,out of laborforce,50.1429037485583,24.5090384087589,25.633865339799396,True,first group higher
Mongolia,MNG,2024,East Asia & Pacific (excluding high income),Lower middle income,laborforce,In labor force − out of labor force,in laborforce,out of laborforce,97.2248405240688,90.8436672798193,6.381173244249496,True,first group higher
Montenegro,MNE,2024,Europe & Central Asia (excluding high income),Upper middle income,laborforce,In labor force − out of labor force,in laborforce,out of laborforce,61.06281100690059,12.623900169916,48.43891083698459,True,first group higher
Morocco,MAR,2024,Middle East & North Africa (excluding high income),Lower middle income,laborforce,In labor force − out of labor force,in laborforce,out of laborforce,,,,False,not comparable
Mozambique,MOZ,2024,Sub-Saharan Africa (excluding high income),Low income,laborforce,In labor force − out of labor force,in laborforce,out of laborforce,26.249610184995294,11.5486936022892,14.700916582706094,True,first group higher
Namibia,NAM,2024,Sub-Saharan Africa (excluding high income),Upper middle income,laborforce,In labor force − out of labor force,in laborforce,out of laborforce,61.333394858762105,20.514657981283797,40.81873687747831,True,first group higher
Nepal,NPL,2024,South Asia (excluding high income),Lower middle income,laborforce,In labor force − out of labor force,in laborforce,out of laborforce,,,,False,not comparable
Netherlands,NLD,2024,High income,High income,laborforce,In labor force − out of labor force,in laborforce,out of laborforce,,,,False,not comparable
New Zealand,NZL,2024,High income,High income,laborforce,In labor force − out of labor force,in laborforce,out of laborforce,,,,False,not comparable
Nicaragua,NIC,2024,Latin America & Caribbean (excluding high income),Lower middle income,laborforce,In labor force − out of labor force,in laborforce,out of laborforce,,,,False,not comparable
Niger,NER,2024,Sub-Saharan Africa (excluding high income),Low income,laborforce,In labor force − out of labor force,in laborforce,out of laborforce,,,,False,not comparable
Nigeria,NGA,2024,Sub-Saharan Africa (excluding high income),Lower middle income,laborforce,In labor force − out of labor force,in laborforce,out of laborforce,33.897670828466495,13.932281860768,19.965388967698495,True,first group higher
North Macedonia,MKD,2024,Europe & Central Asia (excluding high income),Upper middle income,laborforce,In labor force − out of labor force,in laborforce,out of laborforce,77.5214941768096,30.427362909170803,47.094131267638794,True,first group higher
Norway,NOR,2024,High income,High income,laborforce,In labor force − out of labor force,in laborforce,out of laborforce,,,,False,not comparable
Oman,OMN,2024,High income,High income,laborforce,In labor force − out of labor force,in laborforce,out of laborforce,40.300151848712,37.9563997372512,2.3437521114607947,True,first group higher
Pakistan,PAK,2024,South Asia (excluding high income),Lower middle income,laborforce,In labor force − out of labor force,in laborforce,out of laborforce,,,,False,not comparable
Panama,PAN,2024,High income,High income,laborforce,In labor force − out of labor force,in laborforce,out of laborforce,45.1207060928143,22.913463545451503,22.2072425473628,True,first group higher
Paraguay,PRY,2024,Latin America & Caribbean (excluding high income),Upper middle income,laborforce,In labor force − out of labor force,in laborforce,out of laborforce,31.0195496882383,14.970147365072,16.049402323166298,True,first group higher
Peru,PER,2024,Latin America & Caribbean (excluding high income),Upper middle income,laborforce,In labor force − out of labor force,in laborforce,out of laborforce,39.572693604204,16.8483816457645,22.724311958439497,True,first group higher
Philippines,PHL,2024,East Asia & Pacific (excluding high income),Lower middle income,laborforce,In labor force − out of labor force,in laborforce,out of laborforce,14.6867035882194,11.5395140860151,3.1471895022043004,True,first group higher
Poland,POL,2024,High income,High income,laborforce,In labor force − out of labor force,in laborforce,out of laborforce,94.46559587683628,52.66726214419341,41.79833373264287,True,first group higher
Portugal,PRT,2024,High income,High income,laborforce,In labor force − out of labor force,in laborforce,out of laborforce,,,,False,not comparable
Romania,ROU,2024,High income,High income,laborforce,In labor force − out of labor force,in laborforce,out of laborforce,65.0895964298537,36.7801651508434,28.309431279010298,True,first group higher
Russian Federation,RUS,2024,Europe & Central Asia (excluding high income),Upper middle income,laborforce,In labor force − out of labor force,in laborforce,out of laborforce,,,,False,not comparable
Saudi Arabia,SAU,2024,High income,High income,laborforce,In labor force − out of labor force,in laborforce,out of laborforce,71.0353349522221,48.0614111049949,22.973923847227198,True,first group higher
Senegal,SEN,2024,Sub-Saharan Africa (excluding high income),Lower middle income,laborforce,In labor force − out of labor force,in laborforce,out of laborforce,42.1798527310303,20.852359753981705,21.327492977048596,True,first group higher
Serbia,SRB,2024,Europe & Central Asia (excluding high income),Upper middle income,laborforce,In labor force − out of labor force,in laborforce,out of laborforce,78.54625009952821,24.634457578728,53.911792520800205,True,first group higher
Sierra Leone,SLE,2024,Sub-Saharan Africa (excluding high income),Low income,laborforce,In labor force − out of labor force,in laborforce,out of laborforce,,,,False,not comparable
Singapore,SGP,2024,High income,High income,laborforce,In labor force − out of labor force,in laborforce,out of laborforce,,,,False,not comparable
Slovak Republic,SVK,2024,High income,High income,laborforce,In labor force − out of labor force,in laborforce,out of laborforce,,,,False,not comparable
Slovenia,SVN,2024,High income,High income,laborforce,In labor force − out of labor force,in laborforce,out of laborforce,,,,False,not comparable
South Africa,ZAF,2024,Sub-Saharan Africa (excluding high income),Upper middle income,laborforce,In labor force − out of labor force,in laborforce,out of laborforce,56.94867566749831,39.6437694658823,17.304906201616006,True,first group higher
Spain,ESP,2024,High income,High income,laborforce,In labor force − out of labor force,in laborforce,out of laborforce,,,,False,not comparable
Sri Lanka,LKA,2024,South Asia (excluding high income),Lower middle income,laborforce,In labor force − out of labor force,in laborforce,out of laborforce,20.2019212091906,10.0715716899502,10.1303495192404,True,first group higher
Sweden,SWE,2024,High income,High income,laborforce,In labor force − out of labor force,in laborforce,out of laborforce,,,,False,not comparable
Switzerland,CHE,2024,High income,High income,laborforce,In labor force − out of labor force,in laborforce,out of laborforce,,,,False,not comparable
"Taiwan, China",TWN,2024,High income,High income,laborforce,In labor force − out of labor force,in laborforce,out of laborforce,,,,False,not comparable
Tajikistan,TJK,2024,Europe & Central Asia (excluding high income),Lower middle income,laborforce,In labor force − out of labor force,in laborforce,out of laborforce,25.4406745591994,7.80110357896788,17.63957098023152,True,first group higher
Tanzania,TZA,2024,Sub-Saharan Africa (excluding high income),Lower middle income,laborforce,In labor force − out of labor force,in laborforce,out of laborforce,,,,False,not comparable
Thailand,THA,2024,East Asia & Pacific (excluding high income),Upper middle income,laborforce,In labor force − out of labor force,in laborforce,out of laborforce,55.0822686120623,37.698475358746805,17.383793253315496,True,first group higher
Togo,TGO,2024,Sub-Saharan Africa (excluding high income),Low income,laborforce,In labor force − out of labor force,in laborforce,out of laborforce,15.0592904062803,10.2284413201273,4.830849086153,True,first group higher
Trinidad and Tobago,TTO,2024,High income,High income,laborforce,In labor force − out of labor force,in laborforce,out of laborforce,,,,False,not comparable
Tunisia,TUN,2024,Middle East & North Africa (excluding high income),Lower middle income,laborforce,In labor force − out of labor force,in laborforce,out of laborforce,,,,False,not comparable
Turkiye,TUR,2024,Europe & Central Asia (excluding high income),Upper middle income,laborforce,In labor force − out of labor force,in laborforce,out of laborforce,75.22486736770921,30.639531562931698,44.585335804777515,True,first group higher
Uganda,UGA,2024,Sub-Saharan Africa (excluding high income),Low income,laborforce,In labor force − out of labor force,in laborforce,out of laborforce,12.764435795647,7.7076303777738095,5.05680541787319,True,first group higher
Ukraine,UKR,2024,Europe & Central Asia (excluding high income),Lower middle income,laborforce,In labor force − out of labor force,in laborforce,out of laborforce,80.0074991226073,64.69334564046049,15.314153482146807,True,first group higher
United Arab Emirates,ARE,2024,High income,High income,laborforce,In labor force − out of labor force,in laborforce,out of laborforce,,,,False,not comparable
United Kingdom,GBR,2024,High income,High income,laborforce,In labor force − out of labor force,in laborforce,out of laborforce,,,,False,not comparable
United States,USA,2024,High income,High income,laborforce,In labor force − out of labor force,in laborforce,out of laborforce,,,,False,not comparable
Uruguay,URY,2024,High income,High income,laborforce,In labor force − out of labor force,in laborforce,out of laborforce,,,,False,not comparable
Uzbekistan,UZB,2024,Europe & Central Asia (excluding high income),Lower middle income,laborforce,In labor force − out of labor force,in laborforce,out of laborforce,46.0226707548727,30.6711972479934,15.351473506879298,True,first group higher
"Venezuela, RB",VEN,2024,Latin America & Caribbean (excluding high income),Upper middle income,laborforce,In labor force − out of labor force,in laborforce,out of laborforce,72.6946094737908,69.670465070452,3.024144403338809,True,first group higher
Viet Nam,VNM,2024,East Asia & Pacific (excluding high income),Lower middle income,laborforce,In labor force − out of labor force,in laborforce,out of laborforce,58.3994386526086,22.1335861653864,36.265852487222205,True,first group higher
West Bank and Gaza,PSE,2024,Middle East & North Africa (excluding high income),Lower middle income,laborforce,In labor force − out of labor force,in laborforce,out of laborforce,,,,False,not comparable
Zambia,ZMB,2024,Sub-Saharan Africa (excluding high income),Low income,laborforce,In labor force − out of labor force,in laborforce,out of laborforce,21.694689273173,15.7891608364648,5.905528436708201,True,first group higher
Zimbabwe,ZWE,2024,Sub-Saharan Africa (excluding high income),Lower middle income,laborforce,In labor force − out of labor force,in laborforce,out of laborforce,41.2849962986052,20.1441533770043,21.1408429216009,True,first group higher
Albania,ALB,2024,Europe & Central Asia (excluding high income),Upper middle income,urbanicity,Urban − rural,urban,rural,19.6818892550866,6.32785174753681,13.354037507549789,True,first group higher
Algeria,DZA,2024,Middle East & North Africa (excluding high income),Lower middle income,urbanicity,Urban − rural,urban,rural,,,,False,not comparable
Argentina,ARG,2024,Latin America & Caribbean (excluding high income),Upper middle income,urbanicity,Urban − rural,urban,rural,63.8747913305091,52.7290569573844,11.145734373124697,True,first group higher
Armenia,ARM,2024,Europe & Central Asia (excluding high income),Upper middle income,urbanicity,Urban − rural,urban,rural,35.0031170854883,32.7915317296146,2.2115853558737015,True,first group higher
Australia,AUS,2024,High income,High income,urbanicity,Urban − rural,urban,rural,,,,False,not comparable
Austria,AUT,2024,High income,High income,urbanicity,Urban − rural,urban,rural,,,,False,not comparable
Azerbaijan,AZE,2024,Europe & Central Asia (excluding high income),Upper middle income,urbanicity,Urban − rural,urban,rural,46.0837206953847,26.0573028916184,20.0264178037663,True,first group higher
Bahrain,BHR,2024,High income,High income,urbanicity,Urban − rural,urban,rural,,,,False,not comparable
Bangladesh,BGD,2024,South Asia (excluding high income),Lower middle income,urbanicity,Urban − rural,urban,rural,,,,False,not comparable
Belgium,BEL,2024,High income,High income,urbanicity,Urban − rural,urban,rural,,,,False,not comparable
Belize,BLZ,2024,Latin America & Caribbean (excluding high income),Upper middle income,urbanicity,Urban − rural,urban,rural,33.4527097131317,22.856555062716,10.596154650415702,True,first group higher
Benin,BEN,2024,Sub-Saharan Africa (excluding high income),Lower middle income,urbanicity,Urban − rural,urban,rural,,,,False,not comparable
Bolivia,BOL,2024,Latin America & Caribbean (excluding high income),Lower middle income,urbanicity,Urban − rural,urban,rural,28.379281358069303,11.7254221311351,16.653859226934202,True,first group higher
Bosnia and Herzegovina,BIH,2024,Europe & Central Asia (excluding high income),Upper middle income,urbanicity,Urban − rural,urban,rural,50.4075320688997,27.7329186174749,22.674613451424797,True,first group higher
Botswana,BWA,2024,Sub-Saharan Africa (excluding high income),Upper middle income,urbanicity,Urban − rural,urban,rural,25.4052057368716,25.6709208171632,-0.2657150802915993,True,second group higher
Brazil,BRA,2024,Latin America & Caribbean (excluding high income),Upper middle income,urbanicity,Urban − rural,urban,rural,65.1728596200448,53.3732953238649,11.799564296179902,True,first group higher
Bulgaria,BGR,2024,Europe & Central Asia (excluding high income),Upper middle income,urbanicity,Urban − rural,urban,rural,72.612206479212,45.6239266460359,26.988279833176108,True,first group higher
Burkina Faso,BFA,2024,Sub-Saharan Africa (excluding high income),Low income,urbanicity,Urban − rural,urban,rural,25.0183118268498,8.55998929043127,16.458322536418528,True,first group higher
Cambodia,KHM,2024,East Asia & Pacific (excluding high income),Lower middle income,urbanicity,Urban − rural,urban,rural,42.4387111418564,15.4437418191427,26.9949693227137,True,first group higher
Cameroon,CMR,2024,Sub-Saharan Africa (excluding high income),Lower middle income,urbanicity,Urban − rural,urban,rural,30.9877272142666,10.3289337297605,20.6587934845061,True,first group higher
Canada,CAN,2024,High income,High income,urbanicity,Urban − rural,urban,rural,,,,False,not comparable
Chad,TCD,2024,Sub-Saharan Africa (excluding high income),Low income,urbanicity,Urban − rural,urban,rural,,,,False,not comparable
Chile,CHL,2024,High income,High income,urbanicity,Urban − rural,urban,rural,,,,False,not comparable
China,CHN,2024,East Asia & Pacific (excluding high income),Upper middle income,urbanicity,Urban − rural,urban,rural,83.3615178042199,71.8470630501065,11.514454754113402,True,first group higher
Colombia,COL,2024,Latin America & Caribbean (excluding high income),Upper middle income,urbanicity,Urban − rural,urban,rural,32.884978278453396,15.2080680810222,17.676910197431198,True,first group higher
Comoros,COM,2024,Sub-Saharan Africa (excluding high income),Lower middle income,urbanicity,Urban − rural,urban,rural,,,,False,not comparable
"Congo, Dem. Rep.",COD,2024,Sub-Saharan Africa (excluding high income),Low income,urbanicity,Urban − rural,urban,rural,,,,False,not comparable
"Congo, Rep.",COG,2024,Sub-Saharan Africa (excluding high income),Lower middle income,urbanicity,Urban − rural,urban,rural,,,,False,not comparable
Costa Rica,CRI,2024,Latin America & Caribbean (excluding high income),Upper middle income,urbanicity,Urban − rural,urban,rural,48.6079142419238,45.7706669297918,2.837247312132,True,first group higher
Cote d'Ivoire,CIV,2024,Sub-Saharan Africa (excluding high income),Lower middle income,urbanicity,Urban − rural,urban,rural,,,,False,not comparable
Croatia,HRV,2024,High income,High income,urbanicity,Urban − rural,urban,rural,74.24843472652451,62.793714301819904,11.454720424704604,True,first group higher
Cyprus,CYP,2024,High income,High income,urbanicity,Urban − rural,urban,rural,,,,False,not comparable
Czechia,CZE,2024,High income,High income,urbanicity,Urban − rural,urban,rural,,,,False,not comparable
Denmark,DNK,2024,High income,High income,urbanicity,Urban − rural,urban,rural,,,,False,not comparable
Dominican Republic,DOM,2024,Latin America & Caribbean (excluding high income),Upper middle income,urbanicity,Urban − rural,urban,rural,31.2589914094884,20.7301864008415,10.528805008646899,True,first group higher
Ecuador,ECU,2024,Latin America & Caribbean (excluding high income),Upper middle income,urbanicity,Urban − rural,urban,rural,27.619126833359196,13.2245173568308,14.394609476528396,True,first group higher
"Egypt, Arab Rep.",EGY,2024,Middle East & North Africa (excluding high income),Lower middle income,urbanicity,Urban − rural,urban,rural,,,,False,not comparable
El Salvador,SLV,2024,Latin America & Caribbean (excluding high income),Lower middle income,urbanicity,Urban − rural,urban,rural,,,,False,not comparable
Estonia,EST,2024,High income,High income,urbanicity,Urban − rural,urban,rural,,,,False,not comparable
Eswatini,SWZ,2024,Sub-Saharan Africa (excluding high income),Lower middle income,urbanicity,Urban − rural,urban,rural,,18.1668773149457,,False,not comparable
Ethiopia,ETH,2024,Sub-Saharan Africa (excluding high income),Low income,urbanicity,Urban − rural,urban,rural,,,,False,not comparable
Finland,FIN,2024,High income,High income,urbanicity,Urban − rural,urban,rural,,,,False,not comparable
France,FRA,2024,High income,High income,urbanicity,Urban − rural,urban,rural,,,,False,not comparable
Gabon,GAB,2024,Sub-Saharan Africa (excluding high income),Upper middle income,urbanicity,Urban − rural,urban,rural,25.473200535595403,14.1826563027707,11.290544232824702,True,first group higher
"Gambia, The",GMB,2024,Sub-Saharan Africa (excluding high income),Low income,urbanicity,Urban − rural,urban,rural,,,,False,not comparable
Georgia,GEO,2024,Europe & Central Asia (excluding high income),Upper middle income,urbanicity,Urban − rural,urban,rural,68.1745569241329,34.6125130214008,33.5620439027321,True,first group higher
Germany,DEU,2024,High income,High income,urbanicity,Urban − rural,urban,rural,,,,False,not comparable
Ghana,GHA,2024,Sub-Saharan Africa (excluding high income),Lower middle income,urbanicity,Urban − rural,urban,rural,32.381593624224706,22.9766100370803,9.404983587144407,True,first group higher
Greece,GRC,2024,High income,High income,urbanicity,Urban − rural,urban,rural,,,,False,not comparable
Guatemala,GTM,2024,Latin America & Caribbean (excluding high income),Upper middle income,urbanicity,Urban − rural,urban,rural,,,,False,not comparable
Guinea,GIN,2024,Sub-Saharan Africa (excluding high income),Low income,urbanicity,Urban − rural,urban,rural,,,,False,not comparable
Honduras,HND,2024,Latin America & Caribbean (excluding high income),Lower middle income,urbanicity,Urban − rural,urban,rural,,,,False,not comparable
"Hong Kong SAR, China",HKG,2024,High income,High income,urbanicity,Urban − rural,urban,rural,,,,False,not comparable
Hungary,HUN,2024,High income,High income,urbanicity,Urban − rural,urban,rural,,,,False,not comparable
Iceland,ISL,2024,High income,High income,urbanicity,Urban − rural,urban,rural,,,,False,not comparable
India,IND,2024,South Asia (excluding high income),Lower middle income,urbanicity,Urban − rural,urban,rural,26.0569555332976,14.7467615801408,11.3101939531568,True,first group higher
Indonesia,IDN,2024,East Asia & Pacific (excluding high income),Lower middle income,urbanicity,Urban − rural,urban,rural,16.8078237674189,10.7650622934339,6.042761473984999,True,first group higher
"Iran, Islamic Rep.",IRN,2024,Middle East & North Africa (excluding high income),Lower middle income,urbanicity,Urban − rural,urban,rural,78.8524369900921,78.3939627584986,0.45847423159349887,True,first group higher
Iraq,IRQ,2024,Middle East & North Africa (excluding high income),Upper middle income,urbanicity,Urban − rural,urban,rural,13.7290905816564,5.95101821273241,7.778072368923991,True,first group higher
Ireland,IRL,2024,High income,High income,urbanicity,Urban − rural,urban,rural,,,,False,not comparable
Israel,ISR,2024,High income,High income,urbanicity,Urban − rural,urban,rural,,,,False,not comparable
Italy,ITA,2024,High income,High income,urbanicity,Urban − rural,urban,rural,,,,False,not comparable
Japan,JPN,2024,High income,High income,urbanicity,Urban − rural,urban,rural,,,,False,not comparable
Jordan,JOR,2024,Middle East & North Africa (excluding high income),Upper middle income,urbanicity,Urban − rural,urban,rural,14.0569230539164,9.08285257260887,4.97407048130753,True,first group higher
Kazakhstan,KAZ,2024,Europe & Central Asia (excluding high income),Upper middle income,urbanicity,Urban − rural,urban,rural,77.0703376064825,63.6401024285823,13.430235177900194,True,first group higher
Kenya,KEN,2024,Sub-Saharan Africa (excluding high income),Lower middle income,urbanicity,Urban − rural,urban,rural,70.0287293537699,51.7861249920334,18.242604361736504,True,first group higher
"Korea, Rep.",KOR,2024,High income,High income,urbanicity,Urban − rural,urban,rural,,,,False,not comparable
Kosovo,XKX,2024,Europe & Central Asia (excluding high income),Upper middle income,urbanicity,Urban − rural,urban,rural,,,,False,not comparable
Kuwait,KWT,2024,High income,High income,urbanicity,Urban − rural,urban,rural,,,,False,not comparable
Kyrgyz Republic,KGZ,2024,Europe & Central Asia (excluding high income),Lower middle income,urbanicity,Urban − rural,urban,rural,51.998638726535795,40.6588282439218,11.339810482613991,True,first group higher
Lao PDR,LAO,2024,East Asia & Pacific (excluding high income),Lower middle income,urbanicity,Urban − rural,urban,rural,54.09852383551899,20.023425745395095,34.075098090123895,True,first group higher
Latvia,LVA,2024,High income,High income,urbanicity,Urban − rural,urban,rural,,,,False,not comparable
Lebanon,LBN,2024,Middle East & North Africa (excluding high income),Lower middle income,urbanicity,Urban − rural,urban,rural,,,,False,not comparable
Lesotho,LSO,2024,Sub-Saharan Africa (excluding high income),Lower middle income,urbanicity,Urban − rural,urban,rural,17.2302625020047,15.4886670864954,1.7415954155092983,True,first group higher
Liberia,LBR,2024,Sub-Saharan Africa (excluding high income),Low income,urbanicity,Urban − rural,urban,rural,,,,False,not comparable
Libya,LBY,2024,Middle East & North Africa (excluding high income),Upper middle income,urbanicity,Urban − rural,urban,rural,13.4298661249116,16.8842840564323,-3.4544179315207,True,second group higher
Lithuania,LTU,2024,High income,High income,urbanicity,Urban − rural,urban,rural,,,,False,not comparable
Madagascar,MDG,2024,Sub-Saharan Africa (excluding high income),Low income,urbanicity,Urban − rural,urban,rural,,,,False,not comparable
Malawi,MWI,2024,Sub-Saharan Africa (excluding high income),Low income,urbanicity,Urban − rural,urban,rural,13.7414034313189,10.06830951169,3.6730939196289007,True,first group higher
Malaysia,MYS,2024,East Asia & Pacific (excluding high income),Upper middle income,urbanicity,Urban − rural,urban,rural,56.4985302811032,47.3512155900908,9.147314691012397,True,first group higher
Mali,MLI,2024,Sub-Saharan Africa (excluding high income),Low income,urbanicity,Urban − rural,urban,rural,24.1219133007874,5.6497836845987806,18.47212961618862,True,first group higher
Malta,MLT,2024,High income,High income,urbanicity,Urban − rural,urban,rural,,,,False,not comparable
Mauritania,MRT,2024,Sub-Saharan Africa (excluding high income),Lower middle income,urbanicity,Urban − rural,urban,rural,21.4947702299692,8.10239880762553,13.392371422343668,True,first group higher
Mauritius,MUS,2024,Sub-Saharan Africa (excluding high income),Upper middle income,urbanicity,Urban − rural,urban,rural,55.189166280969005,46.7524905651367,8.436675715832301,True,first group higher
Mexico,MEX,2024,Latin America & Caribbean (excluding high income),Upper middle income,urbanicity,Urban − rural,urban,rural,32.5249178911722,16.7019133693967,15.823004521775502,True,first group higher
Moldova,MDA,2024,Europe & Central Asia (excluding high income),Upper middle income,urbanicity,Urban − rural,urban,rural,64.9492068942926,30.207454638477397,34.7417522558152,True,first group higher
Mongolia,MNG,2024,East Asia & Pacific (excluding high income),Lower middle income,urbanicity,Urban − rural,urban,rural,94.7769733778801,95.0739688572452,-0.2969954793651084,True,second group higher
Montenegro,MNE,2024,Europe & Central Asia (excluding high income),Upper middle income,urbanicity,Urban − rural,urban,rural,41.8284230015968,34.0766282215001,7.751794780096702,True,first group higher
Morocco,MAR,2024,Middle East & North Africa (excluding high income),Lower middle income,urbanicity,Urban − rural,urban,rural,,,,False,not comparable
Mozambique,MOZ,2024,Sub-Saharan Africa (excluding high income),Low income,urbanicity,Urban − rural,urban,rural,37.0671091671665,13.3388520301256,23.7282571370409,True,first group higher
Namibia,NAM,2024,Sub-Saharan Africa (excluding high income),Upper middle income,urbanicity,Urban − rural,urban,rural,54.531903186185104,34.557311692279704,19.9745914939054,True,first group higher
Nepal,NPL,2024,South Asia (excluding high income),Lower middle income,urbanicity,Urban − rural,urban,rural,,,,False,not comparable
Netherlands,NLD,2024,High income,High income,urbanicity,Urban − rural,urban,rural,,,,False,not comparable
New Zealand,NZL,2024,High income,High income,urbanicity,Urban − rural,urban,rural,,,,False,not comparable
Nicaragua,NIC,2024,Latin America & Caribbean (excluding high income),Lower middle income,urbanicity,Urban − rural,urban,rural,,,,False,not comparable
Niger,NER,2024,Sub-Saharan Africa (excluding high income),Low income,urbanicity,Urban − rural,urban,rural,,,,False,not comparable
Nigeria,NGA,2024,Sub-Saharan Africa (excluding high income),Lower middle income,urbanicity,Urban − rural,urban,rural,33.0843273354142,24.178321116288306,8.906006219125896,True,first group higher
North Macedonia,MKD,2024,Europe & Central Asia (excluding high income),Upper middle income,urbanicity,Urban − rural,urban,rural,59.486158116379194,47.280108213674495,12.206049902704699,True,first group higher
Norway,NOR,2024,High income,High income,urbanicity,Urban − rural,urban,rural,,,,False,not comparable
Oman,OMN,2024,High income,High income,urbanicity,Urban − rural,urban,rural,35.614488234541305,43.0886790751476,-7.474190840606298,True,second group higher
Pakistan,PAK,2024,South Asia (excluding high income),Lower middle income,urbanicity,Urban − rural,urban,rural,,,,False,not comparable
Panama,PAN,2024,High income,High income,urbanicity,Urban − rural,urban,rural,48.4348499883411,25.9765836042864,22.4582663840547,True,first group higher
Paraguay,PRY,2024,Latin America & Caribbean (excluding high income),Upper middle income,urbanicity,Urban − rural,urban,rural,31.9917771284497,21.841300344547403,10.150476783902299,True,first group higher
Peru,PER,2024,Latin America & Caribbean (excluding high income),Upper middle income,urbanicity,Urban − rural,urban,rural,39.419010088307,24.6192557373782,14.799754350928797,True,first group higher
Philippines,PHL,2024,East Asia & Pacific (excluding high income),Lower middle income,urbanicity,Urban − rural,urban,rural,19.7912639121084,9.70660091004811,10.084663002060289,True,first group higher
Poland,POL,2024,High income,High income,urbanicity,Urban − rural,urban,rural,80.6946309063181,77.0351342630744,3.659496643243699,True,first group higher
Portugal,PRT,2024,High income,High income,urbanicity,Urban − rural,urban,rural,,,,False,not comparable
Romania,ROU,2024,High income,High income,urbanicity,Urban − rural,urban,rural,66.57837553155031,42.7166630784084,23.861712453141905,True,first group higher
Russian Federation,RUS,2024,Europe & Central Asia (excluding high income),Upper middle income,urbanicity,Urban − rural,urban,rural,,,,False,not comparable
Saudi Arabia,SAU,2024,High income,High income,urbanicity,Urban − rural,urban,rural,64.6342996218926,60.1988242691315,4.435475352761095,True,first group higher
Senegal,SEN,2024,Sub-Saharan Africa (excluding high income),Lower middle income,urbanicity,Urban − rural,urban,rural,50.16624242234799,24.8235291387467,25.34271328360129,True,first group higher
Serbia,SRB,2024,Europe & Central Asia (excluding high income),Upper middle income,urbanicity,Urban − rural,urban,rural,61.3421307142908,48.8730336892107,12.469097025080103,True,first group higher
Sierra Leone,SLE,2024,Sub-Saharan Africa (excluding high income),Low income,urbanicity,Urban − rural,urban,rural,,,,False,not comparable
Singapore,SGP,2024,High income,High income,urbanicity,Urban − rural,urban,rural,,,,False,not comparable
Slovak Republic,SVK,2024,High income,High income,urbanicity,Urban − rural,urban,rural,,,,False,not comparable
Slovenia,SVN,2024,High income,High income,urbanicity,Urban − rural,urban,rural,,,,False,not comparable
South Africa,ZAF,2024,Sub-Saharan Africa (excluding high income),Upper middle income,urbanicity,Urban − rural,urban,rural,46.6910485163467,47.1621745670137,-0.47112605066700297,True,second group higher
Spain,ESP,2024,High income,High income,urbanicity,Urban − rural,urban,rural,,,,False,not comparable
Sri Lanka,LKA,2024,South Asia (excluding high income),Lower middle income,urbanicity,Urban − rural,urban,rural,22.6993363588368,10.5567041180443,12.1426322407925,True,first group higher
Sweden,SWE,2024,High income,High income,urbanicity,Urban − rural,urban,rural,,,,False,not comparable
Switzerland,CHE,2024,High income,High income,urbanicity,Urban − rural,urban,rural,,,,False,not comparable
"Taiwan, China",TWN,2024,High income,High income,urbanicity,Urban − rural,urban,rural,,,,False,not comparable
Tajikistan,TJK,2024,Europe & Central Asia (excluding high income),Lower middle income,urbanicity,Urban − rural,urban,rural,17.8306955926396,15.4976373921407,2.3330582004989004,True,first group higher
Tanzania,TZA,2024,Sub-Saharan Africa (excluding high income),Lower middle income,urbanicity,Urban − rural,urban,rural,,,,False,not comparable
Thailand,THA,2024,East Asia & Pacific (excluding high income),Upper middle income,urbanicity,Urban − rural,urban,rural,58.3955169880665,48.0493029279816,10.346214060084897,True,first group higher
Togo,TGO,2024,Sub-Saharan Africa (excluding high income),Low income,urbanicity,Urban − rural,urban,rural,21.3736149478841,9.59472742718193,11.77888752070217,True,first group higher
Trinidad and Tobago,TTO,2024,High income,High income,urbanicity,Urban − rural,urban,rural,,,,False,not comparable
Tunisia,TUN,2024,Middle East & North Africa (excluding high income),Lower middle income,urbanicity,Urban − rural,urban,rural,,,,False,not comparable
Turkiye,TUR,2024,Europe & Central Asia (excluding high income),Upper middle income,urbanicity,Urban − rural,urban,rural,56.6203156240646,40.5924699462426,16.027845677822,True,first group higher
Uganda,UGA,2024,Sub-Saharan Africa (excluding high income),Low income,urbanicity,Urban − rural,urban,rural,19.2708197634508,10.5533015949856,8.7175181684652,True,first group higher
Ukraine,UKR,2024,Europe & Central Asia (excluding high income),Lower middle income,urbanicity,Urban − rural,urban,rural,75.0269934501594,71.2308848586463,3.7961085915130894,True,first group higher
United Arab Emirates,ARE,2024,High income,High income,urbanicity,Urban − rural,urban,rural,,,,False,not comparable
United Kingdom,GBR,2024,High income,High income,urbanicity,Urban − rural,urban,rural,,,,False,not comparable
United States,USA,2024,High income,High income,urbanicity,Urban − rural,urban,rural,,,,False,not comparable
Uruguay,URY,2024,High income,High income,urbanicity,Urban − rural,urban,rural,,,,False,not comparable
Uzbekistan,UZB,2024,Europe & Central Asia (excluding high income),Lower middle income,urbanicity,Urban − rural,urban,rural,38.8342219496024,37.6789353596775,1.1552865899248985,True,first group higher
"Venezuela, RB",VEN,2024,Latin America & Caribbean (excluding high income),Upper middle income,urbanicity,Urban − rural,urban,rural,79.0925546134853,63.6956635850877,15.396891028397604,True,first group higher
Viet Nam,VNM,2024,East Asia & Pacific (excluding high income),Lower middle income,urbanicity,Urban − rural,urban,rural,58.0980708866405,47.6926339718587,10.405436914781802,True,first group higher
West Bank and Gaza,PSE,2024,Middle East & North Africa (excluding high income),Lower middle income,urbanicity,Urban − rural,urban,rural,,,,False,not comparable
Zambia,ZMB,2024,Sub-Saharan Africa (excluding high income),Low income,urbanicity,Urban − rural,urban,rural,21.8638034620767,17.2673385283912,4.5964649336855,True,first group higher
Zimbabwe,ZWE,2024,Sub-Saharan Africa (excluding high income),Lower middle income,urbanicity,Urban − rural,urban,rural,35.8084239724006,26.6800999328053,9.128324039595295,True,first group higher
