country,country_code,year,region,income_group,comparison_group,population_group,merchant_pay_pct
Afghanistan,AFG,2021,South Asia (excluding high income),Low income,age_cat,age 25+,
Afghanistan,AFG,2021,South Asia (excluding high income),Low income,age_cat,ages 15-24,
Afghanistan,AFG,2021,South Asia (excluding high income),Low income,all,all,0.0
Afghanistan,AFG,2021,South Asia (excluding high income),Low income,education,prim edu or less,
Afghanistan,AFG,2021,South Asia (excluding high income),Low income,education,secondary edu or more,
Afghanistan,AFG,2021,South Asia (excluding high income),Low income,gender,men,
Afghanistan,AFG,2021,South Asia (excluding high income),Low income,gender,women,
Afghanistan,AFG,2021,South Asia (excluding high income),Low income,income,poorest 40%,
Afghanistan,AFG,2021,South Asia (excluding high income),Low income,income,richest 60%,
Afghanistan,AFG,2021,South Asia (excluding high income),Low income,laborforce,in laborforce,
Afghanistan,AFG,2021,South Asia (excluding high income),Low income,laborforce,out of laborforce,
Albania,ALB,2021,Europe & Central Asia (excluding high income),Upper middle income,age_cat,age 25+,9.203526645623949
Albania,ALB,2021,Europe & Central Asia (excluding high income),Upper middle income,age_cat,ages 15-24,23.416396469838098
Albania,ALB,2021,Europe & Central Asia (excluding high income),Upper middle income,all,all,12.3007913070125
Albania,ALB,2021,Europe & Central Asia (excluding high income),Upper middle income,education,prim edu or less,6.4437013600094195
Albania,ALB,2021,Europe & Central Asia (excluding high income),Upper middle income,education,secondary edu or more,19.6557439105598
Albania,ALB,2021,Europe & Central Asia (excluding high income),Upper middle income,gender,men,10.6943970165041
Albania,ALB,2021,Europe & Central Asia (excluding high income),Upper middle income,gender,women,13.829268902261799
Albania,ALB,2021,Europe & Central Asia (excluding high income),Upper middle income,income,poorest 40%,4.35875921844506
Albania,ALB,2021,Europe & Central Asia (excluding high income),Upper middle income,income,richest 60%,17.5777076041755
Albania,ALB,2021,Europe & Central Asia (excluding high income),Upper middle income,laborforce,in laborforce,21.5646778076623
Albania,ALB,2021,Europe & Central Asia (excluding high income),Upper middle income,laborforce,out of laborforce,5.428642053720701
Albania,ALB,2024,Europe & Central Asia (excluding high income),Upper middle income,age_cat,age 25+,10.936988891791
Albania,ALB,2024,Europe & Central Asia (excluding high income),Upper middle income,age_cat,ages 15-24,12.0109065691254
Albania,ALB,2024,Europe & Central Asia (excluding high income),Upper middle income,all,all,11.0835849125375
Albania,ALB,2024,Europe & Central Asia (excluding high income),Upper middle income,education,prim edu or less,2.0643436270063003
Albania,ALB,2024,Europe & Central Asia (excluding high income),Upper middle income,education,secondary edu or more,18.4467217818429
Albania,ALB,2024,Europe & Central Asia (excluding high income),Upper middle income,gender,men,11.8239641463479
Albania,ALB,2024,Europe & Central Asia (excluding high income),Upper middle income,gender,women,10.4076520826684
Albania,ALB,2024,Europe & Central Asia (excluding high income),Upper middle income,income,poorest 40%,4.56176514156665
Albania,ALB,2024,Europe & Central Asia (excluding high income),Upper middle income,income,richest 60%,15.428049590175899
Albania,ALB,2024,Europe & Central Asia (excluding high income),Upper middle income,laborforce,in laborforce,20.856521804569798
Albania,ALB,2024,Europe & Central Asia (excluding high income),Upper middle income,laborforce,out of laborforce,3.6241012711523
Albania,ALB,2024,Europe & Central Asia (excluding high income),Upper middle income,urbanicity,rural,6.32785174753681
Albania,ALB,2024,Europe & Central Asia (excluding high income),Upper middle income,urbanicity,urban,19.6818892550866
Algeria,DZA,2021,Middle East & North Africa (excluding high income),Lower middle income,age_cat,age 25+,
Algeria,DZA,2021,Middle East & North Africa (excluding high income),Lower middle income,age_cat,ages 15-24,
Algeria,DZA,2021,Middle East & North Africa (excluding high income),Lower middle income,all,all,5.32955599963553
Algeria,DZA,2021,Middle East & North Africa (excluding high income),Lower middle income,education,prim edu or less,
Algeria,DZA,2021,Middle East & North Africa (excluding high income),Lower middle income,education,secondary edu or more,
Algeria,DZA,2021,Middle East & North Africa (excluding high income),Lower middle income,gender,men,
Algeria,DZA,2021,Middle East & North Africa (excluding high income),Lower middle income,gender,women,
Algeria,DZA,2021,Middle East & North Africa (excluding high income),Lower middle income,income,poorest 40%,
Algeria,DZA,2021,Middle East & North Africa (excluding high income),Lower middle income,income,richest 60%,
Algeria,DZA,2021,Middle East & North Africa (excluding high income),Lower middle income,laborforce,in laborforce,
Algeria,DZA,2021,Middle East & North Africa (excluding high income),Lower middle income,laborforce,out of laborforce,
Algeria,DZA,2024,Middle East & North Africa (excluding high income),Lower middle income,age_cat,age 25+,
Algeria,DZA,2024,Middle East & North Africa (excluding high income),Lower middle income,age_cat,ages 15-24,
Algeria,DZA,2024,Middle East & North Africa (excluding high income),Lower middle income,all,all,7.0034433567602
Algeria,DZA,2024,Middle East & North Africa (excluding high income),Lower middle income,education,prim edu or less,
Algeria,DZA,2024,Middle East & North Africa (excluding high income),Lower middle income,education,secondary edu or more,
Algeria,DZA,2024,Middle East & North Africa (excluding high income),Lower middle income,gender,men,
Algeria,DZA,2024,Middle East & North Africa (excluding high income),Lower middle income,gender,women,
Algeria,DZA,2024,Middle East & North Africa (excluding high income),Lower middle income,income,poorest 40%,
Algeria,DZA,2024,Middle East & North Africa (excluding high income),Lower middle income,income,richest 60%,
Algeria,DZA,2024,Middle East & North Africa (excluding high income),Lower middle income,laborforce,in laborforce,
Algeria,DZA,2024,Middle East & North Africa (excluding high income),Lower middle income,laborforce,out of laborforce,
Algeria,DZA,2024,Middle East & North Africa (excluding high income),Lower middle income,urbanicity,rural,
Algeria,DZA,2024,Middle East & North Africa (excluding high income),Lower middle income,urbanicity,urban,
Argentina,ARG,2021,Latin America & Caribbean (excluding high income),Upper middle income,age_cat,age 25+,42.1786099794144
Argentina,ARG,2021,Latin America & Caribbean (excluding high income),Upper middle income,age_cat,ages 15-24,54.7396527318907
Argentina,ARG,2021,Latin America & Caribbean (excluding high income),Upper middle income,all,all,44.7122460621683
Argentina,ARG,2021,Latin America & Caribbean (excluding high income),Upper middle income,education,prim edu or less,20.6970262655526
Argentina,ARG,2021,Latin America & Caribbean (excluding high income),Upper middle income,education,secondary edu or more,58.0431495042173
Argentina,ARG,2021,Latin America & Caribbean (excluding high income),Upper middle income,gender,men,47.5012672875571
Argentina,ARG,2021,Latin America & Caribbean (excluding high income),Upper middle income,gender,women,41.840877138391804
Argentina,ARG,2021,Latin America & Caribbean (excluding high income),Upper middle income,income,poorest 40%,32.3673486443965
Argentina,ARG,2021,Latin America & Caribbean (excluding high income),Upper middle income,income,richest 60%,52.8090138985437
Argentina,ARG,2021,Latin America & Caribbean (excluding high income),Upper middle income,laborforce,in laborforce,50.9805751048249
Argentina,ARG,2021,Latin America & Caribbean (excluding high income),Upper middle income,laborforce,out of laborforce,34.0438133104715
Argentina,ARG,2024,Latin America & Caribbean (excluding high income),Upper middle income,age_cat,age 25+,57.283191603313796
Argentina,ARG,2024,Latin America & Caribbean (excluding high income),Upper middle income,age_cat,ages 15-24,72.0234077286847
Argentina,ARG,2024,Latin America & Caribbean (excluding high income),Upper middle income,all,all,60.1935160039991
Argentina,ARG,2024,Latin America & Caribbean (excluding high income),Upper middle income,education,prim edu or less,30.2567446294036
Argentina,ARG,2024,Latin America & Caribbean (excluding high income),Upper middle income,education,secondary edu or more,70.38725669444989
Argentina,ARG,2024,Latin America & Caribbean (excluding high income),Upper middle income,gender,men,59.2399161510066
Argentina,ARG,2024,Latin America & Caribbean (excluding high income),Upper middle income,gender,women,61.0453897156901
Argentina,ARG,2024,Latin America & Caribbean (excluding high income),Upper middle income,income,poorest 40%,50.5039197188514
Argentina,ARG,2024,Latin America & Caribbean (excluding high income),Upper middle income,income,richest 60%,66.6231357297851
Argentina,ARG,2024,Latin America & Caribbean (excluding high income),Upper middle income,laborforce,in laborforce,68.8034811483735
Argentina,ARG,2024,Latin America & Caribbean (excluding high income),Upper middle income,laborforce,out of laborforce,45.4461030541568
Argentina,ARG,2024,Latin America & Caribbean (excluding high income),Upper middle income,urbanicity,rural,52.7290569573844
Argentina,ARG,2024,Latin America & Caribbean (excluding high income),Upper middle income,urbanicity,urban,63.8747913305091
Armenia,ARM,2021,Europe & Central Asia (excluding high income),Upper middle income,age_cat,age 25+,14.2836407259157
Armenia,ARM,2021,Europe & Central Asia (excluding high income),Upper middle income,age_cat,ages 15-24,21.9881545045384
Armenia,ARM,2021,Europe & Central Asia (excluding high income),Upper middle income,all,all,15.7412984160716
Armenia,ARM,2021,Europe & Central Asia (excluding high income),Upper middle income,education,prim edu or less,7.008607846902399
Armenia,ARM,2021,Europe & Central Asia (excluding high income),Upper middle income,education,secondary edu or more,16.7854566549861
Armenia,ARM,2021,Europe & Central Asia (excluding high income),Upper middle income,gender,men,18.714192160156802
Armenia,ARM,2021,Europe & Central Asia (excluding high income),Upper middle income,gender,women,13.4050861336482
Armenia,ARM,2021,Europe & Central Asia (excluding high income),Upper middle income,income,poorest 40%,10.552540300776899
Armenia,ARM,2021,Europe & Central Asia (excluding high income),Upper middle income,income,richest 60%,19.1910782562406
Armenia,ARM,2021,Europe & Central Asia (excluding high income),Upper middle income,laborforce,in laborforce,20.6066408321474
Armenia,ARM,2021,Europe & Central Asia (excluding high income),Upper middle income,laborforce,out of laborforce,9.66060569154083
Armenia,ARM,2024,Europe & Central Asia (excluding high income),Upper middle income,age_cat,age 25+,32.977338352367404
Armenia,ARM,2024,Europe & Central Asia (excluding high income),Upper middle income,age_cat,ages 15-24,39.0764180309299
Armenia,ARM,2024,Europe & Central Asia (excluding high income),Upper middle income,all,all,33.8038912222463
Armenia,ARM,2024,Europe & Central Asia (excluding high income),Upper middle income,education,prim edu or less,12.0505315789135
Armenia,ARM,2024,Europe & Central Asia (excluding high income),Upper middle income,education,secondary edu or more,35.9047540199541
Armenia,ARM,2024,Europe & Central Asia (excluding high income),Upper middle income,gender,men,34.508161281376395
Armenia,ARM,2024,Europe & Central Asia (excluding high income),Upper middle income,gender,women,33.2353137558775
Armenia,ARM,2024,Europe & Central Asia (excluding high income),Upper middle income,income,poorest 40%,26.425783798277603
Armenia,ARM,2024,Europe & Central Asia (excluding high income),Upper middle income,income,richest 60%,38.6992715174651
Armenia,ARM,2024,Europe & Central Asia (excluding high income),Upper middle income,laborforce,in laborforce,45.0653340063226
Armenia,ARM,2024,Europe & Central Asia (excluding high income),Upper middle income,laborforce,out of laborforce,23.4385842198873
Armenia,ARM,2024,Europe & Central Asia (excluding high income),Upper middle income,urbanicity,rural,32.7915317296146
Armenia,ARM,2024,Europe & Central Asia (excluding high income),Upper middle income,urbanicity,urban,35.0031170854883
Australia,AUS,2021,High income,High income,age_cat,age 25+,
Australia,AUS,2021,High income,High income,age_cat,ages 15-24,
Australia,AUS,2021,High income,High income,all,all,
Australia,AUS,2021,High income,High income,education,prim edu or less,
Australia,AUS,2021,High income,High income,education,secondary edu or more,
Australia,AUS,2021,High income,High income,gender,men,
Australia,AUS,2021,High income,High income,gender,women,
Australia,AUS,2021,High income,High income,income,poorest 40%,
Australia,AUS,2021,High income,High income,income,richest 60%,
Australia,AUS,2021,High income,High income,laborforce,in laborforce,
Australia,AUS,2021,High income,High income,laborforce,out of laborforce,
Australia,AUS,2024,High income,High income,age_cat,age 25+,
Australia,AUS,2024,High income,High income,age_cat,ages 15-24,
Australia,AUS,2024,High income,High income,all,all,
Australia,AUS,2024,High income,High income,education,prim edu or less,
Australia,AUS,2024,High income,High income,education,secondary edu or more,
Australia,AUS,2024,High income,High income,gender,men,
Australia,AUS,2024,High income,High income,gender,women,
Australia,AUS,2024,High income,High income,income,poorest 40%,
Australia,AUS,2024,High income,High income,income,richest 60%,
Australia,AUS,2024,High income,High income,laborforce,in laborforce,
Australia,AUS,2024,High income,High income,laborforce,out of laborforce,
Australia,AUS,2024,High income,High income,urbanicity,rural,
Australia,AUS,2024,High income,High income,urbanicity,urban,
Austria,AUT,2021,High income,High income,age_cat,age 25+,
Austria,AUT,2021,High income,High income,age_cat,ages 15-24,
Austria,AUT,2021,High income,High income,all,all,
Austria,AUT,2021,High income,High income,education,prim edu or less,
Austria,AUT,2021,High income,High income,education,secondary edu or more,
Austria,AUT,2021,High income,High income,gender,men,
Austria,AUT,2021,High income,High income,gender,women,
Austria,AUT,2021,High income,High income,income,poorest 40%,
Austria,AUT,2021,High income,High income,income,richest 60%,
Austria,AUT,2021,High income,High income,laborforce,in laborforce,
Austria,AUT,2021,High income,High income,laborforce,out of laborforce,
Austria,AUT,2024,High income,High income,age_cat,age 25+,
Austria,AUT,2024,High income,High income,age_cat,ages 15-24,
Austria,AUT,2024,High income,High income,all,all,
Austria,AUT,2024,High income,High income,education,prim edu or less,
Austria,AUT,2024,High income,High income,education,secondary edu or more,
Austria,AUT,2024,High income,High income,gender,men,
Austria,AUT,2024,High income,High income,gender,women,
Austria,AUT,2024,High income,High income,income,poorest 40%,
Austria,AUT,2024,High income,High income,income,richest 60%,
Austria,AUT,2024,High income,High income,laborforce,in laborforce,
Austria,AUT,2024,High income,High income,laborforce,out of laborforce,
Austria,AUT,2024,High income,High income,urbanicity,rural,
Austria,AUT,2024,High income,High income,urbanicity,urban,
Azerbaijan,AZE,2024,Europe & Central Asia (excluding high income),Upper middle income,age_cat,age 25+,36.3140368147342
Azerbaijan,AZE,2024,Europe & Central Asia (excluding high income),Upper middle income,age_cat,ages 15-24,24.8720893006745
Azerbaijan,AZE,2024,Europe & Central Asia (excluding high income),Upper middle income,all,all,34.2395514486255
Azerbaijan,AZE,2024,Europe & Central Asia (excluding high income),Upper middle income,education,prim edu or less,12.771714545766798
Azerbaijan,AZE,2024,Europe & Central Asia (excluding high income),Upper middle income,education,secondary edu or more,37.2838012862359
Azerbaijan,AZE,2024,Europe & Central Asia (excluding high income),Upper middle income,gender,men,43.8583872009842
Azerbaijan,AZE,2024,Europe & Central Asia (excluding high income),Upper middle income,gender,women,25.1316113314298
Azerbaijan,AZE,2024,Europe & Central Asia (excluding high income),Upper middle income,income,poorest 40%,18.4996450612236
Azerbaijan,AZE,2024,Europe & Central Asia (excluding high income),Upper middle income,income,richest 60%,44.7088957800426
Azerbaijan,AZE,2024,Europe & Central Asia (excluding high income),Upper middle income,laborforce,in laborforce,51.252521309187
Azerbaijan,AZE,2024,Europe & Central Asia (excluding high income),Upper middle income,laborforce,out of laborforce,15.1977570116587
Azerbaijan,AZE,2024,Europe & Central Asia (excluding high income),Upper middle income,urbanicity,rural,26.0573028916184
Azerbaijan,AZE,2024,Europe & Central Asia (excluding high income),Upper middle income,urbanicity,urban,46.0837206953847
Bahrain,BHR,2024,High income,High income,age_cat,age 25+,
Bahrain,BHR,2024,High income,High income,age_cat,ages 15-24,
Bahrain,BHR,2024,High income,High income,all,all,
Bahrain,BHR,2024,High income,High income,education,prim edu or less,
Bahrain,BHR,2024,High income,High income,education,secondary edu or more,
Bahrain,BHR,2024,High income,High income,gender,men,
Bahrain,BHR,2024,High income,High income,gender,women,
Bahrain,BHR,2024,High income,High income,income,poorest 40%,
Bahrain,BHR,2024,High income,High income,income,richest 60%,
Bahrain,BHR,2024,High income,High income,laborforce,in laborforce,
Bahrain,BHR,2024,High income,High income,laborforce,out of laborforce,
Bahrain,BHR,2024,High income,High income,urbanicity,urban,
Bangladesh,BGD,2021,South Asia (excluding high income),Lower middle income,age_cat,age 25+,
Bangladesh,BGD,2021,South Asia (excluding high income),Lower middle income,age_cat,ages 15-24,
Bangladesh,BGD,2021,South Asia (excluding high income),Lower middle income,all,all,2.7816103754451103
Bangladesh,BGD,2021,South Asia (excluding high income),Lower middle income,education,prim edu or less,
Bangladesh,BGD,2021,South Asia (excluding high income),Lower middle income,education,secondary edu or more,
Bangladesh,BGD,2021,South Asia (excluding high income),Lower middle income,gender,men,
Bangladesh,BGD,2021,South Asia (excluding high income),Lower middle income,gender,women,
Bangladesh,BGD,2021,South Asia (excluding high income),Lower middle income,income,poorest 40%,
Bangladesh,BGD,2021,South Asia (excluding high income),Lower middle income,income,richest 60%,
Bangladesh,BGD,2021,South Asia (excluding high income),Lower middle income,laborforce,in laborforce,
Bangladesh,BGD,2021,South Asia (excluding high income),Lower middle income,laborforce,out of laborforce,
Bangladesh,BGD,2024,South Asia (excluding high income),Lower middle income,age_cat,age 25+,
Bangladesh,BGD,2024,South Asia (excluding high income),Lower middle income,age_cat,ages 15-24,
Bangladesh,BGD,2024,South Asia (excluding high income),Lower middle income,all,all,2.76196135009928
Bangladesh,BGD,2024,South Asia (excluding high income),Lower middle income,education,prim edu or less,
Bangladesh,BGD,2024,South Asia (excluding high income),Lower middle income,education,secondary edu or more,
Bangladesh,BGD,2024,South Asia (excluding high income),Lower middle income,gender,men,
Bangladesh,BGD,2024,South Asia (excluding high income),Lower middle income,gender,women,
Bangladesh,BGD,2024,South Asia (excluding high income),Lower middle income,income,poorest 40%,
Bangladesh,BGD,2024,South Asia (excluding high income),Lower middle income,income,richest 60%,
Bangladesh,BGD,2024,South Asia (excluding high income),Lower middle income,laborforce,in laborforce,
Bangladesh,BGD,2024,South Asia (excluding high income),Lower middle income,laborforce,out of laborforce,
Bangladesh,BGD,2024,South Asia (excluding high income),Lower middle income,urbanicity,rural,
Bangladesh,BGD,2024,South Asia (excluding high income),Lower middle income,urbanicity,urban,
Belgium,BEL,2021,High income,High income,age_cat,age 25+,
Belgium,BEL,2021,High income,High income,age_cat,ages 15-24,
Belgium,BEL,2021,High income,High income,all,all,
Belgium,BEL,2021,High income,High income,education,prim edu or less,
Belgium,BEL,2021,High income,High income,education,secondary edu or more,
Belgium,BEL,2021,High income,High income,gender,men,
Belgium,BEL,2021,High income,High income,gender,women,
Belgium,BEL,2021,High income,High income,income,poorest 40%,
Belgium,BEL,2021,High income,High income,income,richest 60%,
Belgium,BEL,2021,High income,High income,laborforce,in laborforce,
Belgium,BEL,2021,High income,High income,laborforce,out of laborforce,
Belgium,BEL,2024,High income,High income,age_cat,age 25+,
Belgium,BEL,2024,High income,High income,age_cat,ages 15-24,
Belgium,BEL,2024,High income,High income,all,all,
Belgium,BEL,2024,High income,High income,education,prim edu or less,
Belgium,BEL,2024,High income,High income,education,secondary edu or more,
Belgium,BEL,2024,High income,High income,gender,men,
Belgium,BEL,2024,High income,High income,gender,women,
Belgium,BEL,2024,High income,High income,income,poorest 40%,
Belgium,BEL,2024,High income,High income,income,richest 60%,
Belgium,BEL,2024,High income,High income,laborforce,in laborforce,
Belgium,BEL,2024,High income,High income,laborforce,out of laborforce,
Belgium,BEL,2024,High income,High income,urbanicity,rural,
Belgium,BEL,2024,High income,High income,urbanicity,urban,
Belize,BLZ,2024,Latin America & Caribbean (excluding high income),Upper middle income,age_cat,age 25+,25.816540692324903
Belize,BLZ,2024,Latin America & Caribbean (excluding high income),Upper middle income,age_cat,ages 15-24,21.479876754373002
Belize,BLZ,2024,Latin America & Caribbean (excluding high income),Upper middle income,all,all,24.656641672002998
Belize,BLZ,2024,Latin America & Caribbean (excluding high income),Upper middle income,education,prim edu or less,12.1874727054968
Belize,BLZ,2024,Latin America & Caribbean (excluding high income),Upper middle income,education,secondary edu or more,35.1772761320591
Belize,BLZ,2024,Latin America & Caribbean (excluding high income),Upper middle income,gender,men,25.3990749869763
Belize,BLZ,2024,Latin America & Caribbean (excluding high income),Upper middle income,gender,women,23.9886695382975
Belize,BLZ,2024,Latin America & Caribbean (excluding high income),Upper middle income,income,poorest 40%,16.244406079070302
Belize,BLZ,2024,Latin America & Caribbean (excluding high income),Upper middle income,income,richest 60%,30.2650445484884
Belize,BLZ,2024,Latin America & Caribbean (excluding high income),Upper middle income,laborforce,in laborforce,31.2366946746163
Belize,BLZ,2024,Latin America & Caribbean (excluding high income),Upper middle income,laborforce,out of laborforce,12.4318784235424
Belize,BLZ,2024,Latin America & Caribbean (excluding high income),Upper middle income,urbanicity,rural,22.856555062715998
Belize,BLZ,2024,Latin America & Caribbean (excluding high income),Upper middle income,urbanicity,urban,33.4527097131317
Benin,BEN,2021,Sub-Saharan Africa (excluding high income),Lower middle income,age_cat,age 25+,
Benin,BEN,2021,Sub-Saharan Africa (excluding high income),Lower middle income,age_cat,ages 15-24,
Benin,BEN,2021,Sub-Saharan Africa (excluding high income),Lower middle income,all,all,4.76988167480289
Benin,BEN,2021,Sub-Saharan Africa (excluding high income),Lower middle income,education,prim edu or less,
Benin,BEN,2021,Sub-Saharan Africa (excluding high income),Lower middle income,education,secondary edu or more,
Benin,BEN,2021,Sub-Saharan Africa (excluding high income),Lower middle income,gender,men,
Benin,BEN,2021,Sub-Saharan Africa (excluding high income),Lower middle income,gender,women,
Benin,BEN,2021,Sub-Saharan Africa (excluding high income),Lower middle income,income,poorest 40%,
Benin,BEN,2021,Sub-Saharan Africa (excluding high income),Lower middle income,income,richest 60%,
Benin,BEN,2021,Sub-Saharan Africa (excluding high income),Lower middle income,laborforce,in laborforce,
Benin,BEN,2021,Sub-Saharan Africa (excluding high income),Lower middle income,laborforce,out of laborforce,
Benin,BEN,2024,Sub-Saharan Africa (excluding high income),Lower middle income,age_cat,age 25+,
Benin,BEN,2024,Sub-Saharan Africa (excluding high income),Lower middle income,age_cat,ages 15-24,
Benin,BEN,2024,Sub-Saharan Africa (excluding high income),Lower middle income,all,all,6.76468510773468
Benin,BEN,2024,Sub-Saharan Africa (excluding high income),Lower middle income,education,prim edu or less,
Benin,BEN,2024,Sub-Saharan Africa (excluding high income),Lower middle income,education,secondary edu or more,
Benin,BEN,2024,Sub-Saharan Africa (excluding high income),Lower middle income,gender,men,
Benin,BEN,2024,Sub-Saharan Africa (excluding high income),Lower middle income,gender,women,
Benin,BEN,2024,Sub-Saharan Africa (excluding high income),Lower middle income,income,poorest 40%,
Benin,BEN,2024,Sub-Saharan Africa (excluding high income),Lower middle income,income,richest 60%,
Benin,BEN,2024,Sub-Saharan Africa (excluding high income),Lower middle income,laborforce,in laborforce,
Benin,BEN,2024,Sub-Saharan Africa (excluding high income),Lower middle income,laborforce,out of laborforce,
Benin,BEN,2024,Sub-Saharan Africa (excluding high income),Lower middle income,urbanicity,rural,
Benin,BEN,2024,Sub-Saharan Africa (excluding high income),Lower middle income,urbanicity,urban,
Bolivia,BOL,2021,Latin America & Caribbean (excluding high income),Lower middle income,age_cat,age 25+,13.7528323859471
Bolivia,BOL,2021,Latin America & Caribbean (excluding high income),Lower middle income,age_cat,ages 15-24,18.4836605593431
Bolivia,BOL,2021,Latin America & Caribbean (excluding high income),Lower middle income,all,all,15.1146732974545
Bolivia,BOL,2021,Latin America & Caribbean (excluding high income),Lower middle income,education,prim edu or less,4.30428775859134
Bolivia,BOL,2021,Latin America & Caribbean (excluding high income),Lower middle income,education,secondary edu or more,19.665728802996
Bolivia,BOL,2021,Latin America & Caribbean (excluding high income),Lower middle income,gender,men,17.7156131031079
Bolivia,BOL,2021,Latin America & Caribbean (excluding high income),Lower middle income,gender,women,12.2914565264962
Bolivia,BOL,2021,Latin America & Caribbean (excluding high income),Lower middle income,income,poorest 40%,5.81607973098769
Bolivia,BOL,2021,Latin America & Caribbean (excluding high income),Lower middle income,income,richest 60%,21.2164173635387
Bolivia,BOL,2021,Latin America & Caribbean (excluding high income),Lower middle income,laborforce,in laborforce,16.5051242729928
Bolivia,BOL,2021,Latin America & Caribbean (excluding high income),Lower middle income,laborforce,out of laborforce,11.4239705378689
Bolivia,BOL,2024,Latin America & Caribbean (excluding high income),Lower middle income,age_cat,age 25+,18.6909108233133
Bolivia,BOL,2024,Latin America & Caribbean (excluding high income),Lower middle income,age_cat,ages 15-24,25.3213155063923
Bolivia,BOL,2024,Latin America & Caribbean (excluding high income),Lower middle income,all,all,20.4834314434503
Bolivia,BOL,2024,Latin America & Caribbean (excluding high income),Lower middle income,education,prim edu or less,1.5700669906145
Bolivia,BOL,2024,Latin America & Caribbean (excluding high income),Lower middle income,education,secondary edu or more,29.156264993742
Bolivia,BOL,2024,Latin America & Caribbean (excluding high income),Lower middle income,gender,men,25.851091423892704
Bolivia,BOL,2024,Latin America & Caribbean (excluding high income),Lower middle income,gender,women,15.2635228099561
Bolivia,BOL,2024,Latin America & Caribbean (excluding high income),Lower middle income,income,poorest 40%,11.7942847407196
Bolivia,BOL,2024,Latin America & Caribbean (excluding high income),Lower middle income,income,richest 60%,26.2798586016193
Bolivia,BOL,2024,Latin America & Caribbean (excluding high income),Lower middle income,laborforce,in laborforce,24.0049281896421
Bolivia,BOL,2024,Latin America & Caribbean (excluding high income),Lower middle income,laborforce,out of laborforce,9.56189280319097
Bolivia,BOL,2024,Latin America & Caribbean (excluding high income),Lower middle income,urbanicity,rural,11.725422131135101
Bolivia,BOL,2024,Latin America & Caribbean (excluding high income),Lower middle income,urbanicity,urban,28.379281358069303
Bosnia and Herzegovina,BIH,2021,Europe & Central Asia (excluding high income),Upper middle income,age_cat,age 25+,40.251590871474804
Bosnia and Herzegovina,BIH,2021,Europe & Central Asia (excluding high income),Upper middle income,age_cat,ages 15-24,24.771987394283098
Bosnia and Herzegovina,BIH,2021,Europe & Central Asia (excluding high income),Upper middle income,all,all,37.684752067034
Bosnia and Herzegovina,BIH,2021,Europe & Central Asia (excluding high income),Upper middle income,education,prim edu or less,4.68511535335747
Bosnia and Herzegovina,BIH,2021,Europe & Central Asia (excluding high income),Upper middle income,education,secondary edu or more,54.0240428473726
Bosnia and Herzegovina,BIH,2021,Europe & Central Asia (excluding high income),Upper middle income,gender,men,44.5023590565004
Bosnia and Herzegovina,BIH,2021,Europe & Central Asia (excluding high income),Upper middle income,gender,women,31.1606789944402
Bosnia and Herzegovina,BIH,2021,Europe & Central Asia (excluding high income),Upper middle income,income,poorest 40%,21.5080451503148
Bosnia and Herzegovina,BIH,2021,Europe & Central Asia (excluding high income),Upper middle income,income,richest 60%,48.4226369580225
Bosnia and Herzegovina,BIH,2021,Europe & Central Asia (excluding high income),Upper middle income,laborforce,in laborforce,52.4070425829597
Bosnia and Herzegovina,BIH,2021,Europe & Central Asia (excluding high income),Upper middle income,laborforce,out of laborforce,20.3814738061653
Bosnia and Herzegovina,BIH,2024,Europe & Central Asia (excluding high income),Upper middle income,age_cat,age 25+,32.2519847970202
Bosnia and Herzegovina,BIH,2024,Europe & Central Asia (excluding high income),Upper middle income,age_cat,ages 15-24,29.285685909551002
Bosnia and Herzegovina,BIH,2024,Europe & Central Asia (excluding high income),Upper middle income,all,all,31.782756820849002
Bosnia and Herzegovina,BIH,2024,Europe & Central Asia (excluding high income),Upper middle income,education,prim edu or less,5.86143374871909
Bosnia and Herzegovina,BIH,2024,Europe & Central Asia (excluding high income),Upper middle income,education,secondary edu or more,46.1142253
Bosnia and Herzegovina,BIH,2024,Europe & Central Asia (excluding high income),Upper middle income,gender,men,29.961866485557298
Bosnia and Herzegovina,BIH,2024,Europe & Central Asia (excluding high income),Upper middle income,gender,women,33.5104242810166
Bosnia and Herzegovina,BIH,2024,Europe & Central Asia (excluding high income),Upper middle income,income,poorest 40%,21.5435943858075
Bosnia and Herzegovina,BIH,2024,Europe & Central Asia (excluding high income),Upper middle income,income,richest 60%,38.5663331554111
Bosnia and Herzegovina,BIH,2024,Europe & Central Asia (excluding high income),Upper middle income,laborforce,in laborforce,46.1394351240421
Bosnia and Herzegovina,BIH,2024,Europe & Central Asia (excluding high income),Upper middle income,laborforce,out of laborforce,16.865892030914402
Bosnia and Herzegovina,BIH,2024,Europe & Central Asia (excluding high income),Upper middle income,urbanicity,rural,27.7329186174749
Bosnia and Herzegovina,BIH,2024,Europe & Central Asia (excluding high income),Upper middle income,urbanicity,urban,50.4075320688997
Botswana,BWA,2024,Sub-Saharan Africa (excluding high income),Upper middle income,age_cat,age 25+,27.2953146149345
Botswana,BWA,2024,Sub-Saharan Africa (excluding high income),Upper middle income,age_cat,ages 15-24,20.037952466388802
Botswana,BWA,2024,Sub-Saharan Africa (excluding high income),Upper middle income,all,all,25.5964267750239
Botswana,BWA,2024,Sub-Saharan Africa (excluding high income),Upper middle income,education,prim edu or less,15.633939945284
Botswana,BWA,2024,Sub-Saharan Africa (excluding high income),Upper middle income,education,secondary edu or more,30.412098780861204
Botswana,BWA,2024,Sub-Saharan Africa (excluding high income),Upper middle income,gender,men,29.7873652670343
Botswana,BWA,2024,Sub-Saharan Africa (excluding high income),Upper middle income,gender,women,22.1197149226292
Botswana,BWA,2024,Sub-Saharan Africa (excluding high income),Upper middle income,income,poorest 40%,11.5181216688572
Botswana,BWA,2024,Sub-Saharan Africa (excluding high income),Upper middle income,income,richest 60%,34.935523795517994
Botswana,BWA,2024,Sub-Saharan Africa (excluding high income),Upper middle income,laborforce,in laborforce,36.783307939718604
Botswana,BWA,2024,Sub-Saharan Africa (excluding high income),Upper middle income,laborforce,out of laborforce,17.6387837387973
Botswana,BWA,2024,Sub-Saharan Africa (excluding high income),Upper middle income,urbanicity,rural,25.6709208171632
Botswana,BWA,2024,Sub-Saharan Africa (excluding high income),Upper middle income,urbanicity,urban,25.4052057368716
Brazil,BRA,2021,Latin America & Caribbean (excluding high income),Upper middle income,age_cat,age 25+,51.0779493788416
Brazil,BRA,2021,Latin America & Caribbean (excluding high income),Upper middle income,age_cat,ages 15-24,57.3575416648783
Brazil,BRA,2021,Latin America & Caribbean (excluding high income),Upper middle income,all,all,52.4152066400021
Brazil,BRA,2021,Latin America & Caribbean (excluding high income),Upper middle income,education,prim edu or less,36.8535099896701
Brazil,BRA,2021,Latin America & Caribbean (excluding high income),Upper middle income,education,secondary edu or more,58.6116773545202
Brazil,BRA,2021,Latin America & Caribbean (excluding high income),Upper middle income,gender,men,62.456416996100096
Brazil,BRA,2021,Latin America & Caribbean (excluding high income),Upper middle income,gender,women,41.849665492919804
Brazil,BRA,2021,Latin America & Caribbean (excluding high income),Upper middle income,income,poorest 40%,37.8711630743329
Brazil,BRA,2021,Latin America & Caribbean (excluding high income),Upper middle income,income,richest 60%,62.0831578599587
Brazil,BRA,2021,Latin America & Caribbean (excluding high income),Upper middle income,laborforce,in laborforce,63.6497522482909
Brazil,BRA,2021,Latin America & Caribbean (excluding high income),Upper middle income,laborforce,out of laborforce,34.0689535280336
Brazil,BRA,2024,Latin America & Caribbean (excluding high income),Upper middle income,age_cat,age 25+,58.3460188570005
Brazil,BRA,2024,Latin America & Caribbean (excluding high income),Upper middle income,age_cat,ages 15-24,68.1513901183073
Brazil,BRA,2024,Latin America & Caribbean (excluding high income),Upper middle income,all,all,60.145936436664904
Brazil,BRA,2024,Latin America & Caribbean (excluding high income),Upper middle income,education,prim edu or less,28.932047596818002
Brazil,BRA,2024,Latin America & Caribbean (excluding high income),Upper middle income,education,secondary edu or more,75.9964977803822
Brazil,BRA,2024,Latin America & Caribbean (excluding high income),Upper middle income,gender,men,63.844297900694805
Brazil,BRA,2024,Latin America & Caribbean (excluding high income),Upper middle income,gender,women,56.751569724738204
Brazil,BRA,2024,Latin America & Caribbean (excluding high income),Upper middle income,income,poorest 40%,48.2368036243704
Brazil,BRA,2024,Latin America & Caribbean (excluding high income),Upper middle income,income,richest 60%,68.0689834143139
Brazil,BRA,2024,Latin America & Caribbean (excluding high income),Upper middle income,laborforce,in laborforce,73.154979417584
Brazil,BRA,2024,Latin America & Caribbean (excluding high income),Upper middle income,laborforce,out of laborforce,39.0467456236857
Brazil,BRA,2024,Latin America & Caribbean (excluding high income),Upper middle income,urbanicity,rural,53.3732953238649
Brazil,BRA,2024,Latin America & Caribbean (excluding high income),Upper middle income,urbanicity,urban,65.1728596200448
Bulgaria,BGR,2021,Europe & Central Asia (excluding high income),Upper middle income,age_cat,age 25+,46.575569345850795
Bulgaria,BGR,2021,Europe & Central Asia (excluding high income),Upper middle income,age_cat,ages 15-24,72.2421686151947
Bulgaria,BGR,2021,Europe & Central Asia (excluding high income),Upper middle income,all,all,49.142750240598296
Bulgaria,BGR,2021,Europe & Central Asia (excluding high income),Upper middle income,education,prim edu or less,25.3763736768456
Bulgaria,BGR,2021,Europe & Central Asia (excluding high income),Upper middle income,education,secondary edu or more,57.554687009614604
Bulgaria,BGR,2021,Europe & Central Asia (excluding high income),Upper middle income,gender,men,50.336069787616196
Bulgaria,BGR,2021,Europe & Central Asia (excluding high income),Upper middle income,gender,women,48.009965339946895
Bulgaria,BGR,2021,Europe & Central Asia (excluding high income),Upper middle income,income,poorest 40%,29.8849585444601
Bulgaria,BGR,2021,Europe & Central Asia (excluding high income),Upper middle income,income,richest 60%,61.9544427572693
Bulgaria,BGR,2021,Europe & Central Asia (excluding high income),Upper middle income,laborforce,in laborforce,55.313184016055
Bulgaria,BGR,2021,Europe & Central Asia (excluding high income),Upper middle income,laborforce,out of laborforce,42.8736570033521
Bulgaria,BGR,2024,Europe & Central Asia (excluding high income),Upper middle income,age_cat,age 25+,54.66842734552581
Bulgaria,BGR,2024,Europe & Central Asia (excluding high income),Upper middle income,age_cat,ages 15-24,55.0531373899541
Bulgaria,BGR,2024,Europe & Central Asia (excluding high income),Upper middle income,all,all,54.70464847002469
Bulgaria,BGR,2024,Europe & Central Asia (excluding high income),Upper middle income,education,prim edu or less,8.48067816381331
Bulgaria,BGR,2024,Europe & Central Asia (excluding high income),Upper middle income,education,secondary edu or more,66.6837290549937
Bulgaria,BGR,2024,Europe & Central Asia (excluding high income),Upper middle income,gender,men,54.7520889894431
Bulgaria,BGR,2024,Europe & Central Asia (excluding high income),Upper middle income,gender,women,54.662064335176396
Bulgaria,BGR,2024,Europe & Central Asia (excluding high income),Upper middle income,income,poorest 40%,39.1033274179525
Bulgaria,BGR,2024,Europe & Central Asia (excluding high income),Upper middle income,income,richest 60%,65.0998679466467
Bulgaria,BGR,2024,Europe & Central Asia (excluding high income),Upper middle income,laborforce,in laborforce,74.1327257899636
Bulgaria,BGR,2024,Europe & Central Asia (excluding high income),Upper middle income,laborforce,out of laborforce,30.5584132856369
Bulgaria,BGR,2024,Europe & Central Asia (excluding high income),Upper middle income,urbanicity,rural,45.6239266460359
Bulgaria,BGR,2024,Europe & Central Asia (excluding high income),Upper middle income,urbanicity,urban,72.612206479212
Burkina Faso,BFA,2021,Sub-Saharan Africa (excluding high income),Low income,age_cat,age 25+,
Burkina Faso,BFA,2021,Sub-Saharan Africa (excluding high income),Low income,age_cat,ages 15-24,
Burkina Faso,BFA,2021,Sub-Saharan Africa (excluding high income),Low income,all,all,5.38652271308071
Burkina Faso,BFA,2021,Sub-Saharan Africa (excluding high income),Low income,education,prim edu or less,
Burkina Faso,BFA,2021,Sub-Saharan Africa (excluding high income),Low income,education,secondary edu or more,
Burkina Faso,BFA,2021,Sub-Saharan Africa (excluding high income),Low income,gender,men,
Burkina Faso,BFA,2021,Sub-Saharan Africa (excluding high income),Low income,gender,women,
Burkina Faso,BFA,2021,Sub-Saharan Africa (excluding high income),Low income,income,poorest 40%,
Burkina Faso,BFA,2021,Sub-Saharan Africa (excluding high income),Low income,income,richest 60%,
Burkina Faso,BFA,2021,Sub-Saharan Africa (excluding high income),Low income,laborforce,in laborforce,
Burkina Faso,BFA,2021,Sub-Saharan Africa (excluding high income),Low income,laborforce,out of laborforce,
Burkina Faso,BFA,2024,Sub-Saharan Africa (excluding high income),Low income,age_cat,age 25+,12.254300566411699
Burkina Faso,BFA,2024,Sub-Saharan Africa (excluding high income),Low income,age_cat,ages 15-24,11.6351520179773
Burkina Faso,BFA,2024,Sub-Saharan Africa (excluding high income),Low income,all,all,12.044408684133499
Burkina Faso,BFA,2024,Sub-Saharan Africa (excluding high income),Low income,education,prim edu or less,6.711044641497111
Burkina Faso,BFA,2024,Sub-Saharan Africa (excluding high income),Low income,education,secondary edu or more,31.795593704047498
Burkina Faso,BFA,2024,Sub-Saharan Africa (excluding high income),Low income,gender,men,15.6358110188903
Burkina Faso,BFA,2024,Sub-Saharan Africa (excluding high income),Low income,gender,women,8.84808696585609
Burkina Faso,BFA,2024,Sub-Saharan Africa (excluding high income),Low income,income,poorest 40%,4.94116415912747
Burkina Faso,BFA,2024,Sub-Saharan Africa (excluding high income),Low income,income,richest 60%,16.7805907816171
Burkina Faso,BFA,2024,Sub-Saharan Africa (excluding high income),Low income,laborforce,in laborforce,13.2201434988554
Burkina Faso,BFA,2024,Sub-Saharan Africa (excluding high income),Low income,laborforce,out of laborforce,9.05462040943295
Burkina Faso,BFA,2024,Sub-Saharan Africa (excluding high income),Low income,urbanicity,rural,8.55998929043127
Burkina Faso,BFA,2024,Sub-Saharan Africa (excluding high income),Low income,urbanicity,urban,25.0183118268498
Cambodia,KHM,2021,East Asia & Pacific (excluding high income),Lower middle income,age_cat,age 25+,
Cambodia,KHM,2021,East Asia & Pacific (excluding high income),Lower middle income,age_cat,ages 15-24,
Cambodia,KHM,2021,East Asia & Pacific (excluding high income),Lower middle income,all,all,2.7515921986499
Cambodia,KHM,2021,East Asia & Pacific (excluding high income),Lower middle income,education,prim edu or less,
Cambodia,KHM,2021,East Asia & Pacific (excluding high income),Lower middle income,education,secondary edu or more,
Cambodia,KHM,2021,East Asia & Pacific (excluding high income),Lower middle income,gender,men,
Cambodia,KHM,2021,East Asia & Pacific (excluding high income),Lower middle income,gender,women,
Cambodia,KHM,2021,East Asia & Pacific (excluding high income),Lower middle income,income,poorest 40%,
Cambodia,KHM,2021,East Asia & Pacific (excluding high income),Lower middle income,income,richest 60%,
Cambodia,KHM,2021,East Asia & Pacific (excluding high income),Lower middle income,laborforce,in laborforce,
Cambodia,KHM,2021,East Asia & Pacific (excluding high income),Lower middle income,laborforce,out of laborforce,
Cambodia,KHM,2024,East Asia & Pacific (excluding high income),Lower middle income,age_cat,age 25+,17.7174247758489
Cambodia,KHM,2024,East Asia & Pacific (excluding high income),Lower middle income,age_cat,ages 15-24,26.201662171679
Cambodia,KHM,2024,East Asia & Pacific (excluding high income),Lower middle income,all,all,19.763513923456998
Cambodia,KHM,2024,East Asia & Pacific (excluding high income),Lower middle income,education,prim edu or less,13.155265434484301
Cambodia,KHM,2024,East Asia & Pacific (excluding high income),Lower middle income,education,secondary edu or more,48.5962087818376
Cambodia,KHM,2024,East Asia & Pacific (excluding high income),Lower middle income,gender,men,22.546598909489703
Cambodia,KHM,2024,East Asia & Pacific (excluding high income),Lower middle income,gender,women,17.326052116232802
Cambodia,KHM,2024,East Asia & Pacific (excluding high income),Lower middle income,income,poorest 40%,12.1537342891055
Cambodia,KHM,2024,East Asia & Pacific (excluding high income),Lower middle income,income,richest 60%,24.849738208925
Cambodia,KHM,2024,East Asia & Pacific (excluding high income),Lower middle income,laborforce,in laborforce,22.8009830402982
Cambodia,KHM,2024,East Asia & Pacific (excluding high income),Lower middle income,laborforce,out of laborforce,11.4008995636339
Cambodia,KHM,2024,East Asia & Pacific (excluding high income),Lower middle income,urbanicity,rural,15.443741819142701
Cambodia,KHM,2024,East Asia & Pacific (excluding high income),Lower middle income,urbanicity,urban,42.4387111418564
Cameroon,CMR,2021,Sub-Saharan Africa (excluding high income),Lower middle income,age_cat,age 25+,
Cameroon,CMR,2021,Sub-Saharan Africa (excluding high income),Lower middle income,age_cat,ages 15-24,
Cameroon,CMR,2021,Sub-Saharan Africa (excluding high income),Lower middle income,all,all,8.88961635688816
Cameroon,CMR,2021,Sub-Saharan Africa (excluding high income),Lower middle income,education,prim edu or less,
Cameroon,CMR,2021,Sub-Saharan Africa (excluding high income),Lower middle income,education,secondary edu or more,
Cameroon,CMR,2021,Sub-Saharan Africa (excluding high income),Lower middle income,gender,men,
Cameroon,CMR,2021,Sub-Saharan Africa (excluding high income),Lower middle income,gender,women,
Cameroon,CMR,2021,Sub-Saharan Africa (excluding high income),Lower middle income,income,poorest 40%,
Cameroon,CMR,2021,Sub-Saharan Africa (excluding high income),Lower middle income,income,richest 60%,
Cameroon,CMR,2021,Sub-Saharan Africa (excluding high income),Lower middle income,laborforce,in laborforce,
Cameroon,CMR,2021,Sub-Saharan Africa (excluding high income),Lower middle income,laborforce,out of laborforce,
Cameroon,CMR,2024,Sub-Saharan Africa (excluding high income),Lower middle income,age_cat,age 25+,18.5901412648632
Cameroon,CMR,2024,Sub-Saharan Africa (excluding high income),Lower middle income,age_cat,ages 15-24,23.4926725232209
Cameroon,CMR,2024,Sub-Saharan Africa (excluding high income),Lower middle income,all,all,20.307798012584797
Cameroon,CMR,2024,Sub-Saharan Africa (excluding high income),Lower middle income,education,prim edu or less,11.1570991733117
Cameroon,CMR,2024,Sub-Saharan Africa (excluding high income),Lower middle income,education,secondary edu or more,29.6232094900927
Cameroon,CMR,2024,Sub-Saharan Africa (excluding high income),Lower middle income,gender,men,23.8618511758426
Cameroon,CMR,2024,Sub-Saharan Africa (excluding high income),Lower middle income,gender,women,16.9663910913828
Cameroon,CMR,2024,Sub-Saharan Africa (excluding high income),Lower middle income,income,poorest 40%,10.5984106248437
Cameroon,CMR,2024,Sub-Saharan Africa (excluding high income),Lower middle income,income,richest 60%,26.764052078354002
Cameroon,CMR,2024,Sub-Saharan Africa (excluding high income),Lower middle income,laborforce,in laborforce,24.3377562530433
Cameroon,CMR,2024,Sub-Saharan Africa (excluding high income),Lower middle income,laborforce,out of laborforce,11.2063635703254
Cameroon,CMR,2024,Sub-Saharan Africa (excluding high income),Lower middle income,urbanicity,rural,10.3289337297605
Cameroon,CMR,2024,Sub-Saharan Africa (excluding high income),Lower middle income,urbanicity,urban,30.987727214266602
Canada,CAN,2021,High income,High income,age_cat,age 25+,
Canada,CAN,2021,High income,High income,age_cat,ages 15-24,
Canada,CAN,2021,High income,High income,all,all,
Canada,CAN,2021,High income,High income,education,prim edu or less,
Canada,CAN,2021,High income,High income,education,secondary edu or more,
Canada,CAN,2021,High income,High income,gender,men,
Canada,CAN,2021,High income,High income,gender,women,
Canada,CAN,2021,High income,High income,income,poorest 40%,
Canada,CAN,2021,High income,High income,income,richest 60%,
Canada,CAN,2021,High income,High income,laborforce,in laborforce,
Canada,CAN,2021,High income,High income,laborforce,out of laborforce,
Canada,CAN,2024,High income,High income,age_cat,age 25+,
Canada,CAN,2024,High income,High income,age_cat,ages 15-24,
Canada,CAN,2024,High income,High income,all,all,
Canada,CAN,2024,High income,High income,education,prim edu or less,
Canada,CAN,2024,High income,High income,education,secondary edu or more,
Canada,CAN,2024,High income,High income,gender,men,
Canada,CAN,2024,High income,High income,gender,women,
Canada,CAN,2024,High income,High income,income,poorest 40%,
Canada,CAN,2024,High income,High income,income,richest 60%,
Canada,CAN,2024,High income,High income,laborforce,in laborforce,
Canada,CAN,2024,High income,High income,laborforce,out of laborforce,
Canada,CAN,2024,High income,High income,urbanicity,rural,
Canada,CAN,2024,High income,High income,urbanicity,urban,
Chad,TCD,2024,Sub-Saharan Africa (excluding high income),Low income,age_cat,age 25+,
Chad,TCD,2024,Sub-Saharan Africa (excluding high income),Low income,age_cat,ages 15-24,
Chad,TCD,2024,Sub-Saharan Africa (excluding high income),Low income,all,all,5.02410563567403
Chad,TCD,2024,Sub-Saharan Africa (excluding high income),Low income,education,prim edu or less,
Chad,TCD,2024,Sub-Saharan Africa (excluding high income),Low income,education,secondary edu or more,
Chad,TCD,2024,Sub-Saharan Africa (excluding high income),Low income,gender,men,
Chad,TCD,2024,Sub-Saharan Africa (excluding high income),Low income,gender,women,
Chad,TCD,2024,Sub-Saharan Africa (excluding high income),Low income,income,poorest 40%,
Chad,TCD,2024,Sub-Saharan Africa (excluding high income),Low income,income,richest 60%,
Chad,TCD,2024,Sub-Saharan Africa (excluding high income),Low income,laborforce,in laborforce,
Chad,TCD,2024,Sub-Saharan Africa (excluding high income),Low income,laborforce,out of laborforce,
Chad,TCD,2024,Sub-Saharan Africa (excluding high income),Low income,urbanicity,rural,
Chad,TCD,2024,Sub-Saharan Africa (excluding high income),Low income,urbanicity,urban,
Chile,CHL,2021,High income,High income,age_cat,age 25+,
Chile,CHL,2021,High income,High income,age_cat,ages 15-24,
Chile,CHL,2021,High income,High income,all,all,
Chile,CHL,2021,High income,High income,education,prim edu or less,
Chile,CHL,2021,High income,High income,education,secondary edu or more,
Chile,CHL,2021,High income,High income,gender,men,
Chile,CHL,2021,High income,High income,gender,women,
Chile,CHL,2021,High income,High income,income,poorest 40%,
Chile,CHL,2021,High income,High income,income,richest 60%,
Chile,CHL,2021,High income,High income,laborforce,in laborforce,
Chile,CHL,2021,High income,High income,laborforce,out of laborforce,
Chile,CHL,2024,High income,High income,age_cat,age 25+,
Chile,CHL,2024,High income,High income,age_cat,ages 15-24,
Chile,CHL,2024,High income,High income,all,all,
Chile,CHL,2024,High income,High income,education,prim edu or less,
Chile,CHL,2024,High income,High income,education,secondary edu or more,
Chile,CHL,2024,High income,High income,gender,men,
Chile,CHL,2024,High income,High income,gender,women,
Chile,CHL,2024,High income,High income,income,poorest 40%,
Chile,CHL,2024,High income,High income,income,richest 60%,
Chile,CHL,2024,High income,High income,laborforce,in laborforce,
Chile,CHL,2024,High income,High income,laborforce,out of laborforce,
Chile,CHL,2024,High income,High income,urbanicity,rural,
Chile,CHL,2024,High income,High income,urbanicity,urban,
China,CHN,2021,East Asia & Pacific (excluding high income),Upper middle income,age_cat,age 25+,80.5682595364336
China,CHN,2021,East Asia & Pacific (excluding high income),Upper middle income,age_cat,ages 15-24,86.9594738254628
China,CHN,2021,East Asia & Pacific (excluding high income),Upper middle income,all,all,81.538643112818
China,CHN,2021,East Asia & Pacific (excluding high income),Upper middle income,education,prim edu or less,72.5437691976627
China,CHN,2021,East Asia & Pacific (excluding high income),Upper middle income,education,secondary edu or more,94.6255082643542
China,CHN,2021,East Asia & Pacific (excluding high income),Upper middle income,gender,men,80.42060868937601
China,CHN,2021,East Asia & Pacific (excluding high income),Upper middle income,gender,women,82.7951663659689
China,CHN,2021,East Asia & Pacific (excluding high income),Upper middle income,income,poorest 40%,71.9840110185114
China,CHN,2021,East Asia & Pacific (excluding high income),Upper middle income,income,richest 60%,87.9082327571705
China,CHN,2024,East Asia & Pacific (excluding high income),Upper middle income,age_cat,age 25+,79.6981114186648
China,CHN,2024,East Asia & Pacific (excluding high income),Upper middle income,age_cat,ages 15-24,78.9100188991524
China,CHN,2024,East Asia & Pacific (excluding high income),Upper middle income,all,all,79.6020479818583
China,CHN,2024,East Asia & Pacific (excluding high income),Upper middle income,education,prim edu or less,70.1989308245768
China,CHN,2024,East Asia & Pacific (excluding high income),Upper middle income,education,secondary edu or more,89.18376856948291
China,CHN,2024,East Asia & Pacific (excluding high income),Upper middle income,gender,men,79.376176275806
China,CHN,2024,East Asia & Pacific (excluding high income),Upper middle income,gender,women,79.8395869126876
China,CHN,2024,East Asia & Pacific (excluding high income),Upper middle income,income,poorest 40%,68.1411794637785
China,CHN,2024,East Asia & Pacific (excluding high income),Upper middle income,income,richest 60%,87.2288345688627
China,CHN,2024,East Asia & Pacific (excluding high income),Upper middle income,urbanicity,rural,71.8470630501065
China,CHN,2024,East Asia & Pacific (excluding high income),Upper middle income,urbanicity,urban,83.3615178042199
Colombia,COL,2021,Latin America & Caribbean (excluding high income),Upper middle income,age_cat,age 25+,20.6255914923994
Colombia,COL,2021,Latin America & Caribbean (excluding high income),Upper middle income,age_cat,ages 15-24,19.65750935271
Colombia,COL,2021,Latin America & Caribbean (excluding high income),Upper middle income,all,all,20.4050296025435
Colombia,COL,2021,Latin America & Caribbean (excluding high income),Upper middle income,education,prim edu or less,3.6558825241803103
Colombia,COL,2021,Latin America & Caribbean (excluding high income),Upper middle income,education,secondary edu or more,26.112499470281296
Colombia,COL,2021,Latin America & Caribbean (excluding high income),Upper middle income,gender,men,23.8027046977372
Colombia,COL,2021,Latin America & Caribbean (excluding high income),Upper middle income,gender,women,17.2623342495761
Colombia,COL,2021,Latin America & Caribbean (excluding high income),Upper middle income,income,poorest 40%,5.5360666598645
Colombia,COL,2021,Latin America & Caribbean (excluding high income),Upper middle income,income,richest 60%,30.3148868893946
Colombia,COL,2021,Latin America & Caribbean (excluding high income),Upper middle income,laborforce,in laborforce,25.183730782641
Colombia,COL,2021,Latin America & Caribbean (excluding high income),Upper middle income,laborforce,out of laborforce,12.3427547537535
Colombia,COL,2024,Latin America & Caribbean (excluding high income),Upper middle income,age_cat,age 25+,23.645333075198298
Colombia,COL,2024,Latin America & Caribbean (excluding high income),Upper middle income,age_cat,ages 15-24,36.0805189975827
Colombia,COL,2024,Latin America & Caribbean (excluding high income),Upper middle income,all,all,26.1228867424814
Colombia,COL,2024,Latin America & Caribbean (excluding high income),Upper middle income,education,prim edu or less,6.645615370987561
Colombia,COL,2024,Latin America & Caribbean (excluding high income),Upper middle income,education,secondary edu or more,33.0688978982607
Colombia,COL,2024,Latin America & Caribbean (excluding high income),Upper middle income,gender,men,29.8148622541265
Colombia,COL,2024,Latin America & Caribbean (excluding high income),Upper middle income,gender,women,22.728835611850602
Colombia,COL,2024,Latin America & Caribbean (excluding high income),Upper middle income,income,poorest 40%,14.1053034857975
Colombia,COL,2024,Latin America & Caribbean (excluding high income),Upper middle income,income,richest 60%,34.1442720292129
Colombia,COL,2024,Latin America & Caribbean (excluding high income),Upper middle income,laborforce,in laborforce,34.1373343779775
Colombia,COL,2024,Latin America & Caribbean (excluding high income),Upper middle income,laborforce,out of laborforce,12.294626192189
Colombia,COL,2024,Latin America & Caribbean (excluding high income),Upper middle income,urbanicity,rural,15.2080680810222
Colombia,COL,2024,Latin America & Caribbean (excluding high income),Upper middle income,urbanicity,urban,32.884978278453396
Comoros,COM,2024,Sub-Saharan Africa (excluding high income),Lower middle income,age_cat,age 25+,
Comoros,COM,2024,Sub-Saharan Africa (excluding high income),Lower middle income,age_cat,ages 15-24,
Comoros,COM,2024,Sub-Saharan Africa (excluding high income),Lower middle income,all,all,6.78462065090128
Comoros,COM,2024,Sub-Saharan Africa (excluding high income),Lower middle income,education,prim edu or less,
Comoros,COM,2024,Sub-Saharan Africa (excluding high income),Lower middle income,education,secondary edu or more,
Comoros,COM,2024,Sub-Saharan Africa (excluding high income),Lower middle income,gender,men,
Comoros,COM,2024,Sub-Saharan Africa (excluding high income),Lower middle income,gender,women,
Comoros,COM,2024,Sub-Saharan Africa (excluding high income),Lower middle income,income,poorest 40%,
Comoros,COM,2024,Sub-Saharan Africa (excluding high income),Lower middle income,income,richest 60%,
Comoros,COM,2024,Sub-Saharan Africa (excluding high income),Lower middle income,laborforce,in laborforce,
Comoros,COM,2024,Sub-Saharan Africa (excluding high income),Lower middle income,laborforce,out of laborforce,
Comoros,COM,2024,Sub-Saharan Africa (excluding high income),Lower middle income,urbanicity,rural,
Comoros,COM,2024,Sub-Saharan Africa (excluding high income),Lower middle income,urbanicity,urban,
"Congo, Dem. Rep.",COD,2024,Sub-Saharan Africa (excluding high income),Low income,age_cat,age 25+,
"Congo, Dem. Rep.",COD,2024,Sub-Saharan Africa (excluding high income),Low income,age_cat,ages 15-24,
"Congo, Dem. Rep.",COD,2024,Sub-Saharan Africa (excluding high income),Low income,all,all,7.412418794710581
"Congo, Dem. Rep.",COD,2024,Sub-Saharan Africa (excluding high income),Low income,education,prim edu or less,
"Congo, Dem. Rep.",COD,2024,Sub-Saharan Africa (excluding high income),Low income,education,secondary edu or more,
"Congo, Dem. Rep.",COD,2024,Sub-Saharan Africa (excluding high income),Low income,gender,men,
"Congo, Dem. Rep.",COD,2024,Sub-Saharan Africa (excluding high income),Low income,gender,women,
"Congo, Dem. Rep.",COD,2024,Sub-Saharan Africa (excluding high income),Low income,income,poorest 40%,
"Congo, Dem. Rep.",COD,2024,Sub-Saharan Africa (excluding high income),Low income,income,richest 60%,
"Congo, Dem. Rep.",COD,2024,Sub-Saharan Africa (excluding high income),Low income,laborforce,in laborforce,
"Congo, Dem. Rep.",COD,2024,Sub-Saharan Africa (excluding high income),Low income,laborforce,out of laborforce,
"Congo, Dem. Rep.",COD,2024,Sub-Saharan Africa (excluding high income),Low income,urbanicity,rural,
"Congo, Dem. Rep.",COD,2024,Sub-Saharan Africa (excluding high income),Low income,urbanicity,urban,
"Congo, Rep.",COG,2021,Sub-Saharan Africa (excluding high income),Lower middle income,age_cat,age 25+,
"Congo, Rep.",COG,2021,Sub-Saharan Africa (excluding high income),Lower middle income,age_cat,ages 15-24,
"Congo, Rep.",COG,2021,Sub-Saharan Africa (excluding high income),Lower middle income,all,all,7.5956761190316
"Congo, Rep.",COG,2021,Sub-Saharan Africa (excluding high income),Lower middle income,education,prim edu or less,
"Congo, Rep.",COG,2021,Sub-Saharan Africa (excluding high income),Lower middle income,education,secondary edu or more,
"Congo, Rep.",COG,2021,Sub-Saharan Africa (excluding high income),Lower middle income,gender,men,
"Congo, Rep.",COG,2021,Sub-Saharan Africa (excluding high income),Lower middle income,gender,women,
"Congo, Rep.",COG,2021,Sub-Saharan Africa (excluding high income),Lower middle income,income,poorest 40%,
"Congo, Rep.",COG,2021,Sub-Saharan Africa (excluding high income),Lower middle income,income,richest 60%,
"Congo, Rep.",COG,2021,Sub-Saharan Africa (excluding high income),Lower middle income,laborforce,in laborforce,
"Congo, Rep.",COG,2021,Sub-Saharan Africa (excluding high income),Lower middle income,laborforce,out of laborforce,
"Congo, Rep.",COG,2024,Sub-Saharan Africa (excluding high income),Lower middle income,age_cat,age 25+,
"Congo, Rep.",COG,2024,Sub-Saharan Africa (excluding high income),Lower middle income,age_cat,ages 15-24,
"Congo, Rep.",COG,2024,Sub-Saharan Africa (excluding high income),Lower middle income,all,all,9.92573579698766
"Congo, Rep.",COG,2024,Sub-Saharan Africa (excluding high income),Lower middle income,education,prim edu or less,
"Congo, Rep.",COG,2024,Sub-Saharan Africa (excluding high income),Lower middle income,education,secondary edu or more,
"Congo, Rep.",COG,2024,Sub-Saharan Africa (excluding high income),Lower middle income,gender,men,
"Congo, Rep.",COG,2024,Sub-Saharan Africa (excluding high income),Lower middle income,gender,women,
"Congo, Rep.",COG,2024,Sub-Saharan Africa (excluding high income),Lower middle income,income,poorest 40%,
"Congo, Rep.",COG,2024,Sub-Saharan Africa (excluding high income),Lower middle income,income,richest 60%,
"Congo, Rep.",COG,2024,Sub-Saharan Africa (excluding high income),Lower middle income,laborforce,in laborforce,
"Congo, Rep.",COG,2024,Sub-Saharan Africa (excluding high income),Lower middle income,laborforce,out of laborforce,
"Congo, Rep.",COG,2024,Sub-Saharan Africa (excluding high income),Lower middle income,urbanicity,rural,
"Congo, Rep.",COG,2024,Sub-Saharan Africa (excluding high income),Lower middle income,urbanicity,urban,
Costa Rica,CRI,2021,Latin America & Caribbean (excluding high income),Upper middle income,age_cat,age 25+,35.0171134425289
Costa Rica,CRI,2021,Latin America & Caribbean (excluding high income),Upper middle income,age_cat,ages 15-24,50.391056877658905
Costa Rica,CRI,2021,Latin America & Caribbean (excluding high income),Upper middle income,all,all,38.8338249915596
Costa Rica,CRI,2021,Latin America & Caribbean (excluding high income),Upper middle income,education,prim edu or less,14.449548855713202
Costa Rica,CRI,2021,Latin America & Caribbean (excluding high income),Upper middle income,education,secondary edu or more,55.34764230247921
Costa Rica,CRI,2021,Latin America & Caribbean (excluding high income),Upper middle income,gender,men,46.2543968539993
Costa Rica,CRI,2021,Latin America & Caribbean (excluding high income),Upper middle income,gender,women,31.8265880622665
Costa Rica,CRI,2021,Latin America & Caribbean (excluding high income),Upper middle income,income,poorest 40%,21.852428733104603
Costa Rica,CRI,2021,Latin America & Caribbean (excluding high income),Upper middle income,income,richest 60%,50.0558576220157
Costa Rica,CRI,2021,Latin America & Caribbean (excluding high income),Upper middle income,laborforce,in laborforce,47.477646600443
Costa Rica,CRI,2021,Latin America & Caribbean (excluding high income),Upper middle income,laborforce,out of laborforce,27.643177911640997
Costa Rica,CRI,2024,Latin America & Caribbean (excluding high income),Upper middle income,age_cat,age 25+,45.6523308889755
Costa Rica,CRI,2024,Latin America & Caribbean (excluding high income),Upper middle income,age_cat,ages 15-24,54.012093141440296
Costa Rica,CRI,2024,Latin America & Caribbean (excluding high income),Upper middle income,all,all,47.249721796633295
Costa Rica,CRI,2024,Latin America & Caribbean (excluding high income),Upper middle income,education,prim edu or less,18.3984882972904
Costa Rica,CRI,2024,Latin America & Caribbean (excluding high income),Upper middle income,education,secondary edu or more,62.8358376944506
Costa Rica,CRI,2024,Latin America & Caribbean (excluding high income),Upper middle income,gender,men,49.7095613696155
Costa Rica,CRI,2024,Latin America & Caribbean (excluding high income),Upper middle income,gender,women,44.8662227457867
Costa Rica,CRI,2024,Latin America & Caribbean (excluding high income),Upper middle income,income,poorest 40%,33.362554490026305
Costa Rica,CRI,2024,Latin America & Caribbean (excluding high income),Upper middle income,income,richest 60%,56.494141355884196
Costa Rica,CRI,2024,Latin America & Caribbean (excluding high income),Upper middle income,laborforce,in laborforce,59.454804874652304
Costa Rica,CRI,2024,Latin America & Caribbean (excluding high income),Upper middle income,laborforce,out of laborforce,29.6333598941737
Costa Rica,CRI,2024,Latin America & Caribbean (excluding high income),Upper middle income,urbanicity,rural,45.7706669297918
Costa Rica,CRI,2024,Latin America & Caribbean (excluding high income),Upper middle income,urbanicity,urban,48.6079142419238
Cote d'Ivoire,CIV,2021,Sub-Saharan Africa (excluding high income),Lower middle income,age_cat,age 25+,
Cote d'Ivoire,CIV,2021,Sub-Saharan Africa (excluding high income),Lower middle income,age_cat,ages 15-24,
Cote d'Ivoire,CIV,2021,Sub-Saharan Africa (excluding high income),Lower middle income,all,all,5.796978945436599
Cote d'Ivoire,CIV,2021,Sub-Saharan Africa (excluding high income),Lower middle income,education,prim edu or less,
Cote d'Ivoire,CIV,2021,Sub-Saharan Africa (excluding high income),Lower middle income,education,secondary edu or more,
Cote d'Ivoire,CIV,2021,Sub-Saharan Africa (excluding high income),Lower middle income,gender,men,
Cote d'Ivoire,CIV,2021,Sub-Saharan Africa (excluding high income),Lower middle income,gender,women,
Cote d'Ivoire,CIV,2021,Sub-Saharan Africa (excluding high income),Lower middle income,income,poorest 40%,
Cote d'Ivoire,CIV,2021,Sub-Saharan Africa (excluding high income),Lower middle income,income,richest 60%,
Cote d'Ivoire,CIV,2021,Sub-Saharan Africa (excluding high income),Lower middle income,laborforce,in laborforce,
Cote d'Ivoire,CIV,2021,Sub-Saharan Africa (excluding high income),Lower middle income,laborforce,out of laborforce,
Cote d'Ivoire,CIV,2024,Sub-Saharan Africa (excluding high income),Lower middle income,age_cat,age 25+,
Cote d'Ivoire,CIV,2024,Sub-Saharan Africa (excluding high income),Lower middle income,age_cat,ages 15-24,
Cote d'Ivoire,CIV,2024,Sub-Saharan Africa (excluding high income),Lower middle income,all,all,9.15960392725843
Cote d'Ivoire,CIV,2024,Sub-Saharan Africa (excluding high income),Lower middle income,education,prim edu or less,
Cote d'Ivoire,CIV,2024,Sub-Saharan Africa (excluding high income),Lower middle income,education,secondary edu or more,
Cote d'Ivoire,CIV,2024,Sub-Saharan Africa (excluding high income),Lower middle income,gender,men,
Cote d'Ivoire,CIV,2024,Sub-Saharan Africa (excluding high income),Lower middle income,gender,women,
Cote d'Ivoire,CIV,2024,Sub-Saharan Africa (excluding high income),Lower middle income,income,poorest 40%,
Cote d'Ivoire,CIV,2024,Sub-Saharan Africa (excluding high income),Lower middle income,income,richest 60%,
Cote d'Ivoire,CIV,2024,Sub-Saharan Africa (excluding high income),Lower middle income,laborforce,in laborforce,
Cote d'Ivoire,CIV,2024,Sub-Saharan Africa (excluding high income),Lower middle income,laborforce,out of laborforce,
Cote d'Ivoire,CIV,2024,Sub-Saharan Africa (excluding high income),Lower middle income,urbanicity,rural,
Cote d'Ivoire,CIV,2024,Sub-Saharan Africa (excluding high income),Lower middle income,urbanicity,urban,
Croatia,HRV,2021,High income,High income,age_cat,age 25+,
Croatia,HRV,2021,High income,High income,age_cat,ages 15-24,
Croatia,HRV,2021,High income,High income,all,all,
Croatia,HRV,2021,High income,High income,education,prim edu or less,
Croatia,HRV,2021,High income,High income,education,secondary edu or more,
Croatia,HRV,2021,High income,High income,gender,men,
Croatia,HRV,2021,High income,High income,gender,women,
Croatia,HRV,2021,High income,High income,income,poorest 40%,
Croatia,HRV,2021,High income,High income,income,richest 60%,
Croatia,HRV,2021,High income,High income,laborforce,in laborforce,
Croatia,HRV,2021,High income,High income,laborforce,out of laborforce,
Croatia,HRV,2024,High income,High income,age_cat,age 25+,69.4778984744111
Croatia,HRV,2024,High income,High income,age_cat,ages 15-24,35.1255538972065
Croatia,HRV,2024,High income,High income,all,all,65.3338586129033
Croatia,HRV,2024,High income,High income,education,prim edu or less,16.957883637450898
Croatia,HRV,2024,High income,High income,education,secondary edu or more,77.5877181404919
Croatia,HRV,2024,High income,High income,gender,men,69.3221285628608
Croatia,HRV,2024,High income,High income,gender,women,61.73314057529829
Croatia,HRV,2024,High income,High income,income,poorest 40%,59.0989079927991
Croatia,HRV,2024,High income,High income,income,richest 60%,69.4801689283648
Croatia,HRV,2024,High income,High income,laborforce,in laborforce,83.2097361420353
Croatia,HRV,2024,High income,High income,laborforce,out of laborforce,41.243838328992396
Croatia,HRV,2024,High income,High income,urbanicity,rural,62.793714301819904
Croatia,HRV,2024,High income,High income,urbanicity,urban,74.24843472652451
Cyprus,CYP,2021,High income,High income,age_cat,age 25+,
Cyprus,CYP,2021,High income,High income,age_cat,ages 15-24,
Cyprus,CYP,2021,High income,High income,all,all,
Cyprus,CYP,2021,High income,High income,education,prim edu or less,
Cyprus,CYP,2021,High income,High income,education,secondary edu or more,
Cyprus,CYP,2021,High income,High income,gender,men,
Cyprus,CYP,2021,High income,High income,gender,women,
Cyprus,CYP,2021,High income,High income,income,poorest 40%,
Cyprus,CYP,2021,High income,High income,income,richest 60%,
Cyprus,CYP,2021,High income,High income,laborforce,in laborforce,
Cyprus,CYP,2021,High income,High income,laborforce,out of laborforce,
Cyprus,CYP,2024,High income,High income,age_cat,age 25+,
Cyprus,CYP,2024,High income,High income,age_cat,ages 15-24,
Cyprus,CYP,2024,High income,High income,all,all,
Cyprus,CYP,2024,High income,High income,education,prim edu or less,
Cyprus,CYP,2024,High income,High income,education,secondary edu or more,
Cyprus,CYP,2024,High income,High income,gender,men,
Cyprus,CYP,2024,High income,High income,gender,women,
Cyprus,CYP,2024,High income,High income,income,poorest 40%,
Cyprus,CYP,2024,High income,High income,income,richest 60%,
Cyprus,CYP,2024,High income,High income,laborforce,in laborforce,
Cyprus,CYP,2024,High income,High income,laborforce,out of laborforce,
Cyprus,CYP,2024,High income,High income,urbanicity,rural,
Cyprus,CYP,2024,High income,High income,urbanicity,urban,
Czechia,CZE,2021,High income,High income,age_cat,age 25+,
Czechia,CZE,2021,High income,High income,age_cat,ages 15-24,
Czechia,CZE,2021,High income,High income,all,all,
Czechia,CZE,2021,High income,High income,education,prim edu or less,
Czechia,CZE,2021,High income,High income,education,secondary edu or more,
Czechia,CZE,2021,High income,High income,gender,men,
Czechia,CZE,2021,High income,High income,gender,women,
Czechia,CZE,2021,High income,High income,income,poorest 40%,
Czechia,CZE,2021,High income,High income,income,richest 60%,
Czechia,CZE,2021,High income,High income,laborforce,in laborforce,
Czechia,CZE,2021,High income,High income,laborforce,out of laborforce,
Czechia,CZE,2024,High income,High income,age_cat,age 25+,
Czechia,CZE,2024,High income,High income,age_cat,ages 15-24,
Czechia,CZE,2024,High income,High income,all,all,
Czechia,CZE,2024,High income,High income,education,prim edu or less,
Czechia,CZE,2024,High income,High income,education,secondary edu or more,
Czechia,CZE,2024,High income,High income,gender,men,
Czechia,CZE,2024,High income,High income,gender,women,
Czechia,CZE,2024,High income,High income,income,poorest 40%,
Czechia,CZE,2024,High income,High income,income,richest 60%,
Czechia,CZE,2024,High income,High income,laborforce,in laborforce,
Czechia,CZE,2024,High income,High income,laborforce,out of laborforce,
Czechia,CZE,2024,High income,High income,urbanicity,rural,
Czechia,CZE,2024,High income,High income,urbanicity,urban,
Denmark,DNK,2021,High income,High income,age_cat,age 25+,
Denmark,DNK,2021,High income,High income,age_cat,ages 15-24,
Denmark,DNK,2021,High income,High income,all,all,
Denmark,DNK,2021,High income,High income,education,prim edu or less,
Denmark,DNK,2021,High income,High income,education,secondary edu or more,
Denmark,DNK,2021,High income,High income,gender,men,
Denmark,DNK,2021,High income,High income,gender,women,
Denmark,DNK,2021,High income,High income,income,poorest 40%,
Denmark,DNK,2021,High income,High income,income,richest 60%,
Denmark,DNK,2021,High income,High income,laborforce,in laborforce,
Denmark,DNK,2021,High income,High income,laborforce,out of laborforce,
Denmark,DNK,2024,High income,High income,age_cat,age 25+,
Denmark,DNK,2024,High income,High income,age_cat,ages 15-24,
Denmark,DNK,2024,High income,High income,all,all,
Denmark,DNK,2024,High income,High income,education,prim edu or less,
Denmark,DNK,2024,High income,High income,education,secondary edu or more,
Denmark,DNK,2024,High income,High income,gender,men,
Denmark,DNK,2024,High income,High income,gender,women,
Denmark,DNK,2024,High income,High income,income,poorest 40%,
Denmark,DNK,2024,High income,High income,income,richest 60%,
Denmark,DNK,2024,High income,High income,laborforce,in laborforce,
Denmark,DNK,2024,High income,High income,laborforce,out of laborforce,
Denmark,DNK,2024,High income,High income,urbanicity,rural,
Denmark,DNK,2024,High income,High income,urbanicity,urban,
Dominican Republic,DOM,2021,Latin America & Caribbean (excluding high income),Upper middle income,age_cat,age 25+,14.503394180274002
Dominican Republic,DOM,2021,Latin America & Caribbean (excluding high income),Upper middle income,age_cat,ages 15-24,9.1122511057972
Dominican Republic,DOM,2021,Latin America & Caribbean (excluding high income),Upper middle income,all,all,13.204412554664799
Dominican Republic,DOM,2021,Latin America & Caribbean (excluding high income),Upper middle income,education,prim edu or less,4.7970033538289405
Dominican Republic,DOM,2021,Latin America & Caribbean (excluding high income),Upper middle income,education,secondary edu or more,21.5792532505766
Dominican Republic,DOM,2021,Latin America & Caribbean (excluding high income),Upper middle income,gender,men,15.446167610170999
Dominican Republic,DOM,2021,Latin America & Caribbean (excluding high income),Upper middle income,gender,women,11.0189087692876
Dominican Republic,DOM,2021,Latin America & Caribbean (excluding high income),Upper middle income,income,poorest 40%,3.87422728818054
Dominican Republic,DOM,2021,Latin America & Caribbean (excluding high income),Upper middle income,income,richest 60%,19.414554228672003
Dominican Republic,DOM,2021,Latin America & Caribbean (excluding high income),Upper middle income,laborforce,in laborforce,18.0771780748718
Dominican Republic,DOM,2021,Latin America & Caribbean (excluding high income),Upper middle income,laborforce,out of laborforce,6.03119406234815
Dominican Republic,DOM,2024,Latin America & Caribbean (excluding high income),Upper middle income,age_cat,age 25+,28.2284780435092
Dominican Republic,DOM,2024,Latin America & Caribbean (excluding high income),Upper middle income,age_cat,ages 15-24,25.6385375300799
Dominican Republic,DOM,2024,Latin America & Caribbean (excluding high income),Upper middle income,all,all,27.628397937603598
Dominican Republic,DOM,2024,Latin America & Caribbean (excluding high income),Upper middle income,education,prim edu or less,8.98757325094797
Dominican Republic,DOM,2024,Latin America & Caribbean (excluding high income),Upper middle income,education,secondary edu or more,38.4422592412839
Dominican Republic,DOM,2024,Latin America & Caribbean (excluding high income),Upper middle income,gender,men,33.140300838867496
Dominican Republic,DOM,2024,Latin America & Caribbean (excluding high income),Upper middle income,gender,women,22.3133713361236
Dominican Republic,DOM,2024,Latin America & Caribbean (excluding high income),Upper middle income,income,poorest 40%,11.2231669156469
Dominican Republic,DOM,2024,Latin America & Caribbean (excluding high income),Upper middle income,income,richest 60%,38.5178040291385
Dominican Republic,DOM,2024,Latin America & Caribbean (excluding high income),Upper middle income,laborforce,in laborforce,38.3499421665405
Dominican Republic,DOM,2024,Latin America & Caribbean (excluding high income),Upper middle income,laborforce,out of laborforce,9.7548016102512
Dominican Republic,DOM,2024,Latin America & Caribbean (excluding high income),Upper middle income,urbanicity,rural,20.7301864008415
Dominican Republic,DOM,2024,Latin America & Caribbean (excluding high income),Upper middle income,urbanicity,urban,31.258991409488402
Ecuador,ECU,2021,Latin America & Caribbean (excluding high income),Upper middle income,age_cat,age 25+,16.2222788448346
Ecuador,ECU,2021,Latin America & Caribbean (excluding high income),Upper middle income,age_cat,ages 15-24,14.964794447635498
Ecuador,ECU,2021,Latin America & Caribbean (excluding high income),Upper middle income,all,all,15.8736388126278
Ecuador,ECU,2021,Latin America & Caribbean (excluding high income),Upper middle income,education,prim edu or less,5.334927920242309
Ecuador,ECU,2021,Latin America & Caribbean (excluding high income),Upper middle income,education,secondary edu or more,22.7365408395695
Ecuador,ECU,2021,Latin America & Caribbean (excluding high income),Upper middle income,gender,men,22.6173395985235
Ecuador,ECU,2021,Latin America & Caribbean (excluding high income),Upper middle income,gender,women,9.31809406454796
Ecuador,ECU,2021,Latin America & Caribbean (excluding high income),Upper middle income,income,poorest 40%,4.973981747579001
Ecuador,ECU,2021,Latin America & Caribbean (excluding high income),Upper middle income,income,richest 60%,23.0996702341032
Ecuador,ECU,2021,Latin America & Caribbean (excluding high income),Upper middle income,laborforce,in laborforce,21.5460228513584
Ecuador,ECU,2021,Latin America & Caribbean (excluding high income),Upper middle income,laborforce,out of laborforce,7.12362200542699
Ecuador,ECU,2024,Latin America & Caribbean (excluding high income),Upper middle income,age_cat,age 25+,18.4409635199665
Ecuador,ECU,2024,Latin America & Caribbean (excluding high income),Upper middle income,age_cat,ages 15-24,28.2161375894665
Ecuador,ECU,2024,Latin America & Caribbean (excluding high income),Upper middle income,all,all,20.7985967329601
Ecuador,ECU,2024,Latin America & Caribbean (excluding high income),Upper middle income,education,prim edu or less,5.77640374261547
Ecuador,ECU,2024,Latin America & Caribbean (excluding high income),Upper middle income,education,secondary edu or more,28.605819294614598
Ecuador,ECU,2024,Latin America & Caribbean (excluding high income),Upper middle income,gender,men,25.8478780904552
Ecuador,ECU,2024,Latin America & Caribbean (excluding high income),Upper middle income,gender,women,16.2149702119292
Ecuador,ECU,2024,Latin America & Caribbean (excluding high income),Upper middle income,income,poorest 40%,9.1537374988491
Ecuador,ECU,2024,Latin America & Caribbean (excluding high income),Upper middle income,income,richest 60%,28.5599299552915
Ecuador,ECU,2024,Latin America & Caribbean (excluding high income),Upper middle income,laborforce,in laborforce,24.690534654791698
Ecuador,ECU,2024,Latin America & Caribbean (excluding high income),Upper middle income,laborforce,out of laborforce,10.6084928240788
Ecuador,ECU,2024,Latin America & Caribbean (excluding high income),Upper middle income,urbanicity,rural,13.2245173568308
Ecuador,ECU,2024,Latin America & Caribbean (excluding high income),Upper middle income,urbanicity,urban,27.619126833359196
"Egypt, Arab Rep.",EGY,2021,Middle East & North Africa (excluding high income),Lower middle income,age_cat,age 25+,
"Egypt, Arab Rep.",EGY,2021,Middle East & North Africa (excluding high income),Lower middle income,age_cat,ages 15-24,
"Egypt, Arab Rep.",EGY,2021,Middle East & North Africa (excluding high income),Lower middle income,all,all,3.5129927430322296
"Egypt, Arab Rep.",EGY,2021,Middle East & North Africa (excluding high income),Lower middle income,education,prim edu or less,
"Egypt, Arab Rep.",EGY,2021,Middle East & North Africa (excluding high income),Lower middle income,education,secondary edu or more,
"Egypt, Arab Rep.",EGY,2021,Middle East & North Africa (excluding high income),Lower middle income,gender,men,
"Egypt, Arab Rep.",EGY,2021,Middle East & North Africa (excluding high income),Lower middle income,gender,women,
"Egypt, Arab Rep.",EGY,2021,Middle East & North Africa (excluding high income),Lower middle income,income,poorest 40%,
"Egypt, Arab Rep.",EGY,2021,Middle East & North Africa (excluding high income),Lower middle income,income,richest 60%,
"Egypt, Arab Rep.",EGY,2021,Middle East & North Africa (excluding high income),Lower middle income,laborforce,in laborforce,
"Egypt, Arab Rep.",EGY,2021,Middle East & North Africa (excluding high income),Lower middle income,laborforce,out of laborforce,
"Egypt, Arab Rep.",EGY,2024,Middle East & North Africa (excluding high income),Lower middle income,age_cat,age 25+,
"Egypt, Arab Rep.",EGY,2024,Middle East & North Africa (excluding high income),Lower middle income,age_cat,ages 15-24,
"Egypt, Arab Rep.",EGY,2024,Middle East & North Africa (excluding high income),Lower middle income,all,all,5.23151161220924
"Egypt, Arab Rep.",EGY,2024,Middle East & North Africa (excluding high income),Lower middle income,education,prim edu or less,
"Egypt, Arab Rep.",EGY,2024,Middle East & North Africa (excluding high income),Lower middle income,education,secondary edu or more,
"Egypt, Arab Rep.",EGY,2024,Middle East & North Africa (excluding high income),Lower middle income,gender,men,
"Egypt, Arab Rep.",EGY,2024,Middle East & North Africa (excluding high income),Lower middle income,gender,women,
"Egypt, Arab Rep.",EGY,2024,Middle East & North Africa (excluding high income),Lower middle income,income,poorest 40%,
"Egypt, Arab Rep.",EGY,2024,Middle East & North Africa (excluding high income),Lower middle income,income,richest 60%,
"Egypt, Arab Rep.",EGY,2024,Middle East & North Africa (excluding high income),Lower middle income,laborforce,in laborforce,
"Egypt, Arab Rep.",EGY,2024,Middle East & North Africa (excluding high income),Lower middle income,laborforce,out of laborforce,
"Egypt, Arab Rep.",EGY,2024,Middle East & North Africa (excluding high income),Lower middle income,urbanicity,rural,
"Egypt, Arab Rep.",EGY,2024,Middle East & North Africa (excluding high income),Lower middle income,urbanicity,urban,
El Salvador,SLV,2021,Latin America & Caribbean (excluding high income),Lower middle income,age_cat,age 25+,
El Salvador,SLV,2021,Latin America & Caribbean (excluding high income),Lower middle income,age_cat,ages 15-24,
El Salvador,SLV,2021,Latin America & Caribbean (excluding high income),Lower middle income,all,all,9.85185708831796
El Salvador,SLV,2021,Latin America & Caribbean (excluding high income),Lower middle income,education,prim edu or less,
El Salvador,SLV,2021,Latin America & Caribbean (excluding high income),Lower middle income,education,secondary edu or more,
El Salvador,SLV,2021,Latin America & Caribbean (excluding high income),Lower middle income,gender,men,
El Salvador,SLV,2021,Latin America & Caribbean (excluding high income),Lower middle income,gender,women,
El Salvador,SLV,2021,Latin America & Caribbean (excluding high income),Lower middle income,income,poorest 40%,
El Salvador,SLV,2021,Latin America & Caribbean (excluding high income),Lower middle income,income,richest 60%,
El Salvador,SLV,2021,Latin America & Caribbean (excluding high income),Lower middle income,laborforce,in laborforce,
El Salvador,SLV,2021,Latin America & Caribbean (excluding high income),Lower middle income,laborforce,out of laborforce,
El Salvador,SLV,2024,Latin America & Caribbean (excluding high income),Lower middle income,age_cat,age 25+,
El Salvador,SLV,2024,Latin America & Caribbean (excluding high income),Lower middle income,age_cat,ages 15-24,
El Salvador,SLV,2024,Latin America & Caribbean (excluding high income),Lower middle income,all,all,9.97992270570286
El Salvador,SLV,2024,Latin America & Caribbean (excluding high income),Lower middle income,education,prim edu or less,
El Salvador,SLV,2024,Latin America & Caribbean (excluding high income),Lower middle income,education,secondary edu or more,
El Salvador,SLV,2024,Latin America & Caribbean (excluding high income),Lower middle income,gender,men,
El Salvador,SLV,2024,Latin America & Caribbean (excluding high income),Lower middle income,gender,women,
El Salvador,SLV,2024,Latin America & Caribbean (excluding high income),Lower middle income,income,poorest 40%,
El Salvador,SLV,2024,Latin America & Caribbean (excluding high income),Lower middle income,income,richest 60%,
El Salvador,SLV,2024,Latin America & Caribbean (excluding high income),Lower middle income,laborforce,in laborforce,
El Salvador,SLV,2024,Latin America & Caribbean (excluding high income),Lower middle income,laborforce,out of laborforce,
El Salvador,SLV,2024,Latin America & Caribbean (excluding high income),Lower middle income,urbanicity,rural,
El Salvador,SLV,2024,Latin America & Caribbean (excluding high income),Lower middle income,urbanicity,urban,
Estonia,EST,2021,High income,High income,age_cat,age 25+,
Estonia,EST,2021,High income,High income,age_cat,ages 15-24,
Estonia,EST,2021,High income,High income,all,all,
Estonia,EST,2021,High income,High income,education,prim edu or less,
Estonia,EST,2021,High income,High income,education,secondary edu or more,
Estonia,EST,2021,High income,High income,gender,men,
Estonia,EST,2021,High income,High income,gender,women,
Estonia,EST,2021,High income,High income,income,poorest 40%,
Estonia,EST,2021,High income,High income,income,richest 60%,
Estonia,EST,2021,High income,High income,laborforce,in laborforce,
Estonia,EST,2021,High income,High income,laborforce,out of laborforce,
Estonia,EST,2024,High income,High income,age_cat,age 25+,
Estonia,EST,2024,High income,High income,age_cat,ages 15-24,
Estonia,EST,2024,High income,High income,all,all,
Estonia,EST,2024,High income,High income,education,prim edu or less,
Estonia,EST,2024,High income,High income,education,secondary edu or more,
Estonia,EST,2024,High income,High income,gender,men,
Estonia,EST,2024,High income,High income,gender,women,
Estonia,EST,2024,High income,High income,income,poorest 40%,
Estonia,EST,2024,High income,High income,income,richest 60%,
Estonia,EST,2024,High income,High income,laborforce,in laborforce,
Estonia,EST,2024,High income,High income,laborforce,out of laborforce,
Estonia,EST,2024,High income,High income,urbanicity,rural,
Estonia,EST,2024,High income,High income,urbanicity,urban,
Eswatini,SWZ,2024,Sub-Saharan Africa (excluding high income),Lower middle income,age_cat,age 25+,20.439095037930798
Eswatini,SWZ,2024,Sub-Saharan Africa (excluding high income),Lower middle income,age_cat,ages 15-24,12.4162836957338
Eswatini,SWZ,2024,Sub-Saharan Africa (excluding high income),Lower middle income,all,all,18.1668773149457
Eswatini,SWZ,2024,Sub-Saharan Africa (excluding high income),Lower middle income,education,prim edu or less,11.4462611220615
Eswatini,SWZ,2024,Sub-Saharan Africa (excluding high income),Lower middle income,education,secondary edu or more,23.9548336532532
Eswatini,SWZ,2024,Sub-Saharan Africa (excluding high income),Lower middle income,gender,men,20.0841597842113
Eswatini,SWZ,2024,Sub-Saharan Africa (excluding high income),Lower middle income,gender,women,16.697179846393002
Eswatini,SWZ,2024,Sub-Saharan Africa (excluding high income),Lower middle income,income,poorest 40%,12.2089282709418
Eswatini,SWZ,2024,Sub-Saharan Africa (excluding high income),Lower middle income,income,richest 60%,22.1444932995263
Eswatini,SWZ,2024,Sub-Saharan Africa (excluding high income),Lower middle income,laborforce,in laborforce,26.9070350924109
Eswatini,SWZ,2024,Sub-Saharan Africa (excluding high income),Lower middle income,laborforce,out of laborforce,9.51707770353711
Eswatini,SWZ,2024,Sub-Saharan Africa (excluding high income),Lower middle income,urbanicity,rural,18.1668773149457
Ethiopia,ETH,2024,Sub-Saharan Africa (excluding high income),Low income,age_cat,age 25+,
Ethiopia,ETH,2024,Sub-Saharan Africa (excluding high income),Low income,age_cat,ages 15-24,
Ethiopia,ETH,2024,Sub-Saharan Africa (excluding high income),Low income,all,all,5.910857780012821
Ethiopia,ETH,2024,Sub-Saharan Africa (excluding high income),Low income,education,prim edu or less,
Ethiopia,ETH,2024,Sub-Saharan Africa (excluding high income),Low income,education,secondary edu or more,
Ethiopia,ETH,2024,Sub-Saharan Africa (excluding high income),Low income,gender,men,
Ethiopia,ETH,2024,Sub-Saharan Africa (excluding high income),Low income,gender,women,
Ethiopia,ETH,2024,Sub-Saharan Africa (excluding high income),Low income,income,poorest 40%,
Ethiopia,ETH,2024,Sub-Saharan Africa (excluding high income),Low income,income,richest 60%,
Ethiopia,ETH,2024,Sub-Saharan Africa (excluding high income),Low income,laborforce,in laborforce,
Ethiopia,ETH,2024,Sub-Saharan Africa (excluding high income),Low income,laborforce,out of laborforce,
Ethiopia,ETH,2024,Sub-Saharan Africa (excluding high income),Low income,urbanicity,rural,
Ethiopia,ETH,2024,Sub-Saharan Africa (excluding high income),Low income,urbanicity,urban,
Finland,FIN,2021,High income,High income,age_cat,age 25+,
Finland,FIN,2021,High income,High income,age_cat,ages 15-24,
Finland,FIN,2021,High income,High income,all,all,
Finland,FIN,2021,High income,High income,education,prim edu or less,
Finland,FIN,2021,High income,High income,education,secondary edu or more,
Finland,FIN,2021,High income,High income,gender,men,
Finland,FIN,2021,High income,High income,gender,women,
Finland,FIN,2021,High income,High income,income,poorest 40%,
Finland,FIN,2021,High income,High income,income,richest 60%,
Finland,FIN,2021,High income,High income,laborforce,in laborforce,
Finland,FIN,2021,High income,High income,laborforce,out of laborforce,
Finland,FIN,2024,High income,High income,age_cat,age 25+,
Finland,FIN,2024,High income,High income,age_cat,ages 15-24,
Finland,FIN,2024,High income,High income,all,all,
Finland,FIN,2024,High income,High income,education,prim edu or less,
Finland,FIN,2024,High income,High income,education,secondary edu or more,
Finland,FIN,2024,High income,High income,gender,men,
Finland,FIN,2024,High income,High income,gender,women,
Finland,FIN,2024,High income,High income,income,poorest 40%,
Finland,FIN,2024,High income,High income,income,richest 60%,
Finland,FIN,2024,High income,High income,laborforce,in laborforce,
Finland,FIN,2024,High income,High income,laborforce,out of laborforce,
Finland,FIN,2024,High income,High income,urbanicity,rural,
Finland,FIN,2024,High income,High income,urbanicity,urban,
France,FRA,2021,High income,High income,age_cat,age 25+,
France,FRA,2021,High income,High income,age_cat,ages 15-24,
France,FRA,2021,High income,High income,all,all,
France,FRA,2021,High income,High income,education,prim edu or less,
France,FRA,2021,High income,High income,education,secondary edu or more,
France,FRA,2021,High income,High income,gender,men,
France,FRA,2021,High income,High income,gender,women,
France,FRA,2021,High income,High income,income,poorest 40%,
France,FRA,2021,High income,High income,income,richest 60%,
France,FRA,2021,High income,High income,laborforce,in laborforce,
France,FRA,2021,High income,High income,laborforce,out of laborforce,
France,FRA,2024,High income,High income,age_cat,age 25+,
France,FRA,2024,High income,High income,age_cat,ages 15-24,
France,FRA,2024,High income,High income,all,all,
France,FRA,2024,High income,High income,education,prim edu or less,
France,FRA,2024,High income,High income,education,secondary edu or more,
France,FRA,2024,High income,High income,gender,men,
France,FRA,2024,High income,High income,gender,women,
France,FRA,2024,High income,High income,income,poorest 40%,
France,FRA,2024,High income,High income,income,richest 60%,
France,FRA,2024,High income,High income,laborforce,in laborforce,
France,FRA,2024,High income,High income,laborforce,out of laborforce,
France,FRA,2024,High income,High income,urbanicity,rural,
France,FRA,2024,High income,High income,urbanicity,urban,
Gabon,GAB,2021,Sub-Saharan Africa (excluding high income),Upper middle income,age_cat,age 25+,18.0794294007564
Gabon,GAB,2021,Sub-Saharan Africa (excluding high income),Upper middle income,age_cat,ages 15-24,16.8476636319851
Gabon,GAB,2021,Sub-Saharan Africa (excluding high income),Upper middle income,all,all,17.6665949740991
Gabon,GAB,2021,Sub-Saharan Africa (excluding high income),Upper middle income,education,prim edu or less,11.7953889179513
Gabon,GAB,2021,Sub-Saharan Africa (excluding high income),Upper middle income,education,secondary edu or more,21.0250802715601
Gabon,GAB,2021,Sub-Saharan Africa (excluding high income),Upper middle income,gender,men,20.5150720717692
Gabon,GAB,2021,Sub-Saharan Africa (excluding high income),Upper middle income,gender,women,15.1293530247853
Gabon,GAB,2021,Sub-Saharan Africa (excluding high income),Upper middle income,income,poorest 40%,17.3652005826426
Gabon,GAB,2021,Sub-Saharan Africa (excluding high income),Upper middle income,income,richest 60%,17.8655095835868
Gabon,GAB,2021,Sub-Saharan Africa (excluding high income),Upper middle income,laborforce,in laborforce,22.3952559691759
Gabon,GAB,2021,Sub-Saharan Africa (excluding high income),Upper middle income,laborforce,out of laborforce,12.0722353097779
Gabon,GAB,2024,Sub-Saharan Africa (excluding high income),Upper middle income,age_cat,age 25+,19.9132691976118
Gabon,GAB,2024,Sub-Saharan Africa (excluding high income),Upper middle income,age_cat,ages 15-24,20.3908669609788
Gabon,GAB,2024,Sub-Saharan Africa (excluding high income),Upper middle income,all,all,20.0726010138841
Gabon,GAB,2024,Sub-Saharan Africa (excluding high income),Upper middle income,education,prim edu or less,7.926283329125799
Gabon,GAB,2024,Sub-Saharan Africa (excluding high income),Upper middle income,education,secondary edu or more,31.4321395316679
Gabon,GAB,2024,Sub-Saharan Africa (excluding high income),Upper middle income,gender,men,22.8973523122532
Gabon,GAB,2024,Sub-Saharan Africa (excluding high income),Upper middle income,gender,women,17.0985777208871
Gabon,GAB,2024,Sub-Saharan Africa (excluding high income),Upper middle income,income,poorest 40%,15.905178715468498
Gabon,GAB,2024,Sub-Saharan Africa (excluding high income),Upper middle income,income,richest 60%,22.8534014189894
Gabon,GAB,2024,Sub-Saharan Africa (excluding high income),Upper middle income,laborforce,in laborforce,24.4994018790899
Gabon,GAB,2024,Sub-Saharan Africa (excluding high income),Upper middle income,laborforce,out of laborforce,14.5628641302419
Gabon,GAB,2024,Sub-Saharan Africa (excluding high income),Upper middle income,urbanicity,rural,14.182656302770699
Gabon,GAB,2024,Sub-Saharan Africa (excluding high income),Upper middle income,urbanicity,urban,25.473200535595403
"Gambia, The",GMB,2024,Sub-Saharan Africa (excluding high income),Low income,age_cat,age 25+,
"Gambia, The",GMB,2024,Sub-Saharan Africa (excluding high income),Low income,age_cat,ages 15-24,
"Gambia, The",GMB,2024,Sub-Saharan Africa (excluding high income),Low income,all,all,3.18125053866821
"Gambia, The",GMB,2024,Sub-Saharan Africa (excluding high income),Low income,education,prim edu or less,
"Gambia, The",GMB,2024,Sub-Saharan Africa (excluding high income),Low income,education,secondary edu or more,
"Gambia, The",GMB,2024,Sub-Saharan Africa (excluding high income),Low income,gender,men,
"Gambia, The",GMB,2024,Sub-Saharan Africa (excluding high income),Low income,gender,women,
"Gambia, The",GMB,2024,Sub-Saharan Africa (excluding high income),Low income,income,poorest 40%,
"Gambia, The",GMB,2024,Sub-Saharan Africa (excluding high income),Low income,income,richest 60%,
"Gambia, The",GMB,2024,Sub-Saharan Africa (excluding high income),Low income,laborforce,in laborforce,
"Gambia, The",GMB,2024,Sub-Saharan Africa (excluding high income),Low income,laborforce,out of laborforce,
"Gambia, The",GMB,2024,Sub-Saharan Africa (excluding high income),Low income,urbanicity,rural,
"Gambia, The",GMB,2024,Sub-Saharan Africa (excluding high income),Low income,urbanicity,urban,
Georgia,GEO,2021,Europe & Central Asia (excluding high income),Upper middle income,age_cat,age 25+,29.8522188994448
Georgia,GEO,2021,Europe & Central Asia (excluding high income),Upper middle income,age_cat,ages 15-24,37.4580979431794
Georgia,GEO,2021,Europe & Central Asia (excluding high income),Upper middle income,all,all,31.086965444723504
Georgia,GEO,2021,Europe & Central Asia (excluding high income),Upper middle income,education,prim edu or less,13.4938201266461
Georgia,GEO,2021,Europe & Central Asia (excluding high income),Upper middle income,education,secondary edu or more,33.5653600871795
Georgia,GEO,2021,Europe & Central Asia (excluding high income),Upper middle income,gender,men,31.1938774425553
Georgia,GEO,2021,Europe & Central Asia (excluding high income),Upper middle income,gender,women,30.994108656524798
Georgia,GEO,2021,Europe & Central Asia (excluding high income),Upper middle income,income,poorest 40%,17.8561513114696
Georgia,GEO,2021,Europe & Central Asia (excluding high income),Upper middle income,income,richest 60%,39.8984684831374
Georgia,GEO,2021,Europe & Central Asia (excluding high income),Upper middle income,laborforce,in laborforce,49.2246867797912
Georgia,GEO,2021,Europe & Central Asia (excluding high income),Upper middle income,laborforce,out of laborforce,20.9193035771577
Georgia,GEO,2024,Europe & Central Asia (excluding high income),Upper middle income,age_cat,age 25+,46.3064903649745
Georgia,GEO,2024,Europe & Central Asia (excluding high income),Upper middle income,age_cat,ages 15-24,55.6080002537107
Georgia,GEO,2024,Europe & Central Asia (excluding high income),Upper middle income,all,all,47.5880731524407
Georgia,GEO,2024,Europe & Central Asia (excluding high income),Upper middle income,education,prim edu or less,21.4467660056812
Georgia,GEO,2024,Europe & Central Asia (excluding high income),Upper middle income,education,secondary edu or more,50.8677783214406
Georgia,GEO,2024,Europe & Central Asia (excluding high income),Upper middle income,gender,men,49.6762486844469
Georgia,GEO,2024,Europe & Central Asia (excluding high income),Upper middle income,gender,women,45.8086132652369
Georgia,GEO,2024,Europe & Central Asia (excluding high income),Upper middle income,income,poorest 40%,30.520649048513
Georgia,GEO,2024,Europe & Central Asia (excluding high income),Upper middle income,income,richest 60%,58.9635934774534
Georgia,GEO,2024,Europe & Central Asia (excluding high income),Upper middle income,laborforce,in laborforce,62.2050675353911
Georgia,GEO,2024,Europe & Central Asia (excluding high income),Upper middle income,laborforce,out of laborforce,34.1839274754222
Georgia,GEO,2024,Europe & Central Asia (excluding high income),Upper middle income,urbanicity,rural,34.6125130214008
Georgia,GEO,2024,Europe & Central Asia (excluding high income),Upper middle income,urbanicity,urban,68.1745569241329
Germany,DEU,2021,High income,High income,age_cat,age 25+,
Germany,DEU,2021,High income,High income,age_cat,ages 15-24,
Germany,DEU,2021,High income,High income,all,all,
Germany,DEU,2021,High income,High income,education,prim edu or less,
Germany,DEU,2021,High income,High income,education,secondary edu or more,
Germany,DEU,2021,High income,High income,gender,men,
Germany,DEU,2021,High income,High income,gender,women,
Germany,DEU,2021,High income,High income,income,poorest 40%,
Germany,DEU,2021,High income,High income,income,richest 60%,
Germany,DEU,2021,High income,High income,laborforce,in laborforce,
Germany,DEU,2021,High income,High income,laborforce,out of laborforce,
Germany,DEU,2024,High income,High income,age_cat,age 25+,
Germany,DEU,2024,High income,High income,age_cat,ages 15-24,
Germany,DEU,2024,High income,High income,all,all,
Germany,DEU,2024,High income,High income,education,prim edu or less,
Germany,DEU,2024,High income,High income,education,secondary edu or more,
Germany,DEU,2024,High income,High income,gender,men,
Germany,DEU,2024,High income,High income,gender,women,
Germany,DEU,2024,High income,High income,income,poorest 40%,
Germany,DEU,2024,High income,High income,income,richest 60%,
Germany,DEU,2024,High income,High income,laborforce,in laborforce,
Germany,DEU,2024,High income,High income,laborforce,out of laborforce,
Germany,DEU,2024,High income,High income,urbanicity,rural,
Germany,DEU,2024,High income,High income,urbanicity,urban,
Ghana,GHA,2021,Sub-Saharan Africa (excluding high income),Lower middle income,age_cat,age 25+,11.985554919055701
Ghana,GHA,2021,Sub-Saharan Africa (excluding high income),Lower middle income,age_cat,ages 15-24,21.603454950336403
Ghana,GHA,2021,Sub-Saharan Africa (excluding high income),Lower middle income,all,all,14.8667606660636
Ghana,GHA,2021,Sub-Saharan Africa (excluding high income),Lower middle income,education,prim edu or less,4.274678445751389
Ghana,GHA,2021,Sub-Saharan Africa (excluding high income),Lower middle income,education,secondary edu or more,23.1719360418467
Ghana,GHA,2021,Sub-Saharan Africa (excluding high income),Lower middle income,gender,men,20.8371554957881
Ghana,GHA,2021,Sub-Saharan Africa (excluding high income),Lower middle income,gender,women,9.19753302598245
Ghana,GHA,2021,Sub-Saharan Africa (excluding high income),Lower middle income,income,poorest 40%,7.76948007071045
Ghana,GHA,2021,Sub-Saharan Africa (excluding high income),Lower middle income,income,richest 60%,19.5797912143446
Ghana,GHA,2021,Sub-Saharan Africa (excluding high income),Lower middle income,laborforce,in laborforce,17.0127514634434
Ghana,GHA,2021,Sub-Saharan Africa (excluding high income),Lower middle income,laborforce,out of laborforce,9.56057610075052
Ghana,GHA,2024,Sub-Saharan Africa (excluding high income),Lower middle income,age_cat,age 25+,26.256105613895098
Ghana,GHA,2024,Sub-Saharan Africa (excluding high income),Lower middle income,age_cat,ages 15-24,29.6242833160603
Ghana,GHA,2024,Sub-Saharan Africa (excluding high income),Lower middle income,all,all,27.2660123933136
Ghana,GHA,2024,Sub-Saharan Africa (excluding high income),Lower middle income,education,prim edu or less,9.57449062928253
Ghana,GHA,2024,Sub-Saharan Africa (excluding high income),Lower middle income,education,secondary edu or more,38.2761677242597
Ghana,GHA,2024,Sub-Saharan Africa (excluding high income),Lower middle income,gender,men,34.1385284280008
Ghana,GHA,2024,Sub-Saharan Africa (excluding high income),Lower middle income,gender,women,20.9210295976741
Ghana,GHA,2024,Sub-Saharan Africa (excluding high income),Lower middle income,income,poorest 40%,20.031043383531298
Ghana,GHA,2024,Sub-Saharan Africa (excluding high income),Lower middle income,income,richest 60%,32.096819463486995
Ghana,GHA,2024,Sub-Saharan Africa (excluding high income),Lower middle income,laborforce,in laborforce,32.327568789994
Ghana,GHA,2024,Sub-Saharan Africa (excluding high income),Lower middle income,laborforce,out of laborforce,14.886498718580901
Ghana,GHA,2024,Sub-Saharan Africa (excluding high income),Lower middle income,urbanicity,rural,22.9766100370803
Ghana,GHA,2024,Sub-Saharan Africa (excluding high income),Lower middle income,urbanicity,urban,32.381593624224706
Greece,GRC,2021,High income,High income,age_cat,age 25+,
Greece,GRC,2021,High income,High income,age_cat,ages 15-24,
Greece,GRC,2021,High income,High income,all,all,
Greece,GRC,2021,High income,High income,education,prim edu or less,
Greece,GRC,2021,High income,High income,education,secondary edu or more,
Greece,GRC,2021,High income,High income,gender,men,
Greece,GRC,2021,High income,High income,gender,women,
Greece,GRC,2021,High income,High income,income,poorest 40%,
Greece,GRC,2021,High income,High income,income,richest 60%,
Greece,GRC,2021,High income,High income,laborforce,in laborforce,
Greece,GRC,2021,High income,High income,laborforce,out of laborforce,
Greece,GRC,2024,High income,High income,age_cat,age 25+,
Greece,GRC,2024,High income,High income,age_cat,ages 15-24,
Greece,GRC,2024,High income,High income,all,all,
Greece,GRC,2024,High income,High income,education,prim edu or less,
Greece,GRC,2024,High income,High income,education,secondary edu or more,
Greece,GRC,2024,High income,High income,gender,men,
Greece,GRC,2024,High income,High income,gender,women,
Greece,GRC,2024,High income,High income,income,poorest 40%,
Greece,GRC,2024,High income,High income,income,richest 60%,
Greece,GRC,2024,High income,High income,laborforce,in laborforce,
Greece,GRC,2024,High income,High income,laborforce,out of laborforce,
Greece,GRC,2024,High income,High income,urbanicity,rural,
Greece,GRC,2024,High income,High income,urbanicity,urban,
Guatemala,GTM,2024,Latin America & Caribbean (excluding high income),Upper middle income,age_cat,age 25+,
Guatemala,GTM,2024,Latin America & Caribbean (excluding high income),Upper middle income,age_cat,ages 15-24,
Guatemala,GTM,2024,Latin America & Caribbean (excluding high income),Upper middle income,all,all,5.54166910635832
Guatemala,GTM,2024,Latin America & Caribbean (excluding high income),Upper middle income,education,prim edu or less,
Guatemala,GTM,2024,Latin America & Caribbean (excluding high income),Upper middle income,education,secondary edu or more,
Guatemala,GTM,2024,Latin America & Caribbean (excluding high income),Upper middle income,gender,men,
Guatemala,GTM,2024,Latin America & Caribbean (excluding high income),Upper middle income,gender,women,
Guatemala,GTM,2024,Latin America & Caribbean (excluding high income),Upper middle income,income,poorest 40%,
Guatemala,GTM,2024,Latin America & Caribbean (excluding high income),Upper middle income,income,richest 60%,
Guatemala,GTM,2024,Latin America & Caribbean (excluding high income),Upper middle income,laborforce,in laborforce,
Guatemala,GTM,2024,Latin America & Caribbean (excluding high income),Upper middle income,laborforce,out of laborforce,
Guatemala,GTM,2024,Latin America & Caribbean (excluding high income),Upper middle income,urbanicity,rural,
Guatemala,GTM,2024,Latin America & Caribbean (excluding high income),Upper middle income,urbanicity,urban,
Guinea,GIN,2021,Sub-Saharan Africa (excluding high income),Low income,age_cat,age 25+,
Guinea,GIN,2021,Sub-Saharan Africa (excluding high income),Low income,age_cat,ages 15-24,
Guinea,GIN,2021,Sub-Saharan Africa (excluding high income),Low income,all,all,5.6264112695524
Guinea,GIN,2021,Sub-Saharan Africa (excluding high income),Low income,education,prim edu or less,
Guinea,GIN,2021,Sub-Saharan Africa (excluding high income),Low income,education,secondary edu or more,
Guinea,GIN,2021,Sub-Saharan Africa (excluding high income),Low income,gender,men,
Guinea,GIN,2021,Sub-Saharan Africa (excluding high income),Low income,gender,women,
Guinea,GIN,2021,Sub-Saharan Africa (excluding high income),Low income,income,poorest 40%,
Guinea,GIN,2021,Sub-Saharan Africa (excluding high income),Low income,income,richest 60%,
Guinea,GIN,2021,Sub-Saharan Africa (excluding high income),Low income,laborforce,in laborforce,
Guinea,GIN,2021,Sub-Saharan Africa (excluding high income),Low income,laborforce,out of laborforce,
Guinea,GIN,2024,Sub-Saharan Africa (excluding high income),Low income,age_cat,age 25+,
Guinea,GIN,2024,Sub-Saharan Africa (excluding high income),Low income,age_cat,ages 15-24,
Guinea,GIN,2024,Sub-Saharan Africa (excluding high income),Low income,all,all,8.40533277003318
Guinea,GIN,2024,Sub-Saharan Africa (excluding high income),Low income,education,prim edu or less,
Guinea,GIN,2024,Sub-Saharan Africa (excluding high income),Low income,education,secondary edu or more,
Guinea,GIN,2024,Sub-Saharan Africa (excluding high income),Low income,gender,men,
Guinea,GIN,2024,Sub-Saharan Africa (excluding high income),Low income,gender,women,
Guinea,GIN,2024,Sub-Saharan Africa (excluding high income),Low income,income,poorest 40%,
Guinea,GIN,2024,Sub-Saharan Africa (excluding high income),Low income,income,richest 60%,
Guinea,GIN,2024,Sub-Saharan Africa (excluding high income),Low income,laborforce,in laborforce,
Guinea,GIN,2024,Sub-Saharan Africa (excluding high income),Low income,laborforce,out of laborforce,
Guinea,GIN,2024,Sub-Saharan Africa (excluding high income),Low income,urbanicity,rural,
Guinea,GIN,2024,Sub-Saharan Africa (excluding high income),Low income,urbanicity,urban,
Honduras,HND,2021,Latin America & Caribbean (excluding high income),Lower middle income,age_cat,age 25+,
Honduras,HND,2021,Latin America & Caribbean (excluding high income),Lower middle income,age_cat,ages 15-24,
Honduras,HND,2021,Latin America & Caribbean (excluding high income),Lower middle income,all,all,9.55595919215117
Honduras,HND,2021,Latin America & Caribbean (excluding high income),Lower middle income,education,prim edu or less,
Honduras,HND,2021,Latin America & Caribbean (excluding high income),Lower middle income,education,secondary edu or more,
Honduras,HND,2021,Latin America & Caribbean (excluding high income),Lower middle income,gender,men,
Honduras,HND,2021,Latin America & Caribbean (excluding high income),Lower middle income,gender,women,
Honduras,HND,2021,Latin America & Caribbean (excluding high income),Lower middle income,income,poorest 40%,
Honduras,HND,2021,Latin America & Caribbean (excluding high income),Lower middle income,income,richest 60%,
Honduras,HND,2021,Latin America & Caribbean (excluding high income),Lower middle income,laborforce,in laborforce,
Honduras,HND,2021,Latin America & Caribbean (excluding high income),Lower middle income,laborforce,out of laborforce,
Honduras,HND,2024,Latin America & Caribbean (excluding high income),Lower middle income,age_cat,age 25+,
Honduras,HND,2024,Latin America & Caribbean (excluding high income),Lower middle income,age_cat,ages 15-24,
Honduras,HND,2024,Latin America & Caribbean (excluding high income),Lower middle income,all,all,9.93530896489275
Honduras,HND,2024,Latin America & Caribbean (excluding high income),Lower middle income,education,prim edu or less,
Honduras,HND,2024,Latin America & Caribbean (excluding high income),Lower middle income,education,secondary edu or more,
Honduras,HND,2024,Latin America & Caribbean (excluding high income),Lower middle income,gender,men,
Honduras,HND,2024,Latin America & Caribbean (excluding high income),Lower middle income,gender,women,
Honduras,HND,2024,Latin America & Caribbean (excluding high income),Lower middle income,income,poorest 40%,
Honduras,HND,2024,Latin America & Caribbean (excluding high income),Lower middle income,income,richest 60%,
Honduras,HND,2024,Latin America & Caribbean (excluding high income),Lower middle income,laborforce,in laborforce,
Honduras,HND,2024,Latin America & Caribbean (excluding high income),Lower middle income,laborforce,out of laborforce,
Honduras,HND,2024,Latin America & Caribbean (excluding high income),Lower middle income,urbanicity,rural,
Honduras,HND,2024,Latin America & Caribbean (excluding high income),Lower middle income,urbanicity,urban,
"Hong Kong SAR, China",HKG,2021,High income,High income,age_cat,age 25+,
"Hong Kong SAR, China",HKG,2021,High income,High income,age_cat,ages 15-24,
"Hong Kong SAR, China",HKG,2021,High income,High income,all,all,
"Hong Kong SAR, China",HKG,2021,High income,High income,education,prim edu or less,
"Hong Kong SAR, China",HKG,2021,High income,High income,education,secondary edu or more,
"Hong Kong SAR, China",HKG,2021,High income,High income,gender,men,
"Hong Kong SAR, China",HKG,2021,High income,High income,gender,women,
"Hong Kong SAR, China",HKG,2021,High income,High income,income,poorest 40%,
"Hong Kong SAR, China",HKG,2021,High income,High income,income,richest 60%,
"Hong Kong SAR, China",HKG,2021,High income,High income,laborforce,in laborforce,
"Hong Kong SAR, China",HKG,2021,High income,High income,laborforce,out of laborforce,
"Hong Kong SAR, China",HKG,2024,High income,High income,age_cat,age 25+,
"Hong Kong SAR, China",HKG,2024,High income,High income,age_cat,ages 15-24,
"Hong Kong SAR, China",HKG,2024,High income,High income,all,all,
"Hong Kong SAR, China",HKG,2024,High income,High income,education,prim edu or less,
"Hong Kong SAR, China",HKG,2024,High income,High income,education,secondary edu or more,
"Hong Kong SAR, China",HKG,2024,High income,High income,gender,men,
"Hong Kong SAR, China",HKG,2024,High income,High income,gender,women,
"Hong Kong SAR, China",HKG,2024,High income,High income,income,poorest 40%,
"Hong Kong SAR, China",HKG,2024,High income,High income,income,richest 60%,
"Hong Kong SAR, China",HKG,2024,High income,High income,laborforce,in laborforce,
"Hong Kong SAR, China",HKG,2024,High income,High income,laborforce,out of laborforce,
"Hong Kong SAR, China",HKG,2024,High income,High income,urbanicity,rural,
"Hong Kong SAR, China",HKG,2024,High income,High income,urbanicity,urban,
Hungary,HUN,2021,High income,High income,age_cat,age 25+,
Hungary,HUN,2021,High income,High income,age_cat,ages 15-24,
Hungary,HUN,2021,High income,High income,all,all,
Hungary,HUN,2021,High income,High income,education,prim edu or less,
Hungary,HUN,2021,High income,High income,education,secondary edu or more,
Hungary,HUN,2021,High income,High income,gender,men,
Hungary,HUN,2021,High income,High income,gender,women,
Hungary,HUN,2021,High income,High income,income,poorest 40%,
Hungary,HUN,2021,High income,High income,income,richest 60%,
Hungary,HUN,2021,High income,High income,laborforce,in laborforce,
Hungary,HUN,2021,High income,High income,laborforce,out of laborforce,
Hungary,HUN,2024,High income,High income,age_cat,age 25+,
Hungary,HUN,2024,High income,High income,age_cat,ages 15-24,
Hungary,HUN,2024,High income,High income,all,all,
Hungary,HUN,2024,High income,High income,education,prim edu or less,
Hungary,HUN,2024,High income,High income,education,secondary edu or more,
Hungary,HUN,2024,High income,High income,gender,men,
Hungary,HUN,2024,High income,High income,gender,women,
Hungary,HUN,2024,High income,High income,income,poorest 40%,
Hungary,HUN,2024,High income,High income,income,richest 60%,
Hungary,HUN,2024,High income,High income,laborforce,in laborforce,
Hungary,HUN,2024,High income,High income,laborforce,out of laborforce,
Hungary,HUN,2024,High income,High income,urbanicity,rural,
Hungary,HUN,2024,High income,High income,urbanicity,urban,
Iceland,ISL,2021,High income,High income,age_cat,age 25+,
Iceland,ISL,2021,High income,High income,age_cat,ages 15-24,
Iceland,ISL,2021,High income,High income,all,all,
Iceland,ISL,2021,High income,High income,education,prim edu or less,
Iceland,ISL,2021,High income,High income,education,secondary edu or more,
Iceland,ISL,2021,High income,High income,gender,men,
Iceland,ISL,2021,High income,High income,gender,women,
Iceland,ISL,2021,High income,High income,income,poorest 40%,
Iceland,ISL,2021,High income,High income,income,richest 60%,
Iceland,ISL,2021,High income,High income,laborforce,in laborforce,
Iceland,ISL,2021,High income,High income,laborforce,out of laborforce,
Iceland,ISL,2024,High income,High income,age_cat,age 25+,
Iceland,ISL,2024,High income,High income,age_cat,ages 15-24,
Iceland,ISL,2024,High income,High income,all,all,
Iceland,ISL,2024,High income,High income,education,prim edu or less,
Iceland,ISL,2024,High income,High income,education,secondary edu or more,
Iceland,ISL,2024,High income,High income,gender,men,
Iceland,ISL,2024,High income,High income,gender,women,
Iceland,ISL,2024,High income,High income,income,poorest 40%,
Iceland,ISL,2024,High income,High income,income,richest 60%,
Iceland,ISL,2024,High income,High income,laborforce,in laborforce,
Iceland,ISL,2024,High income,High income,laborforce,out of laborforce,
Iceland,ISL,2024,High income,High income,urbanicity,rural,
Iceland,ISL,2024,High income,High income,urbanicity,urban,
India,IND,2021,South Asia (excluding high income),Lower middle income,age_cat,age 25+,10.990176479178999
India,IND,2021,South Asia (excluding high income),Lower middle income,age_cat,ages 15-24,14.3329041606621
India,IND,2021,South Asia (excluding high income),Lower middle income,all,all,11.9045681158485
India,IND,2021,South Asia (excluding high income),Lower middle income,education,prim edu or less,4.29751852476995
India,IND,2021,South Asia (excluding high income),Lower middle income,education,secondary edu or more,27.6359150626852
India,IND,2021,South Asia (excluding high income),Lower middle income,gender,men,17.7112057092545
India,IND,2021,South Asia (excluding high income),Lower middle income,gender,women,5.6814753651946095
India,IND,2021,South Asia (excluding high income),Lower middle income,income,poorest 40%,4.17981969396505
India,IND,2021,South Asia (excluding high income),Lower middle income,income,richest 60%,17.0439124315259
India,IND,2021,South Asia (excluding high income),Lower middle income,laborforce,in laborforce,17.116322722701398
India,IND,2021,South Asia (excluding high income),Lower middle income,laborforce,out of laborforce,7.7743500121276705
India,IND,2024,South Asia (excluding high income),Lower middle income,age_cat,age 25+,16.6508107968155
India,IND,2024,South Asia (excluding high income),Lower middle income,age_cat,ages 15-24,22.6857988685728
India,IND,2024,South Asia (excluding high income),Lower middle income,all,all,18.3006494075002
India,IND,2024,South Asia (excluding high income),Lower middle income,education,prim edu or less,7.74996581737771
India,IND,2024,South Asia (excluding high income),Lower middle income,education,secondary edu or more,40.573736910454
India,IND,2024,South Asia (excluding high income),Lower middle income,gender,men,25.3681855789872
India,IND,2024,South Asia (excluding high income),Lower middle income,gender,women,11.1096702109148
India,IND,2024,South Asia (excluding high income),Lower middle income,income,poorest 40%,6.14164469230262
India,IND,2024,South Asia (excluding high income),Lower middle income,income,richest 60%,26.4107883750098
India,IND,2024,South Asia (excluding high income),Lower middle income,laborforce,in laborforce,22.0077619790168
India,IND,2024,South Asia (excluding high income),Lower middle income,laborforce,out of laborforce,12.797540035312
India,IND,2024,South Asia (excluding high income),Lower middle income,urbanicity,rural,14.746761580140799
India,IND,2024,South Asia (excluding high income),Lower middle income,urbanicity,urban,26.0569555332976
Indonesia,IDN,2021,East Asia & Pacific (excluding high income),Lower middle income,age_cat,age 25+,9.799495143335731
Indonesia,IDN,2021,East Asia & Pacific (excluding high income),Lower middle income,age_cat,ages 15-24,24.2935798055102
Indonesia,IDN,2021,East Asia & Pacific (excluding high income),Lower middle income,all,all,12.9545047758276
Indonesia,IDN,2021,East Asia & Pacific (excluding high income),Lower middle income,education,prim edu or less,1.9647290173504999
Indonesia,IDN,2021,East Asia & Pacific (excluding high income),Lower middle income,education,secondary edu or more,22.8471854386706
Indonesia,IDN,2021,East Asia & Pacific (excluding high income),Lower middle income,gender,men,12.295294412990101
Indonesia,IDN,2021,East Asia & Pacific (excluding high income),Lower middle income,gender,women,13.585445485363302
Indonesia,IDN,2021,East Asia & Pacific (excluding high income),Lower middle income,income,poorest 40%,9.256934653446871
Indonesia,IDN,2021,East Asia & Pacific (excluding high income),Lower middle income,income,richest 60%,15.415727195854
Indonesia,IDN,2021,East Asia & Pacific (excluding high income),Lower middle income,laborforce,in laborforce,13.6603518795885
Indonesia,IDN,2021,East Asia & Pacific (excluding high income),Lower middle income,laborforce,out of laborforce,11.984974262618401
Indonesia,IDN,2024,East Asia & Pacific (excluding high income),Lower middle income,age_cat,age 25+,10.484976312608001
Indonesia,IDN,2024,East Asia & Pacific (excluding high income),Lower middle income,age_cat,ages 15-24,24.590202620312702
Indonesia,IDN,2024,East Asia & Pacific (excluding high income),Lower middle income,all,all,13.595791923458
Indonesia,IDN,2024,East Asia & Pacific (excluding high income),Lower middle income,education,prim edu or less,3.4582341817413904
Indonesia,IDN,2024,East Asia & Pacific (excluding high income),Lower middle income,education,secondary edu or more,20.0842035977527
Indonesia,IDN,2024,East Asia & Pacific (excluding high income),Lower middle income,gender,men,15.4943499298365
Indonesia,IDN,2024,East Asia & Pacific (excluding high income),Lower middle income,gender,women,11.681544137439701
Indonesia,IDN,2024,East Asia & Pacific (excluding high income),Lower middle income,income,poorest 40%,8.18444540098244
Indonesia,IDN,2024,East Asia & Pacific (excluding high income),Lower middle income,income,richest 60%,17.195554023419902
Indonesia,IDN,2024,East Asia & Pacific (excluding high income),Lower middle income,laborforce,in laborforce,17.706498359734297
Indonesia,IDN,2024,East Asia & Pacific (excluding high income),Lower middle income,laborforce,out of laborforce,7.26004136614333
Indonesia,IDN,2024,East Asia & Pacific (excluding high income),Lower middle income,urbanicity,rural,10.7650622934339
Indonesia,IDN,2024,East Asia & Pacific (excluding high income),Lower middle income,urbanicity,urban,16.8078237674189
"Iran, Islamic Rep.",IRN,2021,Middle East & North Africa (excluding high income),Lower middle income,age_cat,age 25+,12.0900891628945
"Iran, Islamic Rep.",IRN,2021,Middle East & North Africa (excluding high income),Lower middle income,age_cat,ages 15-24,21.2644285862884
"Iran, Islamic Rep.",IRN,2021,Middle East & North Africa (excluding high income),Lower middle income,all,all,14.3677194096677
"Iran, Islamic Rep.",IRN,2021,Middle East & North Africa (excluding high income),Lower middle income,education,prim edu or less,6.47766452388072
"Iran, Islamic Rep.",IRN,2021,Middle East & North Africa (excluding high income),Lower middle income,education,secondary edu or more,17.9000103985205
"Iran, Islamic Rep.",IRN,2021,Middle East & North Africa (excluding high income),Lower middle income,gender,men,17.6795655134241
"Iran, Islamic Rep.",IRN,2021,Middle East & North Africa (excluding high income),Lower middle income,gender,women,11.019674775867399
"Iran, Islamic Rep.",IRN,2021,Middle East & North Africa (excluding high income),Lower middle income,income,poorest 40%,9.53718406171496
"Iran, Islamic Rep.",IRN,2021,Middle East & North Africa (excluding high income),Lower middle income,income,richest 60%,17.587001759369798
"Iran, Islamic Rep.",IRN,2021,Middle East & North Africa (excluding high income),Lower middle income,laborforce,in laborforce,21.1105662960127
"Iran, Islamic Rep.",IRN,2021,Middle East & North Africa (excluding high income),Lower middle income,laborforce,out of laborforce,9.39695366800655
"Iran, Islamic Rep.",IRN,2024,Middle East & North Africa (excluding high income),Lower middle income,age_cat,age 25+,76.7564941528842
"Iran, Islamic Rep.",IRN,2024,Middle East & North Africa (excluding high income),Lower middle income,age_cat,ages 15-24,85.7059591032816
"Iran, Islamic Rep.",IRN,2024,Middle East & North Africa (excluding high income),Lower middle income,all,all,78.6183462177346
"Iran, Islamic Rep.",IRN,2024,Middle East & North Africa (excluding high income),Lower middle income,education,prim edu or less,59.7832056885406
"Iran, Islamic Rep.",IRN,2024,Middle East & North Africa (excluding high income),Lower middle income,education,secondary edu or more,86.3323670923106
"Iran, Islamic Rep.",IRN,2024,Middle East & North Africa (excluding high income),Lower middle income,gender,men,83.9876199828557
"Iran, Islamic Rep.",IRN,2024,Middle East & North Africa (excluding high income),Lower middle income,gender,women,73.2383760552848
"Iran, Islamic Rep.",IRN,2024,Middle East & North Africa (excluding high income),Lower middle income,income,poorest 40%,69.2243813111326
"Iran, Islamic Rep.",IRN,2024,Middle East & North Africa (excluding high income),Lower middle income,income,richest 60%,84.8827449108355
"Iran, Islamic Rep.",IRN,2024,Middle East & North Africa (excluding high income),Lower middle income,laborforce,in laborforce,85.21118119368421
"Iran, Islamic Rep.",IRN,2024,Middle East & North Africa (excluding high income),Lower middle income,laborforce,out of laborforce,72.6928294964355
"Iran, Islamic Rep.",IRN,2024,Middle East & North Africa (excluding high income),Lower middle income,urbanicity,rural,78.3939627584986
"Iran, Islamic Rep.",IRN,2024,Middle East & North Africa (excluding high income),Lower middle income,urbanicity,urban,78.8524369900921
Iraq,IRQ,2021,Middle East & North Africa (excluding high income),Upper middle income,age_cat,age 25+,
Iraq,IRQ,2021,Middle East & North Africa (excluding high income),Upper middle income,age_cat,ages 15-24,
Iraq,IRQ,2021,Middle East & North Africa (excluding high income),Upper middle income,all,all,6.10971839476889
Iraq,IRQ,2021,Middle East & North Africa (excluding high income),Upper middle income,education,prim edu or less,
Iraq,IRQ,2021,Middle East & North Africa (excluding high income),Upper middle income,education,secondary edu or more,
Iraq,IRQ,2021,Middle East & North Africa (excluding high income),Upper middle income,gender,men,
Iraq,IRQ,2021,Middle East & North Africa (excluding high income),Upper middle income,gender,women,
Iraq,IRQ,2021,Middle East & North Africa (excluding high income),Upper middle income,income,poorest 40%,
Iraq,IRQ,2021,Middle East & North Africa (excluding high income),Upper middle income,income,richest 60%,
Iraq,IRQ,2021,Middle East & North Africa (excluding high income),Upper middle income,laborforce,in laborforce,
Iraq,IRQ,2021,Middle East & North Africa (excluding high income),Upper middle income,laborforce,out of laborforce,
Iraq,IRQ,2024,Middle East & North Africa (excluding high income),Upper middle income,age_cat,age 25+,9.62379019882199
Iraq,IRQ,2024,Middle East & North Africa (excluding high income),Upper middle income,age_cat,ages 15-24,13.37246497549
Iraq,IRQ,2024,Middle East & North Africa (excluding high income),Upper middle income,all,all,10.5327302376035
Iraq,IRQ,2024,Middle East & North Africa (excluding high income),Upper middle income,education,prim edu or less,2.62024213500716
Iraq,IRQ,2024,Middle East & North Africa (excluding high income),Upper middle income,education,secondary edu or more,19.8606148259327
Iraq,IRQ,2024,Middle East & North Africa (excluding high income),Upper middle income,gender,men,14.0507087524356
Iraq,IRQ,2024,Middle East & North Africa (excluding high income),Upper middle income,gender,women,6.77173516263679
Iraq,IRQ,2024,Middle East & North Africa (excluding high income),Upper middle income,income,poorest 40%,5.87183506324063
Iraq,IRQ,2024,Middle East & North Africa (excluding high income),Upper middle income,income,richest 60%,13.6370389479999
Iraq,IRQ,2024,Middle East & North Africa (excluding high income),Upper middle income,laborforce,in laborforce,17.966115854996
Iraq,IRQ,2024,Middle East & North Africa (excluding high income),Upper middle income,laborforce,out of laborforce,5.43950965414649
Iraq,IRQ,2024,Middle East & North Africa (excluding high income),Upper middle income,urbanicity,rural,5.95101821273241
Iraq,IRQ,2024,Middle East & North Africa (excluding high income),Upper middle income,urbanicity,urban,13.7290905816564
Ireland,IRL,2021,High income,High income,age_cat,age 25+,
Ireland,IRL,2021,High income,High income,age_cat,ages 15-24,
Ireland,IRL,2021,High income,High income,all,all,
Ireland,IRL,2021,High income,High income,education,prim edu or less,
Ireland,IRL,2021,High income,High income,education,secondary edu or more,
Ireland,IRL,2021,High income,High income,gender,men,
Ireland,IRL,2021,High income,High income,gender,women,
Ireland,IRL,2021,High income,High income,income,poorest 40%,
Ireland,IRL,2021,High income,High income,income,richest 60%,
Ireland,IRL,2021,High income,High income,laborforce,in laborforce,
Ireland,IRL,2021,High income,High income,laborforce,out of laborforce,
Ireland,IRL,2024,High income,High income,age_cat,age 25+,
Ireland,IRL,2024,High income,High income,age_cat,ages 15-24,
Ireland,IRL,2024,High income,High income,all,all,
Ireland,IRL,2024,High income,High income,education,prim edu or less,
Ireland,IRL,2024,High income,High income,education,secondary edu or more,
Ireland,IRL,2024,High income,High income,gender,men,
Ireland,IRL,2024,High income,High income,gender,women,
Ireland,IRL,2024,High income,High income,income,poorest 40%,
Ireland,IRL,2024,High income,High income,income,richest 60%,
Ireland,IRL,2024,High income,High income,laborforce,in laborforce,
Ireland,IRL,2024,High income,High income,laborforce,out of laborforce,
Ireland,IRL,2024,High income,High income,urbanicity,rural,
Ireland,IRL,2024,High income,High income,urbanicity,urban,
Israel,ISR,2021,High income,High income,age_cat,age 25+,
Israel,ISR,2021,High income,High income,age_cat,ages 15-24,
Israel,ISR,2021,High income,High income,all,all,
Israel,ISR,2021,High income,High income,education,prim edu or less,
Israel,ISR,2021,High income,High income,education,secondary edu or more,
Israel,ISR,2021,High income,High income,gender,men,
Israel,ISR,2021,High income,High income,gender,women,
Israel,ISR,2021,High income,High income,income,poorest 40%,
Israel,ISR,2021,High income,High income,income,richest 60%,
Israel,ISR,2021,High income,High income,laborforce,in laborforce,
Israel,ISR,2021,High income,High income,laborforce,out of laborforce,
Israel,ISR,2024,High income,High income,age_cat,age 25+,
Israel,ISR,2024,High income,High income,age_cat,ages 15-24,
Israel,ISR,2024,High income,High income,all,all,
Israel,ISR,2024,High income,High income,education,prim edu or less,
Israel,ISR,2024,High income,High income,education,secondary edu or more,
Israel,ISR,2024,High income,High income,gender,men,
Israel,ISR,2024,High income,High income,gender,women,
Israel,ISR,2024,High income,High income,income,poorest 40%,
Israel,ISR,2024,High income,High income,income,richest 60%,
Israel,ISR,2024,High income,High income,laborforce,in laborforce,
Israel,ISR,2024,High income,High income,laborforce,out of laborforce,
Israel,ISR,2024,High income,High income,urbanicity,rural,
Israel,ISR,2024,High income,High income,urbanicity,urban,
Italy,ITA,2021,High income,High income,age_cat,age 25+,
Italy,ITA,2021,High income,High income,age_cat,ages 15-24,
Italy,ITA,2021,High income,High income,all,all,
Italy,ITA,2021,High income,High income,education,prim edu or less,
Italy,ITA,2021,High income,High income,education,secondary edu or more,
Italy,ITA,2021,High income,High income,gender,men,
Italy,ITA,2021,High income,High income,gender,women,
Italy,ITA,2021,High income,High income,income,poorest 40%,
Italy,ITA,2021,High income,High income,income,richest 60%,
Italy,ITA,2021,High income,High income,laborforce,in laborforce,
Italy,ITA,2021,High income,High income,laborforce,out of laborforce,
Italy,ITA,2024,High income,High income,age_cat,age 25+,
Italy,ITA,2024,High income,High income,age_cat,ages 15-24,
Italy,ITA,2024,High income,High income,all,all,
Italy,ITA,2024,High income,High income,education,prim edu or less,
Italy,ITA,2024,High income,High income,education,secondary edu or more,
Italy,ITA,2024,High income,High income,gender,men,
Italy,ITA,2024,High income,High income,gender,women,
Italy,ITA,2024,High income,High income,income,poorest 40%,
Italy,ITA,2024,High income,High income,income,richest 60%,
Italy,ITA,2024,High income,High income,laborforce,in laborforce,
Italy,ITA,2024,High income,High income,laborforce,out of laborforce,
Italy,ITA,2024,High income,High income,urbanicity,rural,
Italy,ITA,2024,High income,High income,urbanicity,urban,
Jamaica,JAM,2021,Latin America & Caribbean (excluding high income),Upper middle income,age_cat,age 25+,20.780033896736498
Jamaica,JAM,2021,Latin America & Caribbean (excluding high income),Upper middle income,age_cat,ages 15-24,39.722491023344396
Jamaica,JAM,2021,Latin America & Caribbean (excluding high income),Upper middle income,all,all,24.8539751669081
Jamaica,JAM,2021,Latin America & Caribbean (excluding high income),Upper middle income,education,prim edu or less,8.495257914265231
Jamaica,JAM,2021,Latin America & Caribbean (excluding high income),Upper middle income,education,secondary edu or more,34.254979312976204
Jamaica,JAM,2021,Latin America & Caribbean (excluding high income),Upper middle income,gender,men,26.663851453606203
Jamaica,JAM,2021,Latin America & Caribbean (excluding high income),Upper middle income,gender,women,23.102349186039
Jamaica,JAM,2021,Latin America & Caribbean (excluding high income),Upper middle income,income,poorest 40%,12.899319206594601
Jamaica,JAM,2021,Latin America & Caribbean (excluding high income),Upper middle income,income,richest 60%,32.818155507609696
Jamaica,JAM,2021,Latin America & Caribbean (excluding high income),Upper middle income,laborforce,in laborforce,27.3839327106155
Jamaica,JAM,2021,Latin America & Caribbean (excluding high income),Upper middle income,laborforce,out of laborforce,19.914966531658198
Japan,JPN,2021,High income,High income,age_cat,age 25+,
Japan,JPN,2021,High income,High income,age_cat,ages 15-24,
Japan,JPN,2021,High income,High income,all,all,
Japan,JPN,2021,High income,High income,education,prim edu or less,
Japan,JPN,2021,High income,High income,education,secondary edu or more,
Japan,JPN,2021,High income,High income,gender,men,
Japan,JPN,2021,High income,High income,gender,women,
Japan,JPN,2021,High income,High income,income,poorest 40%,
Japan,JPN,2021,High income,High income,income,richest 60%,
Japan,JPN,2021,High income,High income,laborforce,in laborforce,
Japan,JPN,2021,High income,High income,laborforce,out of laborforce,
Japan,JPN,2024,High income,High income,age_cat,age 25+,
Japan,JPN,2024,High income,High income,age_cat,ages 15-24,
Japan,JPN,2024,High income,High income,all,all,
Japan,JPN,2024,High income,High income,education,prim edu or less,
Japan,JPN,2024,High income,High income,education,secondary edu or more,
Japan,JPN,2024,High income,High income,gender,men,
Japan,JPN,2024,High income,High income,gender,women,
Japan,JPN,2024,High income,High income,income,poorest 40%,
Japan,JPN,2024,High income,High income,income,richest 60%,
Japan,JPN,2024,High income,High income,laborforce,in laborforce,
Japan,JPN,2024,High income,High income,laborforce,out of laborforce,
Japan,JPN,2024,High income,High income,urbanicity,rural,
Japan,JPN,2024,High income,High income,urbanicity,urban,
Jordan,JOR,2021,Middle East & North Africa (excluding high income),Upper middle income,age_cat,age 25+,12.2765626051975
Jordan,JOR,2021,Middle East & North Africa (excluding high income),Upper middle income,age_cat,ages 15-24,10.8827620991246
Jordan,JOR,2021,Middle East & North Africa (excluding high income),Upper middle income,all,all,11.9305220237491
Jordan,JOR,2021,Middle East & North Africa (excluding high income),Upper middle income,education,prim edu or less,4.15788395354175
Jordan,JOR,2021,Middle East & North Africa (excluding high income),Upper middle income,education,secondary edu or more,14.7547226511512
Jordan,JOR,2021,Middle East & North Africa (excluding high income),Upper middle income,gender,men,15.463217827841
Jordan,JOR,2021,Middle East & North Africa (excluding high income),Upper middle income,gender,women,7.91278249193475
Jordan,JOR,2021,Middle East & North Africa (excluding high income),Upper middle income,income,poorest 40%,5.16600602650579
Jordan,JOR,2021,Middle East & North Africa (excluding high income),Upper middle income,income,richest 60%,16.435873391976
Jordan,JOR,2021,Middle East & North Africa (excluding high income),Upper middle income,laborforce,in laborforce,17.396959489882597
Jordan,JOR,2021,Middle East & North Africa (excluding high income),Upper middle income,laborforce,out of laborforce,9.0573606811617
Jordan,JOR,2024,Middle East & North Africa (excluding high income),Upper middle income,age_cat,age 25+,13.661389777314001
Jordan,JOR,2024,Middle East & North Africa (excluding high income),Upper middle income,age_cat,ages 15-24,10.3440947337011
Jordan,JOR,2024,Middle East & North Africa (excluding high income),Upper middle income,all,all,12.5339073156608
Jordan,JOR,2024,Middle East & North Africa (excluding high income),Upper middle income,education,prim edu or less,3.0054687564073803
Jordan,JOR,2024,Middle East & North Africa (excluding high income),Upper middle income,education,secondary edu or more,15.1403991798222
Jordan,JOR,2024,Middle East & North Africa (excluding high income),Upper middle income,gender,men,17.284278159933
Jordan,JOR,2024,Middle East & North Africa (excluding high income),Upper middle income,gender,women,7.39622836018473
Jordan,JOR,2024,Middle East & North Africa (excluding high income),Upper middle income,income,poorest 40%,5.13920641563114
Jordan,JOR,2024,Middle East & North Africa (excluding high income),Upper middle income,income,richest 60%,17.4631694971912
Jordan,JOR,2024,Middle East & North Africa (excluding high income),Upper middle income,laborforce,in laborforce,23.7203597730815
Jordan,JOR,2024,Middle East & North Africa (excluding high income),Upper middle income,laborforce,out of laborforce,7.832872480647881
Jordan,JOR,2024,Middle East & North Africa (excluding high income),Upper middle income,urbanicity,rural,9.08285257260887
Jordan,JOR,2024,Middle East & North Africa (excluding high income),Upper middle income,urbanicity,urban,14.056923053916401
Kazakhstan,KAZ,2021,Europe & Central Asia (excluding high income),Upper middle income,age_cat,age 25+,56.4311582452883
Kazakhstan,KAZ,2021,Europe & Central Asia (excluding high income),Upper middle income,age_cat,ages 15-24,61.2100788144638
Kazakhstan,KAZ,2021,Europe & Central Asia (excluding high income),Upper middle income,all,all,57.264265232507604
Kazakhstan,KAZ,2021,Europe & Central Asia (excluding high income),Upper middle income,education,prim edu or less,24.1031977629779
Kazakhstan,KAZ,2021,Europe & Central Asia (excluding high income),Upper middle income,education,secondary edu or more,62.653112404586096
Kazakhstan,KAZ,2021,Europe & Central Asia (excluding high income),Upper middle income,gender,men,53.7386980967805
Kazakhstan,KAZ,2021,Europe & Central Asia (excluding high income),Upper middle income,gender,women,60.415935137535705
Kazakhstan,KAZ,2021,Europe & Central Asia (excluding high income),Upper middle income,income,poorest 40%,52.7264309305949
Kazakhstan,KAZ,2021,Europe & Central Asia (excluding high income),Upper middle income,income,richest 60%,60.2680023369617
Kazakhstan,KAZ,2021,Europe & Central Asia (excluding high income),Upper middle income,laborforce,in laborforce,70.0809798825802
Kazakhstan,KAZ,2021,Europe & Central Asia (excluding high income),Upper middle income,laborforce,out of laborforce,40.2192158217033
Kazakhstan,KAZ,2024,Europe & Central Asia (excluding high income),Upper middle income,age_cat,age 25+,72.0726308971532
Kazakhstan,KAZ,2024,Europe & Central Asia (excluding high income),Upper middle income,age_cat,ages 15-24,60.5874527380681
Kazakhstan,KAZ,2024,Europe & Central Asia (excluding high income),Upper middle income,all,all,70.053528418232
Kazakhstan,KAZ,2024,Europe & Central Asia (excluding high income),Upper middle income,education,prim edu or less,34.5200122614758
Kazakhstan,KAZ,2024,Europe & Central Asia (excluding high income),Upper middle income,education,secondary edu or more,75.1409590374675
Kazakhstan,KAZ,2024,Europe & Central Asia (excluding high income),Upper middle income,gender,men,73.4791499741867
Kazakhstan,KAZ,2024,Europe & Central Asia (excluding high income),Upper middle income,gender,women,66.970215447488
Kazakhstan,KAZ,2024,Europe & Central Asia (excluding high income),Upper middle income,income,poorest 40%,68.29112498705891
Kazakhstan,KAZ,2024,Europe & Central Asia (excluding high income),Upper middle income,income,richest 60%,71.22581566706239
Kazakhstan,KAZ,2024,Europe & Central Asia (excluding high income),Upper middle income,laborforce,in laborforce,82.7589806036909
Kazakhstan,KAZ,2024,Europe & Central Asia (excluding high income),Upper middle income,laborforce,out of laborforce,49.2644313501177
Kazakhstan,KAZ,2024,Europe & Central Asia (excluding high income),Upper middle income,urbanicity,rural,63.6401024285823
Kazakhstan,KAZ,2024,Europe & Central Asia (excluding high income),Upper middle income,urbanicity,urban,77.0703376064825
Kenya,KEN,2021,Sub-Saharan Africa (excluding high income),Lower middle income,age_cat,age 25+,36.0780113782537
Kenya,KEN,2021,Sub-Saharan Africa (excluding high income),Lower middle income,age_cat,ages 15-24,38.2370446764159
Kenya,KEN,2021,Sub-Saharan Africa (excluding high income),Lower middle income,all,all,36.8139916209146
Kenya,KEN,2021,Sub-Saharan Africa (excluding high income),Lower middle income,education,prim edu or less,21.9940747718066
Kenya,KEN,2021,Sub-Saharan Africa (excluding high income),Lower middle income,education,secondary edu or more,44.169367965312404
Kenya,KEN,2021,Sub-Saharan Africa (excluding high income),Lower middle income,gender,men,44.492783389911
Kenya,KEN,2021,Sub-Saharan Africa (excluding high income),Lower middle income,gender,women,29.5373828490057
Kenya,KEN,2021,Sub-Saharan Africa (excluding high income),Lower middle income,income,poorest 40%,18.1223483191899
Kenya,KEN,2021,Sub-Saharan Africa (excluding high income),Lower middle income,income,richest 60%,49.2662184347262
Kenya,KEN,2021,Sub-Saharan Africa (excluding high income),Lower middle income,laborforce,in laborforce,43.777186964038
Kenya,KEN,2021,Sub-Saharan Africa (excluding high income),Lower middle income,laborforce,out of laborforce,17.5916791429263
Kenya,KEN,2024,Sub-Saharan Africa (excluding high income),Lower middle income,age_cat,age 25+,54.191368139468096
Kenya,KEN,2024,Sub-Saharan Africa (excluding high income),Lower middle income,age_cat,ages 15-24,58.833035107270604
Kenya,KEN,2024,Sub-Saharan Africa (excluding high income),Lower middle income,all,all,55.7570024721425
Kenya,KEN,2024,Sub-Saharan Africa (excluding high income),Lower middle income,education,prim edu or less,40.9817386351133
Kenya,KEN,2024,Sub-Saharan Africa (excluding high income),Lower middle income,education,secondary edu or more,63.0613229803623
Kenya,KEN,2024,Sub-Saharan Africa (excluding high income),Lower middle income,gender,men,60.35421965237659
Kenya,KEN,2024,Sub-Saharan Africa (excluding high income),Lower middle income,gender,women,51.361266078133006
Kenya,KEN,2024,Sub-Saharan Africa (excluding high income),Lower middle income,income,poorest 40%,41.917962784185
Kenya,KEN,2024,Sub-Saharan Africa (excluding high income),Lower middle income,income,richest 60%,64.94795606626779
Kenya,KEN,2024,Sub-Saharan Africa (excluding high income),Lower middle income,laborforce,in laborforce,59.7063895123812
Kenya,KEN,2024,Sub-Saharan Africa (excluding high income),Lower middle income,laborforce,out of laborforce,44.9097805854876
Kenya,KEN,2024,Sub-Saharan Africa (excluding high income),Lower middle income,urbanicity,rural,51.7861249920334
Kenya,KEN,2024,Sub-Saharan Africa (excluding high income),Lower middle income,urbanicity,urban,70.0287293537699
"Korea, Rep.",KOR,2021,High income,High income,age_cat,age 25+,
"Korea, Rep.",KOR,2021,High income,High income,age_cat,ages 15-24,
"Korea, Rep.",KOR,2021,High income,High income,all,all,
"Korea, Rep.",KOR,2021,High income,High income,education,prim edu or less,
"Korea, Rep.",KOR,2021,High income,High income,education,secondary edu or more,
"Korea, Rep.",KOR,2021,High income,High income,gender,men,
"Korea, Rep.",KOR,2021,High income,High income,gender,women,
"Korea, Rep.",KOR,2021,High income,High income,income,poorest 40%,
"Korea, Rep.",KOR,2021,High income,High income,income,richest 60%,
"Korea, Rep.",KOR,2021,High income,High income,laborforce,in laborforce,
"Korea, Rep.",KOR,2021,High income,High income,laborforce,out of laborforce,
"Korea, Rep.",KOR,2024,High income,High income,age_cat,age 25+,
"Korea, Rep.",KOR,2024,High income,High income,age_cat,ages 15-24,
"Korea, Rep.",KOR,2024,High income,High income,all,all,
"Korea, Rep.",KOR,2024,High income,High income,education,prim edu or less,
"Korea, Rep.",KOR,2024,High income,High income,education,secondary edu or more,
"Korea, Rep.",KOR,2024,High income,High income,gender,men,
"Korea, Rep.",KOR,2024,High income,High income,gender,women,
"Korea, Rep.",KOR,2024,High income,High income,income,poorest 40%,
"Korea, Rep.",KOR,2024,High income,High income,income,richest 60%,
"Korea, Rep.",KOR,2024,High income,High income,laborforce,in laborforce,
"Korea, Rep.",KOR,2024,High income,High income,laborforce,out of laborforce,
"Korea, Rep.",KOR,2024,High income,High income,urbanicity,rural,
"Korea, Rep.",KOR,2024,High income,High income,urbanicity,urban,
Kosovo,XKX,2021,Europe & Central Asia (excluding high income),Upper middle income,age_cat,age 25+,22.6535063265345
Kosovo,XKX,2021,Europe & Central Asia (excluding high income),Upper middle income,age_cat,ages 15-24,20.472574266829398
Kosovo,XKX,2021,Europe & Central Asia (excluding high income),Upper middle income,all,all,21.9941261421368
Kosovo,XKX,2021,Europe & Central Asia (excluding high income),Upper middle income,education,prim edu or less,12.8844001676612
Kosovo,XKX,2021,Europe & Central Asia (excluding high income),Upper middle income,education,secondary edu or more,33.5448024553821
Kosovo,XKX,2021,Europe & Central Asia (excluding high income),Upper middle income,gender,men,26.911238161580698
Kosovo,XKX,2021,Europe & Central Asia (excluding high income),Upper middle income,gender,women,17.1935725889819
Kosovo,XKX,2021,Europe & Central Asia (excluding high income),Upper middle income,income,poorest 40%,16.0358226766996
Kosovo,XKX,2021,Europe & Central Asia (excluding high income),Upper middle income,income,richest 60%,25.964370242263403
Kosovo,XKX,2021,Europe & Central Asia (excluding high income),Upper middle income,laborforce,in laborforce,37.1760752862492
Kosovo,XKX,2021,Europe & Central Asia (excluding high income),Upper middle income,laborforce,out of laborforce,12.103079226159
Kosovo,XKX,2024,Europe & Central Asia (excluding high income),Upper middle income,age_cat,age 25+,
Kosovo,XKX,2024,Europe & Central Asia (excluding high income),Upper middle income,age_cat,ages 15-24,
Kosovo,XKX,2024,Europe & Central Asia (excluding high income),Upper middle income,all,all,9.99354620876752
Kosovo,XKX,2024,Europe & Central Asia (excluding high income),Upper middle income,education,prim edu or less,
Kosovo,XKX,2024,Europe & Central Asia (excluding high income),Upper middle income,education,secondary edu or more,
Kosovo,XKX,2024,Europe & Central Asia (excluding high income),Upper middle income,gender,men,
Kosovo,XKX,2024,Europe & Central Asia (excluding high income),Upper middle income,gender,women,
Kosovo,XKX,2024,Europe & Central Asia (excluding high income),Upper middle income,income,poorest 40%,
Kosovo,XKX,2024,Europe & Central Asia (excluding high income),Upper middle income,income,richest 60%,
Kosovo,XKX,2024,Europe & Central Asia (excluding high income),Upper middle income,laborforce,in laborforce,
Kosovo,XKX,2024,Europe & Central Asia (excluding high income),Upper middle income,laborforce,out of laborforce,
Kosovo,XKX,2024,Europe & Central Asia (excluding high income),Upper middle income,urbanicity,rural,
Kosovo,XKX,2024,Europe & Central Asia (excluding high income),Upper middle income,urbanicity,urban,
Kuwait,KWT,2024,High income,High income,age_cat,age 25+,
Kuwait,KWT,2024,High income,High income,age_cat,ages 15-24,
Kuwait,KWT,2024,High income,High income,all,all,
Kuwait,KWT,2024,High income,High income,education,prim edu or less,
Kuwait,KWT,2024,High income,High income,education,secondary edu or more,
Kuwait,KWT,2024,High income,High income,gender,men,
Kuwait,KWT,2024,High income,High income,gender,women,
Kuwait,KWT,2024,High income,High income,income,poorest 40%,
Kuwait,KWT,2024,High income,High income,income,richest 60%,
Kuwait,KWT,2024,High income,High income,laborforce,in laborforce,
Kuwait,KWT,2024,High income,High income,laborforce,out of laborforce,
Kuwait,KWT,2024,High income,High income,urbanicity,rural,
Kuwait,KWT,2024,High income,High income,urbanicity,urban,
Kyrgyz Republic,KGZ,2021,Europe & Central Asia (excluding high income),Lower middle income,age_cat,age 25+,10.5097132053692
Kyrgyz Republic,KGZ,2021,Europe & Central Asia (excluding high income),Lower middle income,age_cat,ages 15-24,13.2645241248216
Kyrgyz Republic,KGZ,2021,Europe & Central Asia (excluding high income),Lower middle income,all,all,11.369650290102799
Kyrgyz Republic,KGZ,2021,Europe & Central Asia (excluding high income),Lower middle income,education,prim edu or less,6.50166838604266
Kyrgyz Republic,KGZ,2021,Europe & Central Asia (excluding high income),Lower middle income,education,secondary edu or more,12.5087246695106
Kyrgyz Republic,KGZ,2021,Europe & Central Asia (excluding high income),Lower middle income,gender,men,10.640233469287299
Kyrgyz Republic,KGZ,2021,Europe & Central Asia (excluding high income),Lower middle income,gender,women,12.0471574066068
Kyrgyz Republic,KGZ,2021,Europe & Central Asia (excluding high income),Lower middle income,income,poorest 40%,7.82972703292016
Kyrgyz Republic,KGZ,2021,Europe & Central Asia (excluding high income),Lower middle income,income,richest 60%,13.725830511961101
Kyrgyz Republic,KGZ,2021,Europe & Central Asia (excluding high income),Lower middle income,laborforce,in laborforce,15.205796068979899
Kyrgyz Republic,KGZ,2021,Europe & Central Asia (excluding high income),Lower middle income,laborforce,out of laborforce,8.24718951328151
Kyrgyz Republic,KGZ,2024,Europe & Central Asia (excluding high income),Lower middle income,age_cat,age 25+,44.1580352896697
Kyrgyz Republic,KGZ,2024,Europe & Central Asia (excluding high income),Lower middle income,age_cat,ages 15-24,40.8650044212901
Kyrgyz Republic,KGZ,2024,Europe & Central Asia (excluding high income),Lower middle income,all,all,43.399591024992205
Kyrgyz Republic,KGZ,2024,Europe & Central Asia (excluding high income),Lower middle income,education,prim edu or less,27.9975325878337
Kyrgyz Republic,KGZ,2024,Europe & Central Asia (excluding high income),Lower middle income,education,secondary edu or more,45.9610537549924
Kyrgyz Republic,KGZ,2024,Europe & Central Asia (excluding high income),Lower middle income,gender,men,42.7641385309605
Kyrgyz Republic,KGZ,2024,Europe & Central Asia (excluding high income),Lower middle income,gender,women,43.986746705152605
Kyrgyz Republic,KGZ,2024,Europe & Central Asia (excluding high income),Lower middle income,income,poorest 40%,33.4477512799968
Kyrgyz Republic,KGZ,2024,Europe & Central Asia (excluding high income),Lower middle income,income,richest 60%,50.0110026991886
Kyrgyz Republic,KGZ,2024,Europe & Central Asia (excluding high income),Lower middle income,laborforce,in laborforce,54.842208890118705
Kyrgyz Republic,KGZ,2024,Europe & Central Asia (excluding high income),Lower middle income,laborforce,out of laborforce,27.7305141148393
Kyrgyz Republic,KGZ,2024,Europe & Central Asia (excluding high income),Lower middle income,urbanicity,rural,40.6588282439218
Kyrgyz Republic,KGZ,2024,Europe & Central Asia (excluding high income),Lower middle income,urbanicity,urban,51.998638726535795
Lao PDR,LAO,2021,East Asia & Pacific (excluding high income),Lower middle income,age_cat,age 25+,
Lao PDR,LAO,2021,East Asia & Pacific (excluding high income),Lower middle income,age_cat,ages 15-24,
Lao PDR,LAO,2021,East Asia & Pacific (excluding high income),Lower middle income,all,all,8.96112225155103
Lao PDR,LAO,2021,East Asia & Pacific (excluding high income),Lower middle income,education,prim edu or less,
Lao PDR,LAO,2021,East Asia & Pacific (excluding high income),Lower middle income,education,secondary edu or more,
Lao PDR,LAO,2021,East Asia & Pacific (excluding high income),Lower middle income,gender,men,
Lao PDR,LAO,2021,East Asia & Pacific (excluding high income),Lower middle income,gender,women,
Lao PDR,LAO,2021,East Asia & Pacific (excluding high income),Lower middle income,income,poorest 40%,
Lao PDR,LAO,2021,East Asia & Pacific (excluding high income),Lower middle income,income,richest 60%,
Lao PDR,LAO,2021,East Asia & Pacific (excluding high income),Lower middle income,laborforce,in laborforce,
Lao PDR,LAO,2021,East Asia & Pacific (excluding high income),Lower middle income,laborforce,out of laborforce,
Lao PDR,LAO,2024,East Asia & Pacific (excluding high income),Lower middle income,age_cat,age 25+,20.7796858590364
Lao PDR,LAO,2024,East Asia & Pacific (excluding high income),Lower middle income,age_cat,ages 15-24,23.4193254490308
Lao PDR,LAO,2024,East Asia & Pacific (excluding high income),Lower middle income,all,all,21.5486369310646
Lao PDR,LAO,2024,East Asia & Pacific (excluding high income),Lower middle income,education,prim edu or less,10.6165420711796
Lao PDR,LAO,2024,East Asia & Pacific (excluding high income),Lower middle income,education,secondary edu or more,47.589019620109
Lao PDR,LAO,2024,East Asia & Pacific (excluding high income),Lower middle income,gender,men,16.1649209545139
Lao PDR,LAO,2024,East Asia & Pacific (excluding high income),Lower middle income,gender,women,26.928807104721
Lao PDR,LAO,2024,East Asia & Pacific (excluding high income),Lower middle income,income,poorest 40%,7.71679165795363
Lao PDR,LAO,2024,East Asia & Pacific (excluding high income),Lower middle income,income,richest 60%,30.7624185549214
Lao PDR,LAO,2024,East Asia & Pacific (excluding high income),Lower middle income,laborforce,in laborforce,21.6008668602325
Lao PDR,LAO,2024,East Asia & Pacific (excluding high income),Lower middle income,laborforce,out of laborforce,19.9767001827364
Lao PDR,LAO,2024,East Asia & Pacific (excluding high income),Lower middle income,urbanicity,rural,20.023425745395098
Lao PDR,LAO,2024,East Asia & Pacific (excluding high income),Lower middle income,urbanicity,urban,54.098523835518996
Latvia,LVA,2021,High income,High income,age_cat,age 25+,
Latvia,LVA,2021,High income,High income,age_cat,ages 15-24,
Latvia,LVA,2021,High income,High income,all,all,
Latvia,LVA,2021,High income,High income,education,prim edu or less,
Latvia,LVA,2021,High income,High income,education,secondary edu or more,
Latvia,LVA,2021,High income,High income,gender,men,
Latvia,LVA,2021,High income,High income,gender,women,
Latvia,LVA,2021,High income,High income,income,poorest 40%,
Latvia,LVA,2021,High income,High income,income,richest 60%,
Latvia,LVA,2021,High income,High income,laborforce,in laborforce,
Latvia,LVA,2021,High income,High income,laborforce,out of laborforce,
Latvia,LVA,2024,High income,High income,age_cat,age 25+,
Latvia,LVA,2024,High income,High income,age_cat,ages 15-24,
Latvia,LVA,2024,High income,High income,all,all,
Latvia,LVA,2024,High income,High income,education,prim edu or less,
Latvia,LVA,2024,High income,High income,education,secondary edu or more,
Latvia,LVA,2024,High income,High income,gender,men,
Latvia,LVA,2024,High income,High income,gender,women,
Latvia,LVA,2024,High income,High income,income,poorest 40%,
Latvia,LVA,2024,High income,High income,income,richest 60%,
Latvia,LVA,2024,High income,High income,laborforce,in laborforce,
Latvia,LVA,2024,High income,High income,laborforce,out of laborforce,
Latvia,LVA,2024,High income,High income,urbanicity,rural,
Latvia,LVA,2024,High income,High income,urbanicity,urban,
Lebanon,LBN,2021,Middle East & North Africa (excluding high income),Lower middle income,age_cat,age 25+,
Lebanon,LBN,2021,Middle East & North Africa (excluding high income),Lower middle income,age_cat,ages 15-24,
Lebanon,LBN,2021,Middle East & North Africa (excluding high income),Lower middle income,all,all,2.82417074588832
Lebanon,LBN,2021,Middle East & North Africa (excluding high income),Lower middle income,education,prim edu or less,
Lebanon,LBN,2021,Middle East & North Africa (excluding high income),Lower middle income,education,secondary edu or more,
Lebanon,LBN,2021,Middle East & North Africa (excluding high income),Lower middle income,gender,men,
Lebanon,LBN,2021,Middle East & North Africa (excluding high income),Lower middle income,gender,women,
Lebanon,LBN,2021,Middle East & North Africa (excluding high income),Lower middle income,income,poorest 40%,
Lebanon,LBN,2021,Middle East & North Africa (excluding high income),Lower middle income,income,richest 60%,
Lebanon,LBN,2021,Middle East & North Africa (excluding high income),Lower middle income,laborforce,in laborforce,
Lebanon,LBN,2021,Middle East & North Africa (excluding high income),Lower middle income,laborforce,out of laborforce,
Lebanon,LBN,2024,Middle East & North Africa (excluding high income),Lower middle income,age_cat,age 25+,
Lebanon,LBN,2024,Middle East & North Africa (excluding high income),Lower middle income,age_cat,ages 15-24,
Lebanon,LBN,2024,Middle East & North Africa (excluding high income),Lower middle income,all,all,4.10869459495707
Lebanon,LBN,2024,Middle East & North Africa (excluding high income),Lower middle income,education,prim edu or less,
Lebanon,LBN,2024,Middle East & North Africa (excluding high income),Lower middle income,education,secondary edu or more,
Lebanon,LBN,2024,Middle East & North Africa (excluding high income),Lower middle income,gender,men,
Lebanon,LBN,2024,Middle East & North Africa (excluding high income),Lower middle income,gender,women,
Lebanon,LBN,2024,Middle East & North Africa (excluding high income),Lower middle income,income,poorest 40%,
Lebanon,LBN,2024,Middle East & North Africa (excluding high income),Lower middle income,income,richest 60%,
Lebanon,LBN,2024,Middle East & North Africa (excluding high income),Lower middle income,laborforce,in laborforce,
Lebanon,LBN,2024,Middle East & North Africa (excluding high income),Lower middle income,laborforce,out of laborforce,
Lebanon,LBN,2024,Middle East & North Africa (excluding high income),Lower middle income,urbanicity,rural,
Lebanon,LBN,2024,Middle East & North Africa (excluding high income),Lower middle income,urbanicity,urban,
Lesotho,LSO,2024,Sub-Saharan Africa (excluding high income),Lower middle income,age_cat,age 25+,17.4773886367248
Lesotho,LSO,2024,Sub-Saharan Africa (excluding high income),Lower middle income,age_cat,ages 15-24,11.2326203867735
Lesotho,LSO,2024,Sub-Saharan Africa (excluding high income),Lower middle income,all,all,15.7045781305587
Lesotho,LSO,2024,Sub-Saharan Africa (excluding high income),Lower middle income,education,prim edu or less,11.552298149191701
Lesotho,LSO,2024,Sub-Saharan Africa (excluding high income),Lower middle income,education,secondary edu or more,19.2973219515034
Lesotho,LSO,2024,Sub-Saharan Africa (excluding high income),Lower middle income,gender,men,18.7200618826556
Lesotho,LSO,2024,Sub-Saharan Africa (excluding high income),Lower middle income,gender,women,13.1358916065263
Lesotho,LSO,2024,Sub-Saharan Africa (excluding high income),Lower middle income,laborforce,in laborforce,31.0693302358012
Lesotho,LSO,2024,Sub-Saharan Africa (excluding high income),Lower middle income,laborforce,out of laborforce,7.40845800349597
Lesotho,LSO,2024,Sub-Saharan Africa (excluding high income),Lower middle income,urbanicity,rural,15.4886670864954
Lesotho,LSO,2024,Sub-Saharan Africa (excluding high income),Lower middle income,urbanicity,urban,17.2302625020047
Liberia,LBR,2021,Sub-Saharan Africa (excluding high income),Low income,age_cat,age 25+,
Liberia,LBR,2021,Sub-Saharan Africa (excluding high income),Low income,age_cat,ages 15-24,
Liberia,LBR,2021,Sub-Saharan Africa (excluding high income),Low income,all,all,7.192345661885461
Liberia,LBR,2021,Sub-Saharan Africa (excluding high income),Low income,education,prim edu or less,
Liberia,LBR,2021,Sub-Saharan Africa (excluding high income),Low income,education,secondary edu or more,
Liberia,LBR,2021,Sub-Saharan Africa (excluding high income),Low income,gender,men,
Liberia,LBR,2021,Sub-Saharan Africa (excluding high income),Low income,gender,women,
Liberia,LBR,2021,Sub-Saharan Africa (excluding high income),Low income,income,poorest 40%,
Liberia,LBR,2021,Sub-Saharan Africa (excluding high income),Low income,income,richest 60%,
Liberia,LBR,2021,Sub-Saharan Africa (excluding high income),Low income,laborforce,in laborforce,
Liberia,LBR,2021,Sub-Saharan Africa (excluding high income),Low income,laborforce,out of laborforce,
Liberia,LBR,2024,Sub-Saharan Africa (excluding high income),Low income,age_cat,age 25+,
Liberia,LBR,2024,Sub-Saharan Africa (excluding high income),Low income,age_cat,ages 15-24,
Liberia,LBR,2024,Sub-Saharan Africa (excluding high income),Low income,all,all,6.450753220229161
Liberia,LBR,2024,Sub-Saharan Africa (excluding high income),Low income,education,prim edu or less,
Liberia,LBR,2024,Sub-Saharan Africa (excluding high income),Low income,education,secondary edu or more,
Liberia,LBR,2024,Sub-Saharan Africa (excluding high income),Low income,gender,men,
Liberia,LBR,2024,Sub-Saharan Africa (excluding high income),Low income,gender,women,
Liberia,LBR,2024,Sub-Saharan Africa (excluding high income),Low income,income,poorest 40%,
Liberia,LBR,2024,Sub-Saharan Africa (excluding high income),Low income,income,richest 60%,
Liberia,LBR,2024,Sub-Saharan Africa (excluding high income),Low income,laborforce,in laborforce,
Liberia,LBR,2024,Sub-Saharan Africa (excluding high income),Low income,laborforce,out of laborforce,
Liberia,LBR,2024,Sub-Saharan Africa (excluding high income),Low income,urbanicity,rural,
Liberia,LBR,2024,Sub-Saharan Africa (excluding high income),Low income,urbanicity,urban,
Libya,LBY,2024,Middle East & North Africa (excluding high income),Upper middle income,age_cat,age 25+,17.2645855613341
Libya,LBY,2024,Middle East & North Africa (excluding high income),Upper middle income,age_cat,ages 15-24,8.84089376248582
Libya,LBY,2024,Middle East & North Africa (excluding high income),Upper middle income,all,all,15.0126045725958
Libya,LBY,2024,Middle East & North Africa (excluding high income),Upper middle income,education,prim edu or less,8.22758145638044
Libya,LBY,2024,Middle East & North Africa (excluding high income),Upper middle income,education,secondary edu or more,16.2532119256973
Libya,LBY,2024,Middle East & North Africa (excluding high income),Upper middle income,gender,men,18.7028416927012
Libya,LBY,2024,Middle East & North Africa (excluding high income),Upper middle income,gender,women,11.2683688207064
Libya,LBY,2024,Middle East & North Africa (excluding high income),Upper middle income,income,poorest 40%,14.2848077704269
Libya,LBY,2024,Middle East & North Africa (excluding high income),Upper middle income,income,richest 60%,15.4975153606682
Libya,LBY,2024,Middle East & North Africa (excluding high income),Upper middle income,laborforce,in laborforce,22.0061114849078
Libya,LBY,2024,Middle East & North Africa (excluding high income),Upper middle income,laborforce,out of laborforce,7.8898065069323495
Libya,LBY,2024,Middle East & North Africa (excluding high income),Upper middle income,urbanicity,rural,16.8842840564323
Libya,LBY,2024,Middle East & North Africa (excluding high income),Upper middle income,urbanicity,urban,13.4298661249116
Lithuania,LTU,2021,High income,High income,age_cat,age 25+,
Lithuania,LTU,2021,High income,High income,age_cat,ages 15-24,
Lithuania,LTU,2021,High income,High income,all,all,
Lithuania,LTU,2021,High income,High income,education,prim edu or less,
Lithuania,LTU,2021,High income,High income,education,secondary edu or more,
Lithuania,LTU,2021,High income,High income,gender,men,
Lithuania,LTU,2021,High income,High income,gender,women,
Lithuania,LTU,2021,High income,High income,income,poorest 40%,
Lithuania,LTU,2021,High income,High income,income,richest 60%,
Lithuania,LTU,2021,High income,High income,laborforce,in laborforce,
Lithuania,LTU,2021,High income,High income,laborforce,out of laborforce,
Lithuania,LTU,2024,High income,High income,age_cat,age 25+,
Lithuania,LTU,2024,High income,High income,age_cat,ages 15-24,
Lithuania,LTU,2024,High income,High income,all,all,
Lithuania,LTU,2024,High income,High income,education,prim edu or less,
Lithuania,LTU,2024,High income,High income,education,secondary edu or more,
Lithuania,LTU,2024,High income,High income,gender,men,
Lithuania,LTU,2024,High income,High income,gender,women,
Lithuania,LTU,2024,High income,High income,income,poorest 40%,
Lithuania,LTU,2024,High income,High income,income,richest 60%,
Lithuania,LTU,2024,High income,High income,laborforce,in laborforce,
Lithuania,LTU,2024,High income,High income,laborforce,out of laborforce,
Lithuania,LTU,2024,High income,High income,urbanicity,rural,
Lithuania,LTU,2024,High income,High income,urbanicity,urban,
Madagascar,MDG,2024,Sub-Saharan Africa (excluding high income),Low income,age_cat,age 25+,
Madagascar,MDG,2024,Sub-Saharan Africa (excluding high income),Low income,age_cat,ages 15-24,
Madagascar,MDG,2024,Sub-Saharan Africa (excluding high income),Low income,all,all,2.4181526171983
Madagascar,MDG,2024,Sub-Saharan Africa (excluding high income),Low income,education,prim edu or less,
Madagascar,MDG,2024,Sub-Saharan Africa (excluding high income),Low income,education,secondary edu or more,
Madagascar,MDG,2024,Sub-Saharan Africa (excluding high income),Low income,gender,men,
Madagascar,MDG,2024,Sub-Saharan Africa (excluding high income),Low income,gender,women,
Madagascar,MDG,2024,Sub-Saharan Africa (excluding high income),Low income,income,poorest 40%,
Madagascar,MDG,2024,Sub-Saharan Africa (excluding high income),Low income,income,richest 60%,
Madagascar,MDG,2024,Sub-Saharan Africa (excluding high income),Low income,laborforce,in laborforce,
Madagascar,MDG,2024,Sub-Saharan Africa (excluding high income),Low income,laborforce,out of laborforce,
Madagascar,MDG,2024,Sub-Saharan Africa (excluding high income),Low income,urbanicity,rural,
Madagascar,MDG,2024,Sub-Saharan Africa (excluding high income),Low income,urbanicity,urban,
Malawi,MWI,2021,Sub-Saharan Africa (excluding high income),Low income,age_cat,age 25+,
Malawi,MWI,2021,Sub-Saharan Africa (excluding high income),Low income,age_cat,ages 15-24,
Malawi,MWI,2021,Sub-Saharan Africa (excluding high income),Low income,all,all,7.84752592301098
Malawi,MWI,2021,Sub-Saharan Africa (excluding high income),Low income,education,prim edu or less,
Malawi,MWI,2021,Sub-Saharan Africa (excluding high income),Low income,education,secondary edu or more,
Malawi,MWI,2021,Sub-Saharan Africa (excluding high income),Low income,gender,men,
Malawi,MWI,2021,Sub-Saharan Africa (excluding high income),Low income,gender,women,
Malawi,MWI,2021,Sub-Saharan Africa (excluding high income),Low income,income,poorest 40%,
Malawi,MWI,2021,Sub-Saharan Africa (excluding high income),Low income,income,richest 60%,
Malawi,MWI,2021,Sub-Saharan Africa (excluding high income),Low income,laborforce,in laborforce,
Malawi,MWI,2021,Sub-Saharan Africa (excluding high income),Low income,laborforce,out of laborforce,
Malawi,MWI,2024,Sub-Saharan Africa (excluding high income),Low income,age_cat,age 25+,9.95187506494985
Malawi,MWI,2024,Sub-Saharan Africa (excluding high income),Low income,age_cat,ages 15-24,11.2434397062095
Malawi,MWI,2024,Sub-Saharan Africa (excluding high income),Low income,all,all,10.4353134870286
Malawi,MWI,2024,Sub-Saharan Africa (excluding high income),Low income,education,prim edu or less,6.83082423119641
Malawi,MWI,2024,Sub-Saharan Africa (excluding high income),Low income,education,secondary edu or more,21.4384101065724
Malawi,MWI,2024,Sub-Saharan Africa (excluding high income),Low income,gender,men,14.5867990960489
Malawi,MWI,2024,Sub-Saharan Africa (excluding high income),Low income,gender,women,6.633273025867751
Malawi,MWI,2024,Sub-Saharan Africa (excluding high income),Low income,income,poorest 40%,6.01446984119345
Malawi,MWI,2024,Sub-Saharan Africa (excluding high income),Low income,income,richest 60%,13.382442489375098
Malawi,MWI,2024,Sub-Saharan Africa (excluding high income),Low income,laborforce,in laborforce,12.145814011998999
Malawi,MWI,2024,Sub-Saharan Africa (excluding high income),Low income,laborforce,out of laborforce,8.29403336326717
Malawi,MWI,2024,Sub-Saharan Africa (excluding high income),Low income,urbanicity,rural,10.06830951169
Malawi,MWI,2024,Sub-Saharan Africa (excluding high income),Low income,urbanicity,urban,13.741403431318899
Malaysia,MYS,2021,East Asia & Pacific (excluding high income),Upper middle income,age_cat,age 25+,53.03613138879349
Malaysia,MYS,2021,East Asia & Pacific (excluding high income),Upper middle income,age_cat,ages 15-24,41.0223987746277
Malaysia,MYS,2021,East Asia & Pacific (excluding high income),Upper middle income,all,all,50.310181352638295
Malaysia,MYS,2021,East Asia & Pacific (excluding high income),Upper middle income,education,prim edu or less,6.07721834061083
Malaysia,MYS,2021,East Asia & Pacific (excluding high income),Upper middle income,education,secondary edu or more,61.850737698173695
Malaysia,MYS,2021,East Asia & Pacific (excluding high income),Upper middle income,gender,men,51.1219772658309
Malaysia,MYS,2021,East Asia & Pacific (excluding high income),Upper middle income,gender,women,49.495150588460504
Malaysia,MYS,2021,East Asia & Pacific (excluding high income),Upper middle income,income,poorest 40%,28.86347811234
Malaysia,MYS,2021,East Asia & Pacific (excluding high income),Upper middle income,income,richest 60%,64.589726045662
Malaysia,MYS,2021,East Asia & Pacific (excluding high income),Upper middle income,laborforce,in laborforce,64.6721705282624
Malaysia,MYS,2021,East Asia & Pacific (excluding high income),Upper middle income,laborforce,out of laborforce,26.432513581623702
Malaysia,MYS,2024,East Asia & Pacific (excluding high income),Upper middle income,age_cat,age 25+,49.408823494282004
Malaysia,MYS,2024,East Asia & Pacific (excluding high income),Upper middle income,age_cat,ages 15-24,62.970651116552
Malaysia,MYS,2024,East Asia & Pacific (excluding high income),Upper middle income,all,all,52.244761114208806
Malaysia,MYS,2024,East Asia & Pacific (excluding high income),Upper middle income,education,prim edu or less,12.3346045989438
Malaysia,MYS,2024,East Asia & Pacific (excluding high income),Upper middle income,education,secondary edu or more,62.6133316201842
Malaysia,MYS,2024,East Asia & Pacific (excluding high income),Upper middle income,gender,men,52.3861542760804
Malaysia,MYS,2024,East Asia & Pacific (excluding high income),Upper middle income,gender,women,52.0984066477766
Malaysia,MYS,2024,East Asia & Pacific (excluding high income),Upper middle income,income,poorest 40%,32.7840076955827
Malaysia,MYS,2024,East Asia & Pacific (excluding high income),Upper middle income,income,richest 60%,65.23280802065901
Malaysia,MYS,2024,East Asia & Pacific (excluding high income),Upper middle income,laborforce,in laborforce,64.29169852300231
Malaysia,MYS,2024,East Asia & Pacific (excluding high income),Upper middle income,laborforce,out of laborforce,33.6114282047375
Malaysia,MYS,2024,East Asia & Pacific (excluding high income),Upper middle income,urbanicity,rural,47.3512155900908
Malaysia,MYS,2024,East Asia & Pacific (excluding high income),Upper middle income,urbanicity,urban,56.4985302811032
Mali,MLI,2021,Sub-Saharan Africa (excluding high income),Low income,age_cat,age 25+,12.1543239975709
Mali,MLI,2021,Sub-Saharan Africa (excluding high income),Low income,age_cat,ages 15-24,9.00332779666157
Mali,MLI,2021,Sub-Saharan Africa (excluding high income),Low income,all,all,11.0494224812441
Mali,MLI,2021,Sub-Saharan Africa (excluding high income),Low income,education,prim edu or less,10.006166016157799
Mali,MLI,2021,Sub-Saharan Africa (excluding high income),Low income,education,secondary edu or more,15.4951333407053
Mali,MLI,2021,Sub-Saharan Africa (excluding high income),Low income,gender,men,10.7533415935583
Mali,MLI,2021,Sub-Saharan Africa (excluding high income),Low income,gender,women,11.3287243490186
Mali,MLI,2021,Sub-Saharan Africa (excluding high income),Low income,income,poorest 40%,10.0250916867159
Mali,MLI,2021,Sub-Saharan Africa (excluding high income),Low income,income,richest 60%,11.730937422189399
Mali,MLI,2021,Sub-Saharan Africa (excluding high income),Low income,laborforce,in laborforce,13.0152816465374
Mali,MLI,2021,Sub-Saharan Africa (excluding high income),Low income,laborforce,out of laborforce,5.20128540007585
Mali,MLI,2024,Sub-Saharan Africa (excluding high income),Low income,age_cat,age 25+,8.57572933589867
Mali,MLI,2024,Sub-Saharan Africa (excluding high income),Low income,age_cat,ages 15-24,13.1530421910758
Mali,MLI,2024,Sub-Saharan Africa (excluding high income),Low income,all,all,10.2050618427009
Mali,MLI,2024,Sub-Saharan Africa (excluding high income),Low income,education,prim edu or less,5.1389002144852505
Mali,MLI,2024,Sub-Saharan Africa (excluding high income),Low income,education,secondary edu or more,30.070727209416997
Mali,MLI,2024,Sub-Saharan Africa (excluding high income),Low income,gender,men,13.084059658084
Mali,MLI,2024,Sub-Saharan Africa (excluding high income),Low income,gender,women,7.417228694788471
Mali,MLI,2024,Sub-Saharan Africa (excluding high income),Low income,income,poorest 40%,4.80214531275766
Mali,MLI,2024,Sub-Saharan Africa (excluding high income),Low income,income,richest 60%,13.7975490843739
Mali,MLI,2024,Sub-Saharan Africa (excluding high income),Low income,laborforce,in laborforce,10.8328799721085
Mali,MLI,2024,Sub-Saharan Africa (excluding high income),Low income,laborforce,out of laborforce,8.13563767580215
Mali,MLI,2024,Sub-Saharan Africa (excluding high income),Low income,urbanicity,rural,5.6497836845987806
Mali,MLI,2024,Sub-Saharan Africa (excluding high income),Low income,urbanicity,urban,24.1219133007874
Malta,MLT,2021,High income,High income,age_cat,age 25+,
Malta,MLT,2021,High income,High income,age_cat,ages 15-24,
Malta,MLT,2021,High income,High income,all,all,
Malta,MLT,2021,High income,High income,education,prim edu or less,
Malta,MLT,2021,High income,High income,education,secondary edu or more,
Malta,MLT,2021,High income,High income,gender,men,
Malta,MLT,2021,High income,High income,gender,women,
Malta,MLT,2021,High income,High income,income,poorest 40%,
Malta,MLT,2021,High income,High income,income,richest 60%,
Malta,MLT,2021,High income,High income,laborforce,in laborforce,
Malta,MLT,2021,High income,High income,laborforce,out of laborforce,
Malta,MLT,2024,High income,High income,age_cat,age 25+,
Malta,MLT,2024,High income,High income,age_cat,ages 15-24,
Malta,MLT,2024,High income,High income,all,all,
Malta,MLT,2024,High income,High income,education,prim edu or less,
Malta,MLT,2024,High income,High income,education,secondary edu or more,
Malta,MLT,2024,High income,High income,gender,men,
Malta,MLT,2024,High income,High income,gender,women,
Malta,MLT,2024,High income,High income,income,poorest 40%,
Malta,MLT,2024,High income,High income,income,richest 60%,
Malta,MLT,2024,High income,High income,laborforce,in laborforce,
Malta,MLT,2024,High income,High income,laborforce,out of laborforce,
Malta,MLT,2024,High income,High income,urbanicity,rural,
Malta,MLT,2024,High income,High income,urbanicity,urban,
Mauritania,MRT,2024,Sub-Saharan Africa (excluding high income),Lower middle income,age_cat,age 25+,13.175113498781801
Mauritania,MRT,2024,Sub-Saharan Africa (excluding high income),Lower middle income,age_cat,ages 15-24,10.492991822047399
Mauritania,MRT,2024,Sub-Saharan Africa (excluding high income),Lower middle income,all,all,12.269013631795001
Mauritania,MRT,2024,Sub-Saharan Africa (excluding high income),Lower middle income,education,prim edu or less,8.93828530379137
Mauritania,MRT,2024,Sub-Saharan Africa (excluding high income),Lower middle income,education,secondary edu or more,21.7399097524853
Mauritania,MRT,2024,Sub-Saharan Africa (excluding high income),Lower middle income,gender,men,13.355148876293299
Mauritania,MRT,2024,Sub-Saharan Africa (excluding high income),Lower middle income,gender,women,11.2997123827954
Mauritania,MRT,2024,Sub-Saharan Africa (excluding high income),Lower middle income,income,poorest 40%,11.0697003558361
Mauritania,MRT,2024,Sub-Saharan Africa (excluding high income),Lower middle income,income,richest 60%,13.069183174434901
Mauritania,MRT,2024,Sub-Saharan Africa (excluding high income),Lower middle income,laborforce,in laborforce,15.991921724813901
Mauritania,MRT,2024,Sub-Saharan Africa (excluding high income),Lower middle income,laborforce,out of laborforce,8.14293374178348
Mauritania,MRT,2024,Sub-Saharan Africa (excluding high income),Lower middle income,urbanicity,rural,8.10239880762553
Mauritania,MRT,2024,Sub-Saharan Africa (excluding high income),Lower middle income,urbanicity,urban,21.494770229969202
Mauritius,MUS,2021,Sub-Saharan Africa (excluding high income),Upper middle income,age_cat,age 25+,48.3048679469483
Mauritius,MUS,2021,Sub-Saharan Africa (excluding high income),Upper middle income,age_cat,ages 15-24,51.9339977532323
Mauritius,MUS,2021,Sub-Saharan Africa (excluding high income),Upper middle income,all,all,49.0550860263362
Mauritius,MUS,2021,Sub-Saharan Africa (excluding high income),Upper middle income,education,prim edu or less,25.1556176819176
Mauritius,MUS,2021,Sub-Saharan Africa (excluding high income),Upper middle income,education,secondary edu or more,63.40867586340519
Mauritius,MUS,2021,Sub-Saharan Africa (excluding high income),Upper middle income,gender,men,53.472022491834906
Mauritius,MUS,2021,Sub-Saharan Africa (excluding high income),Upper middle income,gender,women,44.971183786227
Mauritius,MUS,2021,Sub-Saharan Africa (excluding high income),Upper middle income,income,poorest 40%,35.4912710165038
Mauritius,MUS,2021,Sub-Saharan Africa (excluding high income),Upper middle income,income,richest 60%,58.014872119510294
Mauritius,MUS,2021,Sub-Saharan Africa (excluding high income),Upper middle income,laborforce,in laborforce,58.3146534306461
Mauritius,MUS,2021,Sub-Saharan Africa (excluding high income),Upper middle income,laborforce,out of laborforce,31.0409654156658
Mauritius,MUS,2024,Sub-Saharan Africa (excluding high income),Upper middle income,age_cat,age 25+,47.8964900670409
Mauritius,MUS,2024,Sub-Saharan Africa (excluding high income),Upper middle income,age_cat,ages 15-24,60.018916645882406
Mauritius,MUS,2024,Sub-Saharan Africa (excluding high income),Upper middle income,all,all,49.889578824496
Mauritius,MUS,2024,Sub-Saharan Africa (excluding high income),Upper middle income,education,prim edu or less,25.3905314632427
Mauritius,MUS,2024,Sub-Saharan Africa (excluding high income),Upper middle income,education,secondary edu or more,66.8547636956645
Mauritius,MUS,2024,Sub-Saharan Africa (excluding high income),Upper middle income,gender,men,54.1801871593252
Mauritius,MUS,2024,Sub-Saharan Africa (excluding high income),Upper middle income,gender,women,45.656078183297
Mauritius,MUS,2024,Sub-Saharan Africa (excluding high income),Upper middle income,income,poorest 40%,40.330532332265
Mauritius,MUS,2024,Sub-Saharan Africa (excluding high income),Upper middle income,income,richest 60%,56.2605177687282
Mauritius,MUS,2024,Sub-Saharan Africa (excluding high income),Upper middle income,laborforce,in laborforce,58.1607670551194
Mauritius,MUS,2024,Sub-Saharan Africa (excluding high income),Upper middle income,laborforce,out of laborforce,35.0482420409204
Mauritius,MUS,2024,Sub-Saharan Africa (excluding high income),Upper middle income,urbanicity,rural,46.7524905651367
Mauritius,MUS,2024,Sub-Saharan Africa (excluding high income),Upper middle income,urbanicity,urban,55.189166280969005
Mexico,MEX,2024,Latin America & Caribbean (excluding high income),Upper middle income,age_cat,age 25+,25.8570617321699
Mexico,MEX,2024,Latin America & Caribbean (excluding high income),Upper middle income,age_cat,ages 15-24,26.279181970708898
Mexico,MEX,2024,Latin America & Caribbean (excluding high income),Upper middle income,all,all,25.9512003125
Mexico,MEX,2024,Latin America & Caribbean (excluding high income),Upper middle income,education,prim edu or less,5.66741324111906
Mexico,MEX,2024,Latin America & Caribbean (excluding high income),Upper middle income,education,secondary edu or more,34.7386728194911
Mexico,MEX,2024,Latin America & Caribbean (excluding high income),Upper middle income,gender,men,32.5154422617965
Mexico,MEX,2024,Latin America & Caribbean (excluding high income),Upper middle income,gender,women,19.8989451085607
Mexico,MEX,2024,Latin America & Caribbean (excluding high income),Upper middle income,income,poorest 40%,12.3035011388408
Mexico,MEX,2024,Latin America & Caribbean (excluding high income),Upper middle income,income,richest 60%,35.036678870090896
Mexico,MEX,2024,Latin America & Caribbean (excluding high income),Upper middle income,laborforce,in laborforce,33.3628997356043
Mexico,MEX,2024,Latin America & Caribbean (excluding high income),Upper middle income,laborforce,out of laborforce,13.4176101899092
Mexico,MEX,2024,Latin America & Caribbean (excluding high income),Upper middle income,urbanicity,rural,16.7019133693967
Mexico,MEX,2024,Latin America & Caribbean (excluding high income),Upper middle income,urbanicity,urban,32.5249178911722
Moldova,MDA,2021,Europe & Central Asia (excluding high income),Upper middle income,age_cat,age 25+,36.271266586525606
Moldova,MDA,2021,Europe & Central Asia (excluding high income),Upper middle income,age_cat,ages 15-24,44.9824203641736
Moldova,MDA,2021,Europe & Central Asia (excluding high income),Upper middle income,all,all,37.8245251190615
Moldova,MDA,2021,Europe & Central Asia (excluding high income),Upper middle income,education,prim edu or less,20.10435446776
Moldova,MDA,2021,Europe & Central Asia (excluding high income),Upper middle income,education,secondary edu or more,39.8642302923426
Moldova,MDA,2021,Europe & Central Asia (excluding high income),Upper middle income,gender,men,39.0849672080811
Moldova,MDA,2021,Europe & Central Asia (excluding high income),Upper middle income,gender,women,36.6820378695694
Moldova,MDA,2021,Europe & Central Asia (excluding high income),Upper middle income,income,poorest 40%,26.8537890647005
Moldova,MDA,2021,Europe & Central Asia (excluding high income),Upper middle income,income,richest 60%,45.1335398282512
Moldova,MDA,2021,Europe & Central Asia (excluding high income),Upper middle income,laborforce,in laborforce,46.7444897418483
Moldova,MDA,2021,Europe & Central Asia (excluding high income),Upper middle income,laborforce,out of laborforce,22.1871046622643
Moldova,MDA,2024,Europe & Central Asia (excluding high income),Upper middle income,age_cat,age 25+,36.446948051724
Moldova,MDA,2024,Europe & Central Asia (excluding high income),Upper middle income,age_cat,ages 15-24,49.0876661180758
Moldova,MDA,2024,Europe & Central Asia (excluding high income),Upper middle income,all,all,37.9754811205325
Moldova,MDA,2024,Europe & Central Asia (excluding high income),Upper middle income,education,prim edu or less,25.204248696798498
Moldova,MDA,2024,Europe & Central Asia (excluding high income),Upper middle income,education,secondary edu or more,39.0363968534147
Moldova,MDA,2024,Europe & Central Asia (excluding high income),Upper middle income,gender,men,41.3538509834311
Moldova,MDA,2024,Europe & Central Asia (excluding high income),Upper middle income,gender,women,35.0398234745949
Moldova,MDA,2024,Europe & Central Asia (excluding high income),Upper middle income,income,poorest 40%,22.4121142213755
Moldova,MDA,2024,Europe & Central Asia (excluding high income),Upper middle income,income,richest 60%,48.3483262004504
Moldova,MDA,2024,Europe & Central Asia (excluding high income),Upper middle income,laborforce,in laborforce,50.1429037485583
Moldova,MDA,2024,Europe & Central Asia (excluding high income),Upper middle income,laborforce,out of laborforce,24.5090384087589
Moldova,MDA,2024,Europe & Central Asia (excluding high income),Upper middle income,urbanicity,rural,30.207454638477397
Moldova,MDA,2024,Europe & Central Asia (excluding high income),Upper middle income,urbanicity,urban,64.9492068942926
Mongolia,MNG,2021,East Asia & Pacific (excluding high income),Lower middle income,age_cat,age 25+,88.1280204518041
Mongolia,MNG,2021,East Asia & Pacific (excluding high income),Lower middle income,age_cat,ages 15-24,78.02909643198561
Mongolia,MNG,2021,East Asia & Pacific (excluding high income),Lower middle income,all,all,86.0921848657197
Mongolia,MNG,2021,East Asia & Pacific (excluding high income),Lower middle income,education,prim edu or less,66.6734591023793
Mongolia,MNG,2021,East Asia & Pacific (excluding high income),Lower middle income,education,secondary edu or more,92.334044898887
Mongolia,MNG,2021,East Asia & Pacific (excluding high income),Lower middle income,gender,men,82.2660253977012
Mongolia,MNG,2021,East Asia & Pacific (excluding high income),Lower middle income,gender,women,89.5580728876638
Mongolia,MNG,2021,East Asia & Pacific (excluding high income),Lower middle income,income,poorest 40%,82.3506048339176
Mongolia,MNG,2021,East Asia & Pacific (excluding high income),Lower middle income,income,richest 60%,88.5739366617652
Mongolia,MNG,2021,East Asia & Pacific (excluding high income),Lower middle income,laborforce,in laborforce,90.2213384645011
Mongolia,MNG,2021,East Asia & Pacific (excluding high income),Lower middle income,laborforce,out of laborforce,80.1485802335245
Mongolia,MNG,2024,East Asia & Pacific (excluding high income),Lower middle income,age_cat,age 25+,96.7751599730163
Mongolia,MNG,2024,East Asia & Pacific (excluding high income),Lower middle income,age_cat,ages 15-24,87.63337185710999
Mongolia,MNG,2024,East Asia & Pacific (excluding high income),Lower middle income,all,all,94.9414581306891
Mongolia,MNG,2024,East Asia & Pacific (excluding high income),Lower middle income,education,prim edu or less,88.9712875590437
Mongolia,MNG,2024,East Asia & Pacific (excluding high income),Lower middle income,education,secondary edu or more,97.27795631094371
Mongolia,MNG,2024,East Asia & Pacific (excluding high income),Lower middle income,gender,men,93.312094160896
Mongolia,MNG,2024,East Asia & Pacific (excluding high income),Lower middle income,gender,women,96.41253893714699
Mongolia,MNG,2024,East Asia & Pacific (excluding high income),Lower middle income,income,poorest 40%,93.5388117474421
Mongolia,MNG,2024,East Asia & Pacific (excluding high income),Lower middle income,income,richest 60%,95.87624256227791
Mongolia,MNG,2024,East Asia & Pacific (excluding high income),Lower middle income,laborforce,in laborforce,97.2248405240688
Mongolia,MNG,2024,East Asia & Pacific (excluding high income),Lower middle income,laborforce,out of laborforce,90.8436672798193
Mongolia,MNG,2024,East Asia & Pacific (excluding high income),Lower middle income,urbanicity,rural,95.07396885724519
Mongolia,MNG,2024,East Asia & Pacific (excluding high income),Lower middle income,urbanicity,urban,94.7769733778801
Montenegro,MNE,2024,Europe & Central Asia (excluding high income),Upper middle income,age_cat,age 25+,41.0070444490051
Montenegro,MNE,2024,Europe & Central Asia (excluding high income),Upper middle income,age_cat,ages 15-24,15.239725761439399
Montenegro,MNE,2024,Europe & Central Asia (excluding high income),Upper middle income,all,all,36.392149453113795
Montenegro,MNE,2024,Europe & Central Asia (excluding high income),Upper middle income,education,prim edu or less,2.41520271354322
Montenegro,MNE,2024,Europe & Central Asia (excluding high income),Upper middle income,education,secondary edu or more,50.017328774217695
Montenegro,MNE,2024,Europe & Central Asia (excluding high income),Upper middle income,gender,men,40.2105040259203
Montenegro,MNE,2024,Europe & Central Asia (excluding high income),Upper middle income,gender,women,32.7850700582506
Montenegro,MNE,2024,Europe & Central Asia (excluding high income),Upper middle income,income,poorest 40%,25.144023046763703
Montenegro,MNE,2024,Europe & Central Asia (excluding high income),Upper middle income,income,richest 60%,43.894455194078304
Montenegro,MNE,2024,Europe & Central Asia (excluding high income),Upper middle income,laborforce,in laborforce,61.062811006900596
Montenegro,MNE,2024,Europe & Central Asia (excluding high income),Upper middle income,laborforce,out of laborforce,12.623900169916
Montenegro,MNE,2024,Europe & Central Asia (excluding high income),Upper middle income,urbanicity,rural,34.0766282215001
Montenegro,MNE,2024,Europe & Central Asia (excluding high income),Upper middle income,urbanicity,urban,41.828423001596796
Morocco,MAR,2021,Middle East & North Africa (excluding high income),Lower middle income,age_cat,age 25+,
Morocco,MAR,2021,Middle East & North Africa (excluding high income),Lower middle income,age_cat,ages 15-24,
Morocco,MAR,2021,Middle East & North Africa (excluding high income),Lower middle income,all,all,9.993430385517769
Morocco,MAR,2021,Middle East & North Africa (excluding high income),Lower middle income,education,prim edu or less,
Morocco,MAR,2021,Middle East & North Africa (excluding high income),Lower middle income,education,secondary edu or more,
Morocco,MAR,2021,Middle East & North Africa (excluding high income),Lower middle income,gender,men,
Morocco,MAR,2021,Middle East & North Africa (excluding high income),Lower middle income,gender,women,
Morocco,MAR,2021,Middle East & North Africa (excluding high income),Lower middle income,income,poorest 40%,
Morocco,MAR,2021,Middle East & North Africa (excluding high income),Lower middle income,income,richest 60%,
Morocco,MAR,2021,Middle East & North Africa (excluding high income),Lower middle income,laborforce,in laborforce,
Morocco,MAR,2021,Middle East & North Africa (excluding high income),Lower middle income,laborforce,out of laborforce,
Morocco,MAR,2024,Middle East & North Africa (excluding high income),Lower middle income,age_cat,age 25+,
Morocco,MAR,2024,Middle East & North Africa (excluding high income),Lower middle income,age_cat,ages 15-24,
Morocco,MAR,2024,Middle East & North Africa (excluding high income),Lower middle income,all,all,9.58445531780257
Morocco,MAR,2024,Middle East & North Africa (excluding high income),Lower middle income,education,prim edu or less,
Morocco,MAR,2024,Middle East & North Africa (excluding high income),Lower middle income,education,secondary edu or more,
Morocco,MAR,2024,Middle East & North Africa (excluding high income),Lower middle income,gender,men,
Morocco,MAR,2024,Middle East & North Africa (excluding high income),Lower middle income,gender,women,
Morocco,MAR,2024,Middle East & North Africa (excluding high income),Lower middle income,income,poorest 40%,
Morocco,MAR,2024,Middle East & North Africa (excluding high income),Lower middle income,income,richest 60%,
Morocco,MAR,2024,Middle East & North Africa (excluding high income),Lower middle income,laborforce,in laborforce,
Morocco,MAR,2024,Middle East & North Africa (excluding high income),Lower middle income,laborforce,out of laborforce,
Morocco,MAR,2024,Middle East & North Africa (excluding high income),Lower middle income,urbanicity,rural,
Morocco,MAR,2024,Middle East & North Africa (excluding high income),Lower middle income,urbanicity,urban,
Mozambique,MOZ,2021,Sub-Saharan Africa (excluding high income),Low income,age_cat,age 25+,12.40224980611
Mozambique,MOZ,2021,Sub-Saharan Africa (excluding high income),Low income,age_cat,ages 15-24,14.150403061363201
Mozambique,MOZ,2021,Sub-Saharan Africa (excluding high income),Low income,all,all,13.048559375340199
Mozambique,MOZ,2021,Sub-Saharan Africa (excluding high income),Low income,education,prim edu or less,8.89717682851584
Mozambique,MOZ,2021,Sub-Saharan Africa (excluding high income),Low income,education,secondary edu or more,28.5542363448411
Mozambique,MOZ,2021,Sub-Saharan Africa (excluding high income),Low income,gender,men,17.4501860704149
Mozambique,MOZ,2021,Sub-Saharan Africa (excluding high income),Low income,gender,women,8.915264955929821
Mozambique,MOZ,2021,Sub-Saharan Africa (excluding high income),Low income,income,poorest 40%,7.17306508233761
Mozambique,MOZ,2021,Sub-Saharan Africa (excluding high income),Low income,income,richest 60%,16.9552096394097
Mozambique,MOZ,2021,Sub-Saharan Africa (excluding high income),Low income,laborforce,in laborforce,19.2222768886507
Mozambique,MOZ,2021,Sub-Saharan Africa (excluding high income),Low income,laborforce,out of laborforce,5.87554818827511
Mozambique,MOZ,2024,Sub-Saharan Africa (excluding high income),Low income,age_cat,age 25+,19.254197710332
Mozambique,MOZ,2024,Sub-Saharan Africa (excluding high income),Low income,age_cat,ages 15-24,17.2007278558069
Mozambique,MOZ,2024,Sub-Saharan Africa (excluding high income),Low income,all,all,18.4743505713139
Mozambique,MOZ,2024,Sub-Saharan Africa (excluding high income),Low income,education,prim edu or less,11.4534836988453
Mozambique,MOZ,2024,Sub-Saharan Africa (excluding high income),Low income,education,secondary edu or more,40.088526671969
Mozambique,MOZ,2024,Sub-Saharan Africa (excluding high income),Low income,gender,men,22.8032878777249
Mozambique,MOZ,2024,Sub-Saharan Africa (excluding high income),Low income,gender,women,14.180540338394302
Mozambique,MOZ,2024,Sub-Saharan Africa (excluding high income),Low income,income,poorest 40%,7.554489703364419
Mozambique,MOZ,2024,Sub-Saharan Africa (excluding high income),Low income,income,richest 60%,25.7402380521159
Mozambique,MOZ,2024,Sub-Saharan Africa (excluding high income),Low income,laborforce,in laborforce,26.249610184995298
Mozambique,MOZ,2024,Sub-Saharan Africa (excluding high income),Low income,laborforce,out of laborforce,11.5486936022892
Mozambique,MOZ,2024,Sub-Saharan Africa (excluding high income),Low income,urbanicity,rural,13.3388520301256
Mozambique,MOZ,2024,Sub-Saharan Africa (excluding high income),Low income,urbanicity,urban,37.0671091671665
Myanmar,MMR,2021,East Asia & Pacific (excluding high income),Lower middle income,age_cat,age 25+,12.6853226000452
Myanmar,MMR,2021,East Asia & Pacific (excluding high income),Lower middle income,age_cat,ages 15-24,24.542841463924102
Myanmar,MMR,2021,East Asia & Pacific (excluding high income),Lower middle income,all,all,16.2622195454251
Myanmar,MMR,2021,East Asia & Pacific (excluding high income),Lower middle income,education,prim edu or less,4.35553428077769
Myanmar,MMR,2021,East Asia & Pacific (excluding high income),Lower middle income,education,secondary edu or more,27.258890833128902
Myanmar,MMR,2021,East Asia & Pacific (excluding high income),Lower middle income,gender,men,14.511453881244801
Myanmar,MMR,2021,East Asia & Pacific (excluding high income),Lower middle income,gender,women,17.921372095889197
Myanmar,MMR,2021,East Asia & Pacific (excluding high income),Lower middle income,income,poorest 40%,6.56074204178306
Myanmar,MMR,2021,East Asia & Pacific (excluding high income),Lower middle income,income,richest 60%,22.7243185681072
Myanmar,MMR,2021,East Asia & Pacific (excluding high income),Lower middle income,laborforce,in laborforce,16.659592988156998
Myanmar,MMR,2021,East Asia & Pacific (excluding high income),Lower middle income,laborforce,out of laborforce,15.2524726473591
Namibia,NAM,2021,Sub-Saharan Africa (excluding high income),Upper middle income,age_cat,age 25+,36.9997287960488
Namibia,NAM,2021,Sub-Saharan Africa (excluding high income),Upper middle income,age_cat,ages 15-24,21.2151216732561
Namibia,NAM,2021,Sub-Saharan Africa (excluding high income),Upper middle income,all,all,31.741420219620398
Namibia,NAM,2021,Sub-Saharan Africa (excluding high income),Upper middle income,education,prim edu or less,17.8396640053854
Namibia,NAM,2021,Sub-Saharan Africa (excluding high income),Upper middle income,education,secondary edu or more,40.6314791916274
Namibia,NAM,2021,Sub-Saharan Africa (excluding high income),Upper middle income,gender,men,35.6305030090605
Namibia,NAM,2021,Sub-Saharan Africa (excluding high income),Upper middle income,gender,women,28.337252043796603
Namibia,NAM,2021,Sub-Saharan Africa (excluding high income),Upper middle income,income,poorest 40%,15.322078222615099
Namibia,NAM,2021,Sub-Saharan Africa (excluding high income),Upper middle income,income,richest 60%,42.6696184905072
Namibia,NAM,2021,Sub-Saharan Africa (excluding high income),Upper middle income,laborforce,in laborforce,51.3968417138138
Namibia,NAM,2021,Sub-Saharan Africa (excluding high income),Upper middle income,laborforce,out of laborforce,16.564967772437
Namibia,NAM,2024,Sub-Saharan Africa (excluding high income),Upper middle income,age_cat,age 25+,44.4904793143668
Namibia,NAM,2024,Sub-Saharan Africa (excluding high income),Upper middle income,age_cat,ages 15-24,24.2849011948628
Namibia,NAM,2024,Sub-Saharan Africa (excluding high income),Upper middle income,all,all,38.5722641043198
Namibia,NAM,2024,Sub-Saharan Africa (excluding high income),Upper middle income,education,prim edu or less,27.3703242350049
Namibia,NAM,2024,Sub-Saharan Africa (excluding high income),Upper middle income,education,secondary edu or more,45.4072443547488
Namibia,NAM,2024,Sub-Saharan Africa (excluding high income),Upper middle income,gender,men,38.838642135146
Namibia,NAM,2024,Sub-Saharan Africa (excluding high income),Upper middle income,gender,women,38.3223948806353
Namibia,NAM,2024,Sub-Saharan Africa (excluding high income),Upper middle income,income,poorest 40%,23.297738854167
Namibia,NAM,2024,Sub-Saharan Africa (excluding high income),Upper middle income,income,richest 60%,48.6989811331423
Namibia,NAM,2024,Sub-Saharan Africa (excluding high income),Upper middle income,laborforce,in laborforce,61.333394858762105
Namibia,NAM,2024,Sub-Saharan Africa (excluding high income),Upper middle income,laborforce,out of laborforce,20.514657981283797
Namibia,NAM,2024,Sub-Saharan Africa (excluding high income),Upper middle income,urbanicity,rural,34.557311692279704
Namibia,NAM,2024,Sub-Saharan Africa (excluding high income),Upper middle income,urbanicity,urban,54.531903186185104
Nepal,NPL,2021,South Asia (excluding high income),Lower middle income,age_cat,age 25+,
Nepal,NPL,2021,South Asia (excluding high income),Lower middle income,age_cat,ages 15-24,
Nepal,NPL,2021,South Asia (excluding high income),Lower middle income,all,all,5.41486576185851
Nepal,NPL,2021,South Asia (excluding high income),Lower middle income,education,prim edu or less,
Nepal,NPL,2021,South Asia (excluding high income),Lower middle income,education,secondary edu or more,
Nepal,NPL,2021,South Asia (excluding high income),Lower middle income,gender,men,
Nepal,NPL,2021,South Asia (excluding high income),Lower middle income,gender,women,
Nepal,NPL,2021,South Asia (excluding high income),Lower middle income,income,poorest 40%,
Nepal,NPL,2021,South Asia (excluding high income),Lower middle income,income,richest 60%,
Nepal,NPL,2021,South Asia (excluding high income),Lower middle income,laborforce,in laborforce,
Nepal,NPL,2021,South Asia (excluding high income),Lower middle income,laborforce,out of laborforce,
Nepal,NPL,2024,South Asia (excluding high income),Lower middle income,age_cat,age 25+,
Nepal,NPL,2024,South Asia (excluding high income),Lower middle income,age_cat,ages 15-24,
Nepal,NPL,2024,South Asia (excluding high income),Lower middle income,all,all,9.28656569893237
Nepal,NPL,2024,South Asia (excluding high income),Lower middle income,education,prim edu or less,
Nepal,NPL,2024,South Asia (excluding high income),Lower middle income,education,secondary edu or more,
Nepal,NPL,2024,South Asia (excluding high income),Lower middle income,gender,men,
Nepal,NPL,2024,South Asia (excluding high income),Lower middle income,gender,women,
Nepal,NPL,2024,South Asia (excluding high income),Lower middle income,income,poorest 40%,
Nepal,NPL,2024,South Asia (excluding high income),Lower middle income,income,richest 60%,
Nepal,NPL,2024,South Asia (excluding high income),Lower middle income,laborforce,in laborforce,
Nepal,NPL,2024,South Asia (excluding high income),Lower middle income,laborforce,out of laborforce,
Nepal,NPL,2024,South Asia (excluding high income),Lower middle income,urbanicity,rural,
Nepal,NPL,2024,South Asia (excluding high income),Lower middle income,urbanicity,urban,
Netherlands,NLD,2021,High income,High income,age_cat,age 25+,
Netherlands,NLD,2021,High income,High income,age_cat,ages 15-24,
Netherlands,NLD,2021,High income,High income,all,all,
Netherlands,NLD,2021,High income,High income,education,prim edu or less,
Netherlands,NLD,2021,High income,High income,education,secondary edu or more,
Netherlands,NLD,2021,High income,High income,gender,men,
Netherlands,NLD,2021,High income,High income,gender,women,
Netherlands,NLD,2021,High income,High income,income,poorest 40%,
Netherlands,NLD,2021,High income,High income,income,richest 60%,
Netherlands,NLD,2021,High income,High income,laborforce,in laborforce,
Netherlands,NLD,2021,High income,High income,laborforce,out of laborforce,
Netherlands,NLD,2024,High income,High income,age_cat,age 25+,
Netherlands,NLD,2024,High income,High income,age_cat,ages 15-24,
Netherlands,NLD,2024,High income,High income,all,all,
Netherlands,NLD,2024,High income,High income,education,prim edu or less,
Netherlands,NLD,2024,High income,High income,education,secondary edu or more,
Netherlands,NLD,2024,High income,High income,gender,men,
Netherlands,NLD,2024,High income,High income,gender,women,
Netherlands,NLD,2024,High income,High income,income,poorest 40%,
Netherlands,NLD,2024,High income,High income,income,richest 60%,
Netherlands,NLD,2024,High income,High income,laborforce,in laborforce,
Netherlands,NLD,2024,High income,High income,laborforce,out of laborforce,
Netherlands,NLD,2024,High income,High income,urbanicity,rural,
Netherlands,NLD,2024,High income,High income,urbanicity,urban,
New Zealand,NZL,2021,High income,High income,age_cat,age 25+,
New Zealand,NZL,2021,High income,High income,age_cat,ages 15-24,
New Zealand,NZL,2021,High income,High income,all,all,
New Zealand,NZL,2021,High income,High income,education,prim edu or less,
New Zealand,NZL,2021,High income,High income,education,secondary edu or more,
New Zealand,NZL,2021,High income,High income,gender,men,
New Zealand,NZL,2021,High income,High income,gender,women,
New Zealand,NZL,2021,High income,High income,income,poorest 40%,
New Zealand,NZL,2021,High income,High income,income,richest 60%,
New Zealand,NZL,2021,High income,High income,laborforce,in laborforce,
New Zealand,NZL,2021,High income,High income,laborforce,out of laborforce,
New Zealand,NZL,2024,High income,High income,age_cat,age 25+,
New Zealand,NZL,2024,High income,High income,age_cat,ages 15-24,
New Zealand,NZL,2024,High income,High income,all,all,
New Zealand,NZL,2024,High income,High income,education,prim edu or less,
New Zealand,NZL,2024,High income,High income,education,secondary edu or more,
New Zealand,NZL,2024,High income,High income,gender,men,
New Zealand,NZL,2024,High income,High income,gender,women,
New Zealand,NZL,2024,High income,High income,income,poorest 40%,
New Zealand,NZL,2024,High income,High income,income,richest 60%,
New Zealand,NZL,2024,High income,High income,laborforce,in laborforce,
New Zealand,NZL,2024,High income,High income,laborforce,out of laborforce,
New Zealand,NZL,2024,High income,High income,urbanicity,rural,
New Zealand,NZL,2024,High income,High income,urbanicity,urban,
Nicaragua,NIC,2021,Latin America & Caribbean (excluding high income),Lower middle income,age_cat,age 25+,
Nicaragua,NIC,2021,Latin America & Caribbean (excluding high income),Lower middle income,age_cat,ages 15-24,
Nicaragua,NIC,2021,Latin America & Caribbean (excluding high income),Lower middle income,all,all,6.789381136442101
Nicaragua,NIC,2021,Latin America & Caribbean (excluding high income),Lower middle income,education,prim edu or less,
Nicaragua,NIC,2021,Latin America & Caribbean (excluding high income),Lower middle income,education,secondary edu or more,
Nicaragua,NIC,2021,Latin America & Caribbean (excluding high income),Lower middle income,gender,men,
Nicaragua,NIC,2021,Latin America & Caribbean (excluding high income),Lower middle income,gender,women,
Nicaragua,NIC,2021,Latin America & Caribbean (excluding high income),Lower middle income,income,poorest 40%,
Nicaragua,NIC,2021,Latin America & Caribbean (excluding high income),Lower middle income,income,richest 60%,
Nicaragua,NIC,2021,Latin America & Caribbean (excluding high income),Lower middle income,laborforce,in laborforce,
Nicaragua,NIC,2021,Latin America & Caribbean (excluding high income),Lower middle income,laborforce,out of laborforce,
Nicaragua,NIC,2024,Latin America & Caribbean (excluding high income),Lower middle income,age_cat,age 25+,
Nicaragua,NIC,2024,Latin America & Caribbean (excluding high income),Lower middle income,age_cat,ages 15-24,
Nicaragua,NIC,2024,Latin America & Caribbean (excluding high income),Lower middle income,all,all,5.50652535696154
Nicaragua,NIC,2024,Latin America & Caribbean (excluding high income),Lower middle income,education,prim edu or less,
Nicaragua,NIC,2024,Latin America & Caribbean (excluding high income),Lower middle income,education,secondary edu or more,
Nicaragua,NIC,2024,Latin America & Caribbean (excluding high income),Lower middle income,gender,men,
Nicaragua,NIC,2024,Latin America & Caribbean (excluding high income),Lower middle income,gender,women,
Nicaragua,NIC,2024,Latin America & Caribbean (excluding high income),Lower middle income,income,poorest 40%,
Nicaragua,NIC,2024,Latin America & Caribbean (excluding high income),Lower middle income,income,richest 60%,
Nicaragua,NIC,2024,Latin America & Caribbean (excluding high income),Lower middle income,laborforce,in laborforce,
Nicaragua,NIC,2024,Latin America & Caribbean (excluding high income),Lower middle income,laborforce,out of laborforce,
Nicaragua,NIC,2024,Latin America & Caribbean (excluding high income),Lower middle income,urbanicity,rural,
Nicaragua,NIC,2024,Latin America & Caribbean (excluding high income),Lower middle income,urbanicity,urban,
Niger,NER,2024,Sub-Saharan Africa (excluding high income),Low income,age_cat,age 25+,
Niger,NER,2024,Sub-Saharan Africa (excluding high income),Low income,age_cat,ages 15-24,
Niger,NER,2024,Sub-Saharan Africa (excluding high income),Low income,all,all,2.4256928877143
Niger,NER,2024,Sub-Saharan Africa (excluding high income),Low income,education,prim edu or less,
Niger,NER,2024,Sub-Saharan Africa (excluding high income),Low income,education,secondary edu or more,
Niger,NER,2024,Sub-Saharan Africa (excluding high income),Low income,gender,men,
Niger,NER,2024,Sub-Saharan Africa (excluding high income),Low income,gender,women,
Niger,NER,2024,Sub-Saharan Africa (excluding high income),Low income,income,poorest 40%,
Niger,NER,2024,Sub-Saharan Africa (excluding high income),Low income,income,richest 60%,
Niger,NER,2024,Sub-Saharan Africa (excluding high income),Low income,laborforce,in laborforce,
Niger,NER,2024,Sub-Saharan Africa (excluding high income),Low income,laborforce,out of laborforce,
Niger,NER,2024,Sub-Saharan Africa (excluding high income),Low income,urbanicity,rural,
Niger,NER,2024,Sub-Saharan Africa (excluding high income),Low income,urbanicity,urban,
Nigeria,NGA,2021,Sub-Saharan Africa (excluding high income),Lower middle income,age_cat,age 25+,
Nigeria,NGA,2021,Sub-Saharan Africa (excluding high income),Lower middle income,age_cat,ages 15-24,
Nigeria,NGA,2021,Sub-Saharan Africa (excluding high income),Lower middle income,all,all,9.10272426820864
Nigeria,NGA,2021,Sub-Saharan Africa (excluding high income),Lower middle income,education,prim edu or less,
Nigeria,NGA,2021,Sub-Saharan Africa (excluding high income),Lower middle income,education,secondary edu or more,
Nigeria,NGA,2021,Sub-Saharan Africa (excluding high income),Lower middle income,gender,men,
Nigeria,NGA,2021,Sub-Saharan Africa (excluding high income),Lower middle income,gender,women,
Nigeria,NGA,2021,Sub-Saharan Africa (excluding high income),Lower middle income,income,poorest 40%,
Nigeria,NGA,2021,Sub-Saharan Africa (excluding high income),Lower middle income,income,richest 60%,
Nigeria,NGA,2021,Sub-Saharan Africa (excluding high income),Lower middle income,laborforce,in laborforce,
Nigeria,NGA,2021,Sub-Saharan Africa (excluding high income),Lower middle income,laborforce,out of laborforce,
Nigeria,NGA,2024,Sub-Saharan Africa (excluding high income),Lower middle income,age_cat,age 25+,32.953113356742904
Nigeria,NGA,2024,Sub-Saharan Africa (excluding high income),Lower middle income,age_cat,ages 15-24,20.1474249019328
Nigeria,NGA,2024,Sub-Saharan Africa (excluding high income),Lower middle income,all,all,28.3892823105175
Nigeria,NGA,2024,Sub-Saharan Africa (excluding high income),Lower middle income,education,prim edu or less,13.135766721519198
Nigeria,NGA,2024,Sub-Saharan Africa (excluding high income),Lower middle income,education,secondary edu or more,40.2784052466103
Nigeria,NGA,2024,Sub-Saharan Africa (excluding high income),Lower middle income,gender,men,33.8032352657205
Nigeria,NGA,2024,Sub-Saharan Africa (excluding high income),Lower middle income,gender,women,22.973254358754
Nigeria,NGA,2024,Sub-Saharan Africa (excluding high income),Lower middle income,income,poorest 40%,18.3433546049698
Nigeria,NGA,2024,Sub-Saharan Africa (excluding high income),Lower middle income,income,richest 60%,35.0891985559093
Nigeria,NGA,2024,Sub-Saharan Africa (excluding high income),Lower middle income,laborforce,in laborforce,33.897670828466495
Nigeria,NGA,2024,Sub-Saharan Africa (excluding high income),Lower middle income,laborforce,out of laborforce,13.932281860768
Nigeria,NGA,2024,Sub-Saharan Africa (excluding high income),Lower middle income,urbanicity,rural,24.178321116288302
Nigeria,NGA,2024,Sub-Saharan Africa (excluding high income),Lower middle income,urbanicity,urban,33.0843273354142
North Macedonia,MKD,2021,Europe & Central Asia (excluding high income),Upper middle income,age_cat,age 25+,45.469778370605205
North Macedonia,MKD,2021,Europe & Central Asia (excluding high income),Upper middle income,age_cat,ages 15-24,40.9595831558866
North Macedonia,MKD,2021,Europe & Central Asia (excluding high income),Upper middle income,all,all,44.8340963756064
North Macedonia,MKD,2021,Europe & Central Asia (excluding high income),Upper middle income,education,prim edu or less,18.8273102254781
North Macedonia,MKD,2021,Europe & Central Asia (excluding high income),Upper middle income,education,secondary edu or more,58.50252496956811
North Macedonia,MKD,2021,Europe & Central Asia (excluding high income),Upper middle income,gender,men,45.286511151727
North Macedonia,MKD,2021,Europe & Central Asia (excluding high income),Upper middle income,gender,women,44.376907486011305
North Macedonia,MKD,2021,Europe & Central Asia (excluding high income),Upper middle income,income,poorest 40%,28.2610847013248
North Macedonia,MKD,2021,Europe & Central Asia (excluding high income),Upper middle income,income,richest 60%,55.85052709221981
North Macedonia,MKD,2021,Europe & Central Asia (excluding high income),Upper middle income,laborforce,in laborforce,63.3959019312326
North Macedonia,MKD,2021,Europe & Central Asia (excluding high income),Upper middle income,laborforce,out of laborforce,27.9834587794482
North Macedonia,MKD,2024,Europe & Central Asia (excluding high income),Upper middle income,age_cat,age 25+,55.1237032962178
North Macedonia,MKD,2024,Europe & Central Asia (excluding high income),Upper middle income,age_cat,ages 15-24,34.9267450023168
North Macedonia,MKD,2024,Europe & Central Asia (excluding high income),Upper middle income,all,all,52.4441265937039
North Macedonia,MKD,2024,Europe & Central Asia (excluding high income),Upper middle income,education,prim edu or less,15.448868366014501
North Macedonia,MKD,2024,Europe & Central Asia (excluding high income),Upper middle income,education,secondary edu or more,71.3598143421287
North Macedonia,MKD,2024,Europe & Central Asia (excluding high income),Upper middle income,gender,men,56.7609723450412
North Macedonia,MKD,2024,Europe & Central Asia (excluding high income),Upper middle income,gender,women,48.3079373578565
North Macedonia,MKD,2024,Europe & Central Asia (excluding high income),Upper middle income,income,poorest 40%,34.050473085967795
North Macedonia,MKD,2024,Europe & Central Asia (excluding high income),Upper middle income,income,richest 60%,64.6705595878631
North Macedonia,MKD,2024,Europe & Central Asia (excluding high income),Upper middle income,laborforce,in laborforce,77.5214941768096
North Macedonia,MKD,2024,Europe & Central Asia (excluding high income),Upper middle income,laborforce,out of laborforce,30.427362909170803
North Macedonia,MKD,2024,Europe & Central Asia (excluding high income),Upper middle income,urbanicity,rural,47.280108213674495
North Macedonia,MKD,2024,Europe & Central Asia (excluding high income),Upper middle income,urbanicity,urban,59.486158116379194
Norway,NOR,2021,High income,High income,age_cat,age 25+,
Norway,NOR,2021,High income,High income,age_cat,ages 15-24,
Norway,NOR,2021,High income,High income,all,all,
Norway,NOR,2021,High income,High income,education,prim edu or less,
Norway,NOR,2021,High income,High income,education,secondary edu or more,
Norway,NOR,2021,High income,High income,gender,men,
Norway,NOR,2021,High income,High income,gender,women,
Norway,NOR,2021,High income,High income,income,poorest 40%,
Norway,NOR,2021,High income,High income,income,richest 60%,
Norway,NOR,2021,High income,High income,laborforce,in laborforce,
Norway,NOR,2021,High income,High income,laborforce,out of laborforce,
Norway,NOR,2024,High income,High income,age_cat,age 25+,
Norway,NOR,2024,High income,High income,age_cat,ages 15-24,
Norway,NOR,2024,High income,High income,all,all,
Norway,NOR,2024,High income,High income,education,prim edu or less,
Norway,NOR,2024,High income,High income,education,secondary edu or more,
Norway,NOR,2024,High income,High income,gender,men,
Norway,NOR,2024,High income,High income,gender,women,
Norway,NOR,2024,High income,High income,income,poorest 40%,
Norway,NOR,2024,High income,High income,income,richest 60%,
Norway,NOR,2024,High income,High income,laborforce,in laborforce,
Norway,NOR,2024,High income,High income,laborforce,out of laborforce,
Norway,NOR,2024,High income,High income,urbanicity,rural,
Norway,NOR,2024,High income,High income,urbanicity,urban,
Oman,OMN,2024,High income,High income,age_cat,age 25+,37.857637951927906
Oman,OMN,2024,High income,High income,age_cat,ages 15-24,46.3037912875563
Oman,OMN,2024,High income,High income,all,all,39.2823126923528
Oman,OMN,2024,High income,High income,education,prim edu or less,20.620639604514
Oman,OMN,2024,High income,High income,education,secondary edu or more,46.1545896097938
Oman,OMN,2024,High income,High income,gender,men,36.6049604070081
Oman,OMN,2024,High income,High income,gender,women,44.884629411023504
Oman,OMN,2024,High income,High income,income,poorest 40%,32.9673939574161
Oman,OMN,2024,High income,High income,income,richest 60%,43.4912625853738
Oman,OMN,2024,High income,High income,laborforce,in laborforce,40.300151848712
Oman,OMN,2024,High income,High income,laborforce,out of laborforce,37.9563997372512
Oman,OMN,2024,High income,High income,urbanicity,rural,43.0886790751476
Oman,OMN,2024,High income,High income,urbanicity,urban,35.614488234541305
Pakistan,PAK,2021,South Asia (excluding high income),Lower middle income,age_cat,age 25+,
Pakistan,PAK,2021,South Asia (excluding high income),Lower middle income,age_cat,ages 15-24,
Pakistan,PAK,2021,South Asia (excluding high income),Lower middle income,all,all,1.0740155465102101
Pakistan,PAK,2021,South Asia (excluding high income),Lower middle income,education,prim edu or less,
Pakistan,PAK,2021,South Asia (excluding high income),Lower middle income,education,secondary edu or more,
Pakistan,PAK,2021,South Asia (excluding high income),Lower middle income,gender,men,
Pakistan,PAK,2021,South Asia (excluding high income),Lower middle income,gender,women,
Pakistan,PAK,2021,South Asia (excluding high income),Lower middle income,income,poorest 40%,
Pakistan,PAK,2021,South Asia (excluding high income),Lower middle income,income,richest 60%,
Pakistan,PAK,2021,South Asia (excluding high income),Lower middle income,laborforce,in laborforce,
Pakistan,PAK,2021,South Asia (excluding high income),Lower middle income,laborforce,out of laborforce,
Pakistan,PAK,2024,South Asia (excluding high income),Lower middle income,age_cat,age 25+,
Pakistan,PAK,2024,South Asia (excluding high income),Lower middle income,age_cat,ages 15-24,
Pakistan,PAK,2024,South Asia (excluding high income),Lower middle income,all,all,4.26709818154803
Pakistan,PAK,2024,South Asia (excluding high income),Lower middle income,education,prim edu or less,
Pakistan,PAK,2024,South Asia (excluding high income),Lower middle income,education,secondary edu or more,
Pakistan,PAK,2024,South Asia (excluding high income),Lower middle income,gender,men,
Pakistan,PAK,2024,South Asia (excluding high income),Lower middle income,gender,women,
Pakistan,PAK,2024,South Asia (excluding high income),Lower middle income,income,poorest 40%,
Pakistan,PAK,2024,South Asia (excluding high income),Lower middle income,income,richest 60%,
Pakistan,PAK,2024,South Asia (excluding high income),Lower middle income,laborforce,in laborforce,
Pakistan,PAK,2024,South Asia (excluding high income),Lower middle income,laborforce,out of laborforce,
Pakistan,PAK,2024,South Asia (excluding high income),Lower middle income,urbanicity,rural,
Pakistan,PAK,2024,South Asia (excluding high income),Lower middle income,urbanicity,urban,
Panama,PAN,2021,High income,High income,age_cat,age 25+,
Panama,PAN,2021,High income,High income,age_cat,ages 15-24,
Panama,PAN,2021,High income,High income,all,all,
Panama,PAN,2021,High income,High income,education,prim edu or less,
Panama,PAN,2021,High income,High income,education,secondary edu or more,
Panama,PAN,2021,High income,High income,gender,men,
Panama,PAN,2021,High income,High income,gender,women,
Panama,PAN,2021,High income,High income,income,poorest 40%,
Panama,PAN,2021,High income,High income,income,richest 60%,
Panama,PAN,2021,High income,High income,laborforce,in laborforce,
Panama,PAN,2021,High income,High income,laborforce,out of laborforce,
Panama,PAN,2024,High income,High income,age_cat,age 25+,36.6043833826175
Panama,PAN,2024,High income,High income,age_cat,ages 15-24,34.8948596108878
Panama,PAN,2024,High income,High income,all,all,36.2395047540801
Panama,PAN,2024,High income,High income,education,prim edu or less,8.616738622479241
Panama,PAN,2024,High income,High income,education,secondary edu or more,44.2053193892244
Panama,PAN,2024,High income,High income,gender,men,37.5952415274762
Panama,PAN,2024,High income,High income,gender,women,34.9526370152945
Panama,PAN,2024,High income,High income,income,poorest 40%,15.748470166461601
Panama,PAN,2024,High income,High income,income,richest 60%,49.9126064182481
Panama,PAN,2024,High income,High income,laborforce,in laborforce,45.1207060928143
Panama,PAN,2024,High income,High income,laborforce,out of laborforce,22.913463545451503
Panama,PAN,2024,High income,High income,urbanicity,rural,25.9765836042864
Panama,PAN,2024,High income,High income,urbanicity,urban,48.4348499883411
Paraguay,PRY,2021,Latin America & Caribbean (excluding high income),Upper middle income,age_cat,age 25+,
Paraguay,PRY,2021,Latin America & Caribbean (excluding high income),Upper middle income,age_cat,ages 15-24,
Paraguay,PRY,2021,Latin America & Caribbean (excluding high income),Upper middle income,all,all,9.99398920358336
Paraguay,PRY,2021,Latin America & Caribbean (excluding high income),Upper middle income,education,prim edu or less,
Paraguay,PRY,2021,Latin America & Caribbean (excluding high income),Upper middle income,education,secondary edu or more,
Paraguay,PRY,2021,Latin America & Caribbean (excluding high income),Upper middle income,gender,men,
Paraguay,PRY,2021,Latin America & Caribbean (excluding high income),Upper middle income,gender,women,
Paraguay,PRY,2021,Latin America & Caribbean (excluding high income),Upper middle income,income,poorest 40%,
Paraguay,PRY,2021,Latin America & Caribbean (excluding high income),Upper middle income,income,richest 60%,
Paraguay,PRY,2021,Latin America & Caribbean (excluding high income),Upper middle income,laborforce,in laborforce,
Paraguay,PRY,2021,Latin America & Caribbean (excluding high income),Upper middle income,laborforce,out of laborforce,
Paraguay,PRY,2024,Latin America & Caribbean (excluding high income),Upper middle income,age_cat,age 25+,26.0716442095555
Paraguay,PRY,2024,Latin America & Caribbean (excluding high income),Upper middle income,age_cat,ages 15-24,25.5962122950517
Paraguay,PRY,2024,Latin America & Caribbean (excluding high income),Upper middle income,all,all,25.9603518868938
Paraguay,PRY,2024,Latin America & Caribbean (excluding high income),Upper middle income,education,prim edu or less,8.37057113237189
Paraguay,PRY,2024,Latin America & Caribbean (excluding high income),Upper middle income,education,secondary edu or more,37.5741497624953
Paraguay,PRY,2024,Latin America & Caribbean (excluding high income),Upper middle income,gender,men,27.0241044881953
Paraguay,PRY,2024,Latin America & Caribbean (excluding high income),Upper middle income,gender,women,24.9511933213373
Paraguay,PRY,2024,Latin America & Caribbean (excluding high income),Upper middle income,income,poorest 40%,13.6948923406755
Paraguay,PRY,2024,Latin America & Caribbean (excluding high income),Upper middle income,income,richest 60%,34.1291066805805
Paraguay,PRY,2024,Latin America & Caribbean (excluding high income),Upper middle income,laborforce,in laborforce,31.0195496882383
Paraguay,PRY,2024,Latin America & Caribbean (excluding high income),Upper middle income,laborforce,out of laborforce,14.970147365072
Paraguay,PRY,2024,Latin America & Caribbean (excluding high income),Upper middle income,urbanicity,rural,21.841300344547403
Paraguay,PRY,2024,Latin America & Caribbean (excluding high income),Upper middle income,urbanicity,urban,31.9917771284497
Peru,PER,2021,Latin America & Caribbean (excluding high income),Upper middle income,age_cat,age 25+,20.8198219110132
Peru,PER,2021,Latin America & Caribbean (excluding high income),Upper middle income,age_cat,ages 15-24,25.0504438545172
Peru,PER,2021,Latin America & Caribbean (excluding high income),Upper middle income,all,all,21.8163904803478
Peru,PER,2021,Latin America & Caribbean (excluding high income),Upper middle income,education,prim edu or less,4.15505759942784
Peru,PER,2021,Latin America & Caribbean (excluding high income),Upper middle income,education,secondary edu or more,26.219379754408003
Peru,PER,2021,Latin America & Caribbean (excluding high income),Upper middle income,gender,men,26.2290114794631
Peru,PER,2021,Latin America & Caribbean (excluding high income),Upper middle income,gender,women,17.730211678776
Peru,PER,2021,Latin America & Caribbean (excluding high income),Upper middle income,income,poorest 40%,8.882720376974019
Peru,PER,2021,Latin America & Caribbean (excluding high income),Upper middle income,income,richest 60%,30.3580960233394
Peru,PER,2021,Latin America & Caribbean (excluding high income),Upper middle income,laborforce,in laborforce,27.7223154499399
Peru,PER,2021,Latin America & Caribbean (excluding high income),Upper middle income,laborforce,out of laborforce,9.95961989958856
Peru,PER,2024,Latin America & Caribbean (excluding high income),Upper middle income,age_cat,age 25+,30.8523597285843
Peru,PER,2024,Latin America & Caribbean (excluding high income),Upper middle income,age_cat,ages 15-24,39.7491616071402
Peru,PER,2024,Latin America & Caribbean (excluding high income),Upper middle income,all,all,32.7198227759096
Peru,PER,2024,Latin America & Caribbean (excluding high income),Upper middle income,education,prim edu or less,7.89291916753852
Peru,PER,2024,Latin America & Caribbean (excluding high income),Upper middle income,education,secondary edu or more,38.6717921152882
Peru,PER,2024,Latin America & Caribbean (excluding high income),Upper middle income,gender,men,37.540197588853005
Peru,PER,2024,Latin America & Caribbean (excluding high income),Upper middle income,gender,women,27.955811550507896
Peru,PER,2024,Latin America & Caribbean (excluding high income),Upper middle income,income,poorest 40%,15.6972706692184
Peru,PER,2024,Latin America & Caribbean (excluding high income),Upper middle income,income,richest 60%,44.0187594067311
Peru,PER,2024,Latin America & Caribbean (excluding high income),Upper middle income,laborforce,in laborforce,39.572693604204
Peru,PER,2024,Latin America & Caribbean (excluding high income),Upper middle income,laborforce,out of laborforce,16.8483816457645
Peru,PER,2024,Latin America & Caribbean (excluding high income),Upper middle income,urbanicity,rural,24.6192557373782
Peru,PER,2024,Latin America & Caribbean (excluding high income),Upper middle income,urbanicity,urban,39.419010088307
Philippines,PHL,2021,East Asia & Pacific (excluding high income),Lower middle income,age_cat,age 25+,20.2616983085409
Philippines,PHL,2021,East Asia & Pacific (excluding high income),Lower middle income,age_cat,ages 15-24,13.9245713834671
Philippines,PHL,2021,East Asia & Pacific (excluding high income),Lower middle income,all,all,18.4813064410323
Philippines,PHL,2021,East Asia & Pacific (excluding high income),Lower middle income,education,prim edu or less,7.44446033680889
Philippines,PHL,2021,East Asia & Pacific (excluding high income),Lower middle income,education,secondary edu or more,24.2975157907248
Philippines,PHL,2021,East Asia & Pacific (excluding high income),Lower middle income,gender,men,23.6128076378316
Philippines,PHL,2021,East Asia & Pacific (excluding high income),Lower middle income,gender,women,13.6769924143461
Philippines,PHL,2021,East Asia & Pacific (excluding high income),Lower middle income,income,poorest 40%,6.452223648729779
Philippines,PHL,2021,East Asia & Pacific (excluding high income),Lower middle income,income,richest 60%,26.387484566438502
Philippines,PHL,2021,East Asia & Pacific (excluding high income),Lower middle income,laborforce,in laborforce,22.0276340456019
Philippines,PHL,2021,East Asia & Pacific (excluding high income),Lower middle income,laborforce,out of laborforce,12.812470318251002
Philippines,PHL,2024,East Asia & Pacific (excluding high income),Lower middle income,age_cat,age 25+,10.809965517295
Philippines,PHL,2024,East Asia & Pacific (excluding high income),Lower middle income,age_cat,ages 15-24,19.807807632093
Philippines,PHL,2024,East Asia & Pacific (excluding high income),Lower middle income,all,all,13.4216483675958
Philippines,PHL,2024,East Asia & Pacific (excluding high income),Lower middle income,education,prim edu or less,1.55353259846428
Philippines,PHL,2024,East Asia & Pacific (excluding high income),Lower middle income,education,secondary edu or more,18.9546534732544
Philippines,PHL,2024,East Asia & Pacific (excluding high income),Lower middle income,gender,men,11.778477959091
Philippines,PHL,2024,East Asia & Pacific (excluding high income),Lower middle income,gender,women,15.0139972547144
Philippines,PHL,2024,East Asia & Pacific (excluding high income),Lower middle income,income,poorest 40%,2.14232582797498
Philippines,PHL,2024,East Asia & Pacific (excluding high income),Lower middle income,income,richest 60%,20.946551055149502
Philippines,PHL,2024,East Asia & Pacific (excluding high income),Lower middle income,laborforce,in laborforce,14.6867035882194
Philippines,PHL,2024,East Asia & Pacific (excluding high income),Lower middle income,laborforce,out of laborforce,11.5395140860151
Philippines,PHL,2024,East Asia & Pacific (excluding high income),Lower middle income,urbanicity,rural,9.70660091004811
Philippines,PHL,2024,East Asia & Pacific (excluding high income),Lower middle income,urbanicity,urban,19.791263912108402
Poland,POL,2021,High income,High income,age_cat,age 25+,
Poland,POL,2021,High income,High income,age_cat,ages 15-24,
Poland,POL,2021,High income,High income,all,all,
Poland,POL,2021,High income,High income,education,prim edu or less,
Poland,POL,2021,High income,High income,education,secondary edu or more,
Poland,POL,2021,High income,High income,gender,men,
Poland,POL,2021,High income,High income,gender,women,
Poland,POL,2021,High income,High income,income,poorest 40%,
Poland,POL,2021,High income,High income,income,richest 60%,
Poland,POL,2021,High income,High income,laborforce,in laborforce,
Poland,POL,2021,High income,High income,laborforce,out of laborforce,
Poland,POL,2024,High income,High income,age_cat,age 25+,78.69826502118
Poland,POL,2024,High income,High income,age_cat,ages 15-24,73.6306261910361
Poland,POL,2024,High income,High income,all,all,78.0862584247596
Poland,POL,2024,High income,High income,education,prim edu or less,37.3271004211211
Poland,POL,2024,High income,High income,education,secondary edu or more,85.1835318192208
Poland,POL,2024,High income,High income,gender,men,77.5754453206183
Poland,POL,2024,High income,High income,gender,women,78.55030125696591
Poland,POL,2024,High income,High income,income,poorest 40%,71.9299014105886
Poland,POL,2024,High income,High income,income,richest 60%,82.1797949670392
Poland,POL,2024,High income,High income,laborforce,in laborforce,94.46559587683629
Poland,POL,2024,High income,High income,laborforce,out of laborforce,52.66726214419341
Poland,POL,2024,High income,High income,urbanicity,rural,77.0351342630744
Poland,POL,2024,High income,High income,urbanicity,urban,80.6946309063181
Portugal,PRT,2021,High income,High income,age_cat,age 25+,
Portugal,PRT,2021,High income,High income,age_cat,ages 15-24,
Portugal,PRT,2021,High income,High income,all,all,
Portugal,PRT,2021,High income,High income,education,prim edu or less,
Portugal,PRT,2021,High income,High income,education,secondary edu or more,
Portugal,PRT,2021,High income,High income,gender,men,
Portugal,PRT,2021,High income,High income,gender,women,
Portugal,PRT,2021,High income,High income,income,poorest 40%,
Portugal,PRT,2021,High income,High income,income,richest 60%,
Portugal,PRT,2021,High income,High income,laborforce,in laborforce,
Portugal,PRT,2021,High income,High income,laborforce,out of laborforce,
Portugal,PRT,2024,High income,High income,age_cat,age 25+,
Portugal,PRT,2024,High income,High income,age_cat,ages 15-24,
Portugal,PRT,2024,High income,High income,all,all,
Portugal,PRT,2024,High income,High income,education,prim edu or less,
Portugal,PRT,2024,High income,High income,education,secondary edu or more,
Portugal,PRT,2024,High income,High income,gender,men,
Portugal,PRT,2024,High income,High income,gender,women,
Portugal,PRT,2024,High income,High income,income,poorest 40%,
Portugal,PRT,2024,High income,High income,income,richest 60%,
Portugal,PRT,2024,High income,High income,laborforce,in laborforce,
Portugal,PRT,2024,High income,High income,laborforce,out of laborforce,
Portugal,PRT,2024,High income,High income,urbanicity,rural,
Portugal,PRT,2024,High income,High income,urbanicity,urban,
Romania,ROU,2021,High income,High income,age_cat,age 25+,
Romania,ROU,2021,High income,High income,age_cat,ages 15-24,
Romania,ROU,2021,High income,High income,all,all,
Romania,ROU,2021,High income,High income,education,prim edu or less,
Romania,ROU,2021,High income,High income,education,secondary edu or more,
Romania,ROU,2021,High income,High income,gender,men,
Romania,ROU,2021,High income,High income,gender,women,
Romania,ROU,2021,High income,High income,income,poorest 40%,
Romania,ROU,2021,High income,High income,income,richest 60%,
Romania,ROU,2021,High income,High income,laborforce,in laborforce,
Romania,ROU,2021,High income,High income,laborforce,out of laborforce,
Romania,ROU,2024,High income,High income,age_cat,age 25+,47.1008380055008
Romania,ROU,2024,High income,High income,age_cat,ages 15-24,73.8549965240514
Romania,ROU,2024,High income,High income,all,all,50.184484131622
Romania,ROU,2024,High income,High income,education,prim edu or less,20.1428074807908
Romania,ROU,2024,High income,High income,education,secondary edu or more,59.0424365227601
Romania,ROU,2024,High income,High income,gender,men,51.8548453392786
Romania,ROU,2024,High income,High income,gender,women,48.6424159904479
Romania,ROU,2024,High income,High income,income,poorest 40%,31.0919647665497
Romania,ROU,2024,High income,High income,income,richest 60%,62.920273180125996
Romania,ROU,2024,High income,High income,laborforce,in laborforce,65.0895964298537
Romania,ROU,2024,High income,High income,laborforce,out of laborforce,36.7801651508434
Romania,ROU,2024,High income,High income,urbanicity,rural,42.7166630784084
Romania,ROU,2024,High income,High income,urbanicity,urban,66.57837553155031
Russian Federation,RUS,2021,Europe & Central Asia (excluding high income),Upper middle income,age_cat,age 25+,68.1761646675527
Russian Federation,RUS,2021,Europe & Central Asia (excluding high income),Upper middle income,age_cat,ages 15-24,86.5324411813175
Russian Federation,RUS,2021,Europe & Central Asia (excluding high income),Upper middle income,all,all,71.04699248496959
Russian Federation,RUS,2021,Europe & Central Asia (excluding high income),Upper middle income,education,prim edu or less,57.8450320478528
Russian Federation,RUS,2021,Europe & Central Asia (excluding high income),Upper middle income,education,secondary edu or more,72.46508628667941
Russian Federation,RUS,2021,Europe & Central Asia (excluding high income),Upper middle income,gender,men,73.34133294389919
Russian Federation,RUS,2021,Europe & Central Asia (excluding high income),Upper middle income,gender,women,69.0954896952244
Russian Federation,RUS,2021,Europe & Central Asia (excluding high income),Upper middle income,income,poorest 40%,61.8830710552089
Russian Federation,RUS,2021,Europe & Central Asia (excluding high income),Upper middle income,income,richest 60%,77.1460949010343
Russian Federation,RUS,2021,Europe & Central Asia (excluding high income),Upper middle income,laborforce,in laborforce,76.826117395294
Russian Federation,RUS,2021,Europe & Central Asia (excluding high income),Upper middle income,laborforce,out of laborforce,63.156093321109495
Russian Federation,RUS,2024,Europe & Central Asia (excluding high income),Upper middle income,age_cat,age 25+,
Russian Federation,RUS,2024,Europe & Central Asia (excluding high income),Upper middle income,age_cat,ages 15-24,
Russian Federation,RUS,2024,Europe & Central Asia (excluding high income),Upper middle income,all,all,
Russian Federation,RUS,2024,Europe & Central Asia (excluding high income),Upper middle income,education,prim edu or less,
Russian Federation,RUS,2024,Europe & Central Asia (excluding high income),Upper middle income,education,secondary edu or more,
Russian Federation,RUS,2024,Europe & Central Asia (excluding high income),Upper middle income,gender,men,
Russian Federation,RUS,2024,Europe & Central Asia (excluding high income),Upper middle income,gender,women,
Russian Federation,RUS,2024,Europe & Central Asia (excluding high income),Upper middle income,income,poorest 40%,
Russian Federation,RUS,2024,Europe & Central Asia (excluding high income),Upper middle income,income,richest 60%,
Russian Federation,RUS,2024,Europe & Central Asia (excluding high income),Upper middle income,laborforce,in laborforce,
Russian Federation,RUS,2024,Europe & Central Asia (excluding high income),Upper middle income,laborforce,out of laborforce,
Russian Federation,RUS,2024,Europe & Central Asia (excluding high income),Upper middle income,urbanicity,rural,
Russian Federation,RUS,2024,Europe & Central Asia (excluding high income),Upper middle income,urbanicity,urban,
Saudi Arabia,SAU,2021,High income,High income,age_cat,age 25+,
Saudi Arabia,SAU,2021,High income,High income,age_cat,ages 15-24,
Saudi Arabia,SAU,2021,High income,High income,all,all,
Saudi Arabia,SAU,2021,High income,High income,education,prim edu or less,
Saudi Arabia,SAU,2021,High income,High income,education,secondary edu or more,
Saudi Arabia,SAU,2021,High income,High income,gender,men,
Saudi Arabia,SAU,2021,High income,High income,gender,women,
Saudi Arabia,SAU,2021,High income,High income,income,poorest 40%,
Saudi Arabia,SAU,2021,High income,High income,income,richest 60%,
Saudi Arabia,SAU,2021,High income,High income,laborforce,in laborforce,
Saudi Arabia,SAU,2021,High income,High income,laborforce,out of laborforce,
Saudi Arabia,SAU,2024,High income,High income,age_cat,age 25+,66.70494687045
Saudi Arabia,SAU,2024,High income,High income,age_cat,ages 15-24,53.922365841868306
Saudi Arabia,SAU,2024,High income,High income,all,all,64.1603226021606
Saudi Arabia,SAU,2024,High income,High income,education,prim edu or less,34.5432271974809
Saudi Arabia,SAU,2024,High income,High income,education,secondary edu or more,65.3138369317637
Saudi Arabia,SAU,2024,High income,High income,gender,men,66.8630039154468
Saudi Arabia,SAU,2024,High income,High income,gender,women,59.268408078946
Saudi Arabia,SAU,2024,High income,High income,income,poorest 40%,57.1637489669115
Saudi Arabia,SAU,2024,High income,High income,income,richest 60%,68.8344952883176
Saudi Arabia,SAU,2024,High income,High income,laborforce,in laborforce,71.0353349522221
Saudi Arabia,SAU,2024,High income,High income,laborforce,out of laborforce,48.0614111049949
Saudi Arabia,SAU,2024,High income,High income,urbanicity,rural,60.1988242691315
Saudi Arabia,SAU,2024,High income,High income,urbanicity,urban,64.6342996218926
Senegal,SEN,2021,Sub-Saharan Africa (excluding high income),Lower middle income,age_cat,age 25+,11.2522501561398
Senegal,SEN,2021,Sub-Saharan Africa (excluding high income),Lower middle income,age_cat,ages 15-24,12.2858319660411
Senegal,SEN,2021,Sub-Saharan Africa (excluding high income),Lower middle income,all,all,11.602634496252
Senegal,SEN,2021,Sub-Saharan Africa (excluding high income),Lower middle income,education,prim edu or less,9.11405181052404
Senegal,SEN,2021,Sub-Saharan Africa (excluding high income),Lower middle income,education,secondary edu or more,19.4690298735466
Senegal,SEN,2021,Sub-Saharan Africa (excluding high income),Lower middle income,gender,men,13.3245655852191
Senegal,SEN,2021,Sub-Saharan Africa (excluding high income),Lower middle income,gender,women,10.0631851970582
Senegal,SEN,2021,Sub-Saharan Africa (excluding high income),Lower middle income,income,poorest 40%,8.9928668431541
Senegal,SEN,2021,Sub-Saharan Africa (excluding high income),Lower middle income,income,richest 60%,13.3356056434509
Senegal,SEN,2021,Sub-Saharan Africa (excluding high income),Lower middle income,laborforce,in laborforce,14.840255160437
Senegal,SEN,2021,Sub-Saharan Africa (excluding high income),Lower middle income,laborforce,out of laborforce,7.83190847432484
Senegal,SEN,2024,Sub-Saharan Africa (excluding high income),Lower middle income,age_cat,age 25+,39.104570120543706
Senegal,SEN,2024,Sub-Saharan Africa (excluding high income),Lower middle income,age_cat,ages 15-24,32.5307438461411
Senegal,SEN,2024,Sub-Saharan Africa (excluding high income),Lower middle income,all,all,36.9725330533568
Senegal,SEN,2024,Sub-Saharan Africa (excluding high income),Lower middle income,education,prim edu or less,30.1382468598704
Senegal,SEN,2024,Sub-Saharan Africa (excluding high income),Lower middle income,education,secondary edu or more,54.790834963841895
Senegal,SEN,2024,Sub-Saharan Africa (excluding high income),Lower middle income,gender,men,40.9431300620067
Senegal,SEN,2024,Sub-Saharan Africa (excluding high income),Lower middle income,gender,women,33.360448038023
Senegal,SEN,2024,Sub-Saharan Africa (excluding high income),Lower middle income,income,poorest 40%,31.0398031415861
Senegal,SEN,2024,Sub-Saharan Africa (excluding high income),Lower middle income,income,richest 60%,40.9263377978873
Senegal,SEN,2024,Sub-Saharan Africa (excluding high income),Lower middle income,laborforce,in laborforce,42.1798527310303
Senegal,SEN,2024,Sub-Saharan Africa (excluding high income),Lower middle income,laborforce,out of laborforce,20.852359753981702
Senegal,SEN,2024,Sub-Saharan Africa (excluding high income),Lower middle income,urbanicity,rural,24.8235291387467
Senegal,SEN,2024,Sub-Saharan Africa (excluding high income),Lower middle income,urbanicity,urban,50.16624242234799
Serbia,SRB,2021,Europe & Central Asia (excluding high income),Upper middle income,age_cat,age 25+,45.2715420380724
Serbia,SRB,2021,Europe & Central Asia (excluding high income),Upper middle income,age_cat,ages 15-24,46.452350606257895
Serbia,SRB,2021,Europe & Central Asia (excluding high income),Upper middle income,all,all,45.41332643983
Serbia,SRB,2021,Europe & Central Asia (excluding high income),Upper middle income,education,prim edu or less,11.2710538615281
Serbia,SRB,2021,Europe & Central Asia (excluding high income),Upper middle income,education,secondary edu or more,62.3956185136339
Serbia,SRB,2021,Europe & Central Asia (excluding high income),Upper middle income,gender,men,51.9987943184354
Serbia,SRB,2021,Europe & Central Asia (excluding high income),Upper middle income,gender,women,38.9990055936973
Serbia,SRB,2021,Europe & Central Asia (excluding high income),Upper middle income,income,poorest 40%,27.182131979483298
Serbia,SRB,2021,Europe & Central Asia (excluding high income),Upper middle income,income,richest 60%,57.564185700905
Serbia,SRB,2021,Europe & Central Asia (excluding high income),Upper middle income,laborforce,in laborforce,64.3415902465152
Serbia,SRB,2021,Europe & Central Asia (excluding high income),Upper middle income,laborforce,out of laborforce,26.696801391561497
Serbia,SRB,2024,Europe & Central Asia (excluding high income),Upper middle income,age_cat,age 25+,58.5552815320347
Serbia,SRB,2024,Europe & Central Asia (excluding high income),Upper middle income,age_cat,ages 15-24,22.1830196549247
Serbia,SRB,2024,Europe & Central Asia (excluding high income),Upper middle income,all,all,53.780011821930394
Serbia,SRB,2024,Europe & Central Asia (excluding high income),Upper middle income,education,prim edu or less,10.9852575389615
Serbia,SRB,2024,Europe & Central Asia (excluding high income),Upper middle income,education,secondary edu or more,66.8686506034916
Serbia,SRB,2024,Europe & Central Asia (excluding high income),Upper middle income,gender,men,56.3948577312689
Serbia,SRB,2024,Europe & Central Asia (excluding high income),Upper middle income,gender,women,51.3913477993171
Serbia,SRB,2024,Europe & Central Asia (excluding high income),Upper middle income,income,poorest 40%,36.7954997539113
Serbia,SRB,2024,Europe & Central Asia (excluding high income),Upper middle income,income,richest 60%,65.0734815082149
Serbia,SRB,2024,Europe & Central Asia (excluding high income),Upper middle income,laborforce,in laborforce,78.54625009952821
Serbia,SRB,2024,Europe & Central Asia (excluding high income),Upper middle income,laborforce,out of laborforce,24.634457578728
Serbia,SRB,2024,Europe & Central Asia (excluding high income),Upper middle income,urbanicity,rural,48.8730336892107
Serbia,SRB,2024,Europe & Central Asia (excluding high income),Upper middle income,urbanicity,urban,61.342130714290796
Sierra Leone,SLE,2021,Sub-Saharan Africa (excluding high income),Low income,age_cat,age 25+,
Sierra Leone,SLE,2021,Sub-Saharan Africa (excluding high income),Low income,age_cat,ages 15-24,
Sierra Leone,SLE,2021,Sub-Saharan Africa (excluding high income),Low income,all,all,3.2731050261056405
Sierra Leone,SLE,2021,Sub-Saharan Africa (excluding high income),Low income,education,prim edu or less,
Sierra Leone,SLE,2021,Sub-Saharan Africa (excluding high income),Low income,education,secondary edu or more,
Sierra Leone,SLE,2021,Sub-Saharan Africa (excluding high income),Low income,gender,men,
Sierra Leone,SLE,2021,Sub-Saharan Africa (excluding high income),Low income,gender,women,
Sierra Leone,SLE,2021,Sub-Saharan Africa (excluding high income),Low income,income,poorest 40%,
Sierra Leone,SLE,2021,Sub-Saharan Africa (excluding high income),Low income,income,richest 60%,
Sierra Leone,SLE,2021,Sub-Saharan Africa (excluding high income),Low income,laborforce,in laborforce,
Sierra Leone,SLE,2021,Sub-Saharan Africa (excluding high income),Low income,laborforce,out of laborforce,
Sierra Leone,SLE,2024,Sub-Saharan Africa (excluding high income),Low income,age_cat,age 25+,
Sierra Leone,SLE,2024,Sub-Saharan Africa (excluding high income),Low income,age_cat,ages 15-24,
Sierra Leone,SLE,2024,Sub-Saharan Africa (excluding high income),Low income,all,all,5.22927130109357
Sierra Leone,SLE,2024,Sub-Saharan Africa (excluding high income),Low income,education,prim edu or less,
Sierra Leone,SLE,2024,Sub-Saharan Africa (excluding high income),Low income,education,secondary edu or more,
Sierra Leone,SLE,2024,Sub-Saharan Africa (excluding high income),Low income,gender,men,
Sierra Leone,SLE,2024,Sub-Saharan Africa (excluding high income),Low income,gender,women,
Sierra Leone,SLE,2024,Sub-Saharan Africa (excluding high income),Low income,income,poorest 40%,
Sierra Leone,SLE,2024,Sub-Saharan Africa (excluding high income),Low income,income,richest 60%,
Sierra Leone,SLE,2024,Sub-Saharan Africa (excluding high income),Low income,laborforce,in laborforce,
Sierra Leone,SLE,2024,Sub-Saharan Africa (excluding high income),Low income,laborforce,out of laborforce,
Sierra Leone,SLE,2024,Sub-Saharan Africa (excluding high income),Low income,urbanicity,rural,
Sierra Leone,SLE,2024,Sub-Saharan Africa (excluding high income),Low income,urbanicity,urban,
Singapore,SGP,2021,High income,High income,age_cat,age 25+,
Singapore,SGP,2021,High income,High income,age_cat,ages 15-24,
Singapore,SGP,2021,High income,High income,all,all,
Singapore,SGP,2021,High income,High income,education,prim edu or less,
Singapore,SGP,2021,High income,High income,education,secondary edu or more,
Singapore,SGP,2021,High income,High income,gender,men,
Singapore,SGP,2021,High income,High income,gender,women,
Singapore,SGP,2021,High income,High income,income,poorest 40%,
Singapore,SGP,2021,High income,High income,income,richest 60%,
Singapore,SGP,2021,High income,High income,laborforce,in laborforce,
Singapore,SGP,2021,High income,High income,laborforce,out of laborforce,
Singapore,SGP,2024,High income,High income,age_cat,age 25+,
Singapore,SGP,2024,High income,High income,age_cat,ages 15-24,
Singapore,SGP,2024,High income,High income,all,all,
Singapore,SGP,2024,High income,High income,education,prim edu or less,
Singapore,SGP,2024,High income,High income,education,secondary edu or more,
Singapore,SGP,2024,High income,High income,gender,men,
Singapore,SGP,2024,High income,High income,gender,women,
Singapore,SGP,2024,High income,High income,income,poorest 40%,
Singapore,SGP,2024,High income,High income,income,richest 60%,
Singapore,SGP,2024,High income,High income,laborforce,in laborforce,
Singapore,SGP,2024,High income,High income,laborforce,out of laborforce,
Singapore,SGP,2024,High income,High income,urbanicity,urban,
Slovak Republic,SVK,2021,High income,High income,age_cat,age 25+,
Slovak Republic,SVK,2021,High income,High income,age_cat,ages 15-24,
Slovak Republic,SVK,2021,High income,High income,all,all,
Slovak Republic,SVK,2021,High income,High income,education,prim edu or less,
Slovak Republic,SVK,2021,High income,High income,education,secondary edu or more,
Slovak Republic,SVK,2021,High income,High income,gender,men,
Slovak Republic,SVK,2021,High income,High income,gender,women,
Slovak Republic,SVK,2021,High income,High income,income,poorest 40%,
Slovak Republic,SVK,2021,High income,High income,income,richest 60%,
Slovak Republic,SVK,2021,High income,High income,laborforce,in laborforce,
Slovak Republic,SVK,2021,High income,High income,laborforce,out of laborforce,
Slovak Republic,SVK,2024,High income,High income,age_cat,age 25+,
Slovak Republic,SVK,2024,High income,High income,age_cat,ages 15-24,
Slovak Republic,SVK,2024,High income,High income,all,all,
Slovak Republic,SVK,2024,High income,High income,education,prim edu or less,
Slovak Republic,SVK,2024,High income,High income,education,secondary edu or more,
Slovak Republic,SVK,2024,High income,High income,gender,men,
Slovak Republic,SVK,2024,High income,High income,gender,women,
Slovak Republic,SVK,2024,High income,High income,income,poorest 40%,
Slovak Republic,SVK,2024,High income,High income,income,richest 60%,
Slovak Republic,SVK,2024,High income,High income,laborforce,in laborforce,
Slovak Republic,SVK,2024,High income,High income,laborforce,out of laborforce,
Slovak Republic,SVK,2024,High income,High income,urbanicity,rural,
Slovak Republic,SVK,2024,High income,High income,urbanicity,urban,
Slovenia,SVN,2021,High income,High income,age_cat,age 25+,
Slovenia,SVN,2021,High income,High income,age_cat,ages 15-24,
Slovenia,SVN,2021,High income,High income,all,all,
Slovenia,SVN,2021,High income,High income,education,prim edu or less,
Slovenia,SVN,2021,High income,High income,education,secondary edu or more,
Slovenia,SVN,2021,High income,High income,gender,men,
Slovenia,SVN,2021,High income,High income,gender,women,
Slovenia,SVN,2021,High income,High income,income,poorest 40%,
Slovenia,SVN,2021,High income,High income,income,richest 60%,
Slovenia,SVN,2021,High income,High income,laborforce,in laborforce,
Slovenia,SVN,2021,High income,High income,laborforce,out of laborforce,
Slovenia,SVN,2024,High income,High income,age_cat,age 25+,
Slovenia,SVN,2024,High income,High income,age_cat,ages 15-24,
Slovenia,SVN,2024,High income,High income,all,all,
Slovenia,SVN,2024,High income,High income,education,prim edu or less,
Slovenia,SVN,2024,High income,High income,education,secondary edu or more,
Slovenia,SVN,2024,High income,High income,gender,men,
Slovenia,SVN,2024,High income,High income,gender,women,
Slovenia,SVN,2024,High income,High income,income,poorest 40%,
Slovenia,SVN,2024,High income,High income,income,richest 60%,
Slovenia,SVN,2024,High income,High income,laborforce,in laborforce,
Slovenia,SVN,2024,High income,High income,laborforce,out of laborforce,
Slovenia,SVN,2024,High income,High income,urbanicity,rural,
Slovenia,SVN,2024,High income,High income,urbanicity,urban,
South Africa,ZAF,2021,Sub-Saharan Africa (excluding high income),Upper middle income,age_cat,age 25+,55.374288682762696
South Africa,ZAF,2021,Sub-Saharan Africa (excluding high income),Upper middle income,age_cat,ages 15-24,49.7865575254535
South Africa,ZAF,2021,Sub-Saharan Africa (excluding high income),Upper middle income,all,all,54.070585961793206
South Africa,ZAF,2021,Sub-Saharan Africa (excluding high income),Upper middle income,education,prim edu or less,31.8909017445619
South Africa,ZAF,2021,Sub-Saharan Africa (excluding high income),Upper middle income,education,secondary edu or more,60.6746760137267
South Africa,ZAF,2021,Sub-Saharan Africa (excluding high income),Upper middle income,gender,men,56.3859321578628
South Africa,ZAF,2021,Sub-Saharan Africa (excluding high income),Upper middle income,gender,women,51.79225082646221
South Africa,ZAF,2021,Sub-Saharan Africa (excluding high income),Upper middle income,income,poorest 40%,39.4952768651672
South Africa,ZAF,2021,Sub-Saharan Africa (excluding high income),Upper middle income,income,richest 60%,63.7344982664745
South Africa,ZAF,2021,Sub-Saharan Africa (excluding high income),Upper middle income,laborforce,in laborforce,66.78279835101661
South Africa,ZAF,2021,Sub-Saharan Africa (excluding high income),Upper middle income,laborforce,out of laborforce,41.623260172022704
South Africa,ZAF,2024,Sub-Saharan Africa (excluding high income),Upper middle income,age_cat,age 25+,49.1019540843536
South Africa,ZAF,2024,Sub-Saharan Africa (excluding high income),Upper middle income,age_cat,ages 15-24,40.1363425731073
South Africa,ZAF,2024,Sub-Saharan Africa (excluding high income),Upper middle income,all,all,46.9248370834271
South Africa,ZAF,2024,Sub-Saharan Africa (excluding high income),Upper middle income,education,prim edu or less,18.0895951409579
South Africa,ZAF,2024,Sub-Saharan Africa (excluding high income),Upper middle income,education,secondary edu or more,54.752417002996104
South Africa,ZAF,2024,Sub-Saharan Africa (excluding high income),Upper middle income,gender,men,52.156126940611
South Africa,ZAF,2024,Sub-Saharan Africa (excluding high income),Upper middle income,gender,women,42.3518876208679
South Africa,ZAF,2024,Sub-Saharan Africa (excluding high income),Upper middle income,income,poorest 40%,38.2791509683031
South Africa,ZAF,2024,Sub-Saharan Africa (excluding high income),Upper middle income,income,richest 60%,51.58028864736131
South Africa,ZAF,2024,Sub-Saharan Africa (excluding high income),Upper middle income,laborforce,in laborforce,56.94867566749831
South Africa,ZAF,2024,Sub-Saharan Africa (excluding high income),Upper middle income,laborforce,out of laborforce,39.6437694658823
South Africa,ZAF,2024,Sub-Saharan Africa (excluding high income),Upper middle income,urbanicity,rural,47.1621745670137
South Africa,ZAF,2024,Sub-Saharan Africa (excluding high income),Upper middle income,urbanicity,urban,46.6910485163467
South Sudan,SSD,2021,Sub-Saharan Africa (excluding high income),Low income,age_cat,age 25+,
South Sudan,SSD,2021,Sub-Saharan Africa (excluding high income),Low income,age_cat,ages 15-24,
South Sudan,SSD,2021,Sub-Saharan Africa (excluding high income),Low income,all,all,0.62822377135349
South Sudan,SSD,2021,Sub-Saharan Africa (excluding high income),Low income,education,prim edu or less,
South Sudan,SSD,2021,Sub-Saharan Africa (excluding high income),Low income,education,secondary edu or more,
South Sudan,SSD,2021,Sub-Saharan Africa (excluding high income),Low income,gender,men,
South Sudan,SSD,2021,Sub-Saharan Africa (excluding high income),Low income,gender,women,
South Sudan,SSD,2021,Sub-Saharan Africa (excluding high income),Low income,income,poorest 40%,
South Sudan,SSD,2021,Sub-Saharan Africa (excluding high income),Low income,income,richest 60%,
South Sudan,SSD,2021,Sub-Saharan Africa (excluding high income),Low income,laborforce,in laborforce,
South Sudan,SSD,2021,Sub-Saharan Africa (excluding high income),Low income,laborforce,out of laborforce,
Spain,ESP,2021,High income,High income,age_cat,age 25+,
Spain,ESP,2021,High income,High income,age_cat,ages 15-24,
Spain,ESP,2021,High income,High income,all,all,
Spain,ESP,2021,High income,High income,education,prim edu or less,
Spain,ESP,2021,High income,High income,education,secondary edu or more,
Spain,ESP,2021,High income,High income,gender,men,
Spain,ESP,2021,High income,High income,gender,women,
Spain,ESP,2021,High income,High income,income,poorest 40%,
Spain,ESP,2021,High income,High income,income,richest 60%,
Spain,ESP,2021,High income,High income,laborforce,in laborforce,
Spain,ESP,2021,High income,High income,laborforce,out of laborforce,
Spain,ESP,2024,High income,High income,age_cat,age 25+,
Spain,ESP,2024,High income,High income,age_cat,ages 15-24,
Spain,ESP,2024,High income,High income,all,all,
Spain,ESP,2024,High income,High income,education,prim edu or less,
Spain,ESP,2024,High income,High income,education,secondary edu or more,
Spain,ESP,2024,High income,High income,gender,men,
Spain,ESP,2024,High income,High income,gender,women,
Spain,ESP,2024,High income,High income,income,poorest 40%,
Spain,ESP,2024,High income,High income,income,richest 60%,
Spain,ESP,2024,High income,High income,laborforce,in laborforce,
Spain,ESP,2024,High income,High income,laborforce,out of laborforce,
Spain,ESP,2024,High income,High income,urbanicity,rural,
Spain,ESP,2024,High income,High income,urbanicity,urban,
Sri Lanka,LKA,2021,South Asia (excluding high income),Lower middle income,age_cat,age 25+,17.314480718879
Sri Lanka,LKA,2021,South Asia (excluding high income),Lower middle income,age_cat,ages 15-24,20.9157077682443
Sri Lanka,LKA,2021,South Asia (excluding high income),Lower middle income,all,all,18.0856716736739
Sri Lanka,LKA,2021,South Asia (excluding high income),Lower middle income,education,prim edu or less,5.53872824556046
Sri Lanka,LKA,2021,South Asia (excluding high income),Lower middle income,education,secondary edu or more,21.7710991222792
Sri Lanka,LKA,2021,South Asia (excluding high income),Lower middle income,gender,men,22.8347312862101
Sri Lanka,LKA,2021,South Asia (excluding high income),Lower middle income,gender,women,13.684701284632201
Sri Lanka,LKA,2021,South Asia (excluding high income),Lower middle income,income,poorest 40%,8.135906135293219
Sri Lanka,LKA,2021,South Asia (excluding high income),Lower middle income,income,richest 60%,24.6605271200701
Sri Lanka,LKA,2021,South Asia (excluding high income),Lower middle income,laborforce,in laborforce,23.352534555278
Sri Lanka,LKA,2021,South Asia (excluding high income),Lower middle income,laborforce,out of laborforce,13.644777840810098
Sri Lanka,LKA,2024,South Asia (excluding high income),Lower middle income,age_cat,age 25+,12.984301729513401
Sri Lanka,LKA,2024,South Asia (excluding high income),Lower middle income,age_cat,ages 15-24,21.710730230495802
Sri Lanka,LKA,2024,South Asia (excluding high income),Lower middle income,all,all,14.7824637184931
Sri Lanka,LKA,2024,South Asia (excluding high income),Lower middle income,education,prim edu or less,2.3127986086069496
Sri Lanka,LKA,2024,South Asia (excluding high income),Lower middle income,education,secondary edu or more,20.5569411278672
Sri Lanka,LKA,2024,South Asia (excluding high income),Lower middle income,gender,men,17.933174999718098
Sri Lanka,LKA,2024,South Asia (excluding high income),Lower middle income,gender,women,12.0061514996952
Sri Lanka,LKA,2024,South Asia (excluding high income),Lower middle income,income,poorest 40%,5.52321725300012
Sri Lanka,LKA,2024,South Asia (excluding high income),Lower middle income,income,richest 60%,20.9586518582662
Sri Lanka,LKA,2024,South Asia (excluding high income),Lower middle income,laborforce,in laborforce,20.201921209190598
Sri Lanka,LKA,2024,South Asia (excluding high income),Lower middle income,laborforce,out of laborforce,10.0715716899502
Sri Lanka,LKA,2024,South Asia (excluding high income),Lower middle income,urbanicity,rural,10.5567041180443
Sri Lanka,LKA,2024,South Asia (excluding high income),Lower middle income,urbanicity,urban,22.6993363588368
Sweden,SWE,2021,High income,High income,age_cat,age 25+,
Sweden,SWE,2021,High income,High income,age_cat,ages 15-24,
Sweden,SWE,2021,High income,High income,all,all,
Sweden,SWE,2021,High income,High income,education,prim edu or less,
Sweden,SWE,2021,High income,High income,education,secondary edu or more,
Sweden,SWE,2021,High income,High income,gender,men,
Sweden,SWE,2021,High income,High income,gender,women,
Sweden,SWE,2021,High income,High income,income,poorest 40%,
Sweden,SWE,2021,High income,High income,income,richest 60%,
Sweden,SWE,2021,High income,High income,laborforce,in laborforce,
Sweden,SWE,2021,High income,High income,laborforce,out of laborforce,
Sweden,SWE,2024,High income,High income,age_cat,age 25+,
Sweden,SWE,2024,High income,High income,age_cat,ages 15-24,
Sweden,SWE,2024,High income,High income,all,all,
Sweden,SWE,2024,High income,High income,education,prim edu or less,
Sweden,SWE,2024,High income,High income,education,secondary edu or more,
Sweden,SWE,2024,High income,High income,gender,men,
Sweden,SWE,2024,High income,High income,gender,women,
Sweden,SWE,2024,High income,High income,income,poorest 40%,
Sweden,SWE,2024,High income,High income,income,richest 60%,
Sweden,SWE,2024,High income,High income,laborforce,in laborforce,
Sweden,SWE,2024,High income,High income,laborforce,out of laborforce,
Sweden,SWE,2024,High income,High income,urbanicity,rural,
Sweden,SWE,2024,High income,High income,urbanicity,urban,
Switzerland,CHE,2021,High income,High income,age_cat,age 25+,
Switzerland,CHE,2021,High income,High income,age_cat,ages 15-24,
Switzerland,CHE,2021,High income,High income,all,all,
Switzerland,CHE,2021,High income,High income,education,prim edu or less,
Switzerland,CHE,2021,High income,High income,education,secondary edu or more,
Switzerland,CHE,2021,High income,High income,gender,men,
Switzerland,CHE,2021,High income,High income,gender,women,
Switzerland,CHE,2021,High income,High income,income,poorest 40%,
Switzerland,CHE,2021,High income,High income,income,richest 60%,
Switzerland,CHE,2021,High income,High income,laborforce,in laborforce,
Switzerland,CHE,2021,High income,High income,laborforce,out of laborforce,
Switzerland,CHE,2024,High income,High income,age_cat,age 25+,
Switzerland,CHE,2024,High income,High income,age_cat,ages 15-24,
Switzerland,CHE,2024,High income,High income,all,all,
Switzerland,CHE,2024,High income,High income,education,prim edu or less,
Switzerland,CHE,2024,High income,High income,education,secondary edu or more,
Switzerland,CHE,2024,High income,High income,gender,men,
Switzerland,CHE,2024,High income,High income,gender,women,
Switzerland,CHE,2024,High income,High income,income,poorest 40%,
Switzerland,CHE,2024,High income,High income,income,richest 60%,
Switzerland,CHE,2024,High income,High income,laborforce,in laborforce,
Switzerland,CHE,2024,High income,High income,laborforce,out of laborforce,
Switzerland,CHE,2024,High income,High income,urbanicity,rural,
Switzerland,CHE,2024,High income,High income,urbanicity,urban,
"Taiwan, China",TWN,2021,High income,High income,age_cat,age 25+,
"Taiwan, China",TWN,2021,High income,High income,age_cat,ages 15-24,
"Taiwan, China",TWN,2021,High income,High income,all,all,
"Taiwan, China",TWN,2021,High income,High income,education,prim edu or less,
"Taiwan, China",TWN,2021,High income,High income,education,secondary edu or more,
"Taiwan, China",TWN,2021,High income,High income,gender,men,
"Taiwan, China",TWN,2021,High income,High income,gender,women,
"Taiwan, China",TWN,2021,High income,High income,income,poorest 40%,
"Taiwan, China",TWN,2021,High income,High income,income,richest 60%,
"Taiwan, China",TWN,2021,High income,High income,laborforce,in laborforce,
"Taiwan, China",TWN,2021,High income,High income,laborforce,out of laborforce,
"Taiwan, China",TWN,2024,High income,High income,age_cat,age 25+,
"Taiwan, China",TWN,2024,High income,High income,age_cat,ages 15-24,
"Taiwan, China",TWN,2024,High income,High income,all,all,
"Taiwan, China",TWN,2024,High income,High income,education,prim edu or less,
"Taiwan, China",TWN,2024,High income,High income,education,secondary edu or more,
"Taiwan, China",TWN,2024,High income,High income,gender,men,
"Taiwan, China",TWN,2024,High income,High income,gender,women,
"Taiwan, China",TWN,2024,High income,High income,income,poorest 40%,
"Taiwan, China",TWN,2024,High income,High income,income,richest 60%,
"Taiwan, China",TWN,2024,High income,High income,laborforce,in laborforce,
"Taiwan, China",TWN,2024,High income,High income,laborforce,out of laborforce,
"Taiwan, China",TWN,2024,High income,High income,urbanicity,rural,
"Taiwan, China",TWN,2024,High income,High income,urbanicity,urban,
Tajikistan,TJK,2021,Europe & Central Asia (excluding high income),Lower middle income,age_cat,age 25+,
Tajikistan,TJK,2021,Europe & Central Asia (excluding high income),Lower middle income,age_cat,ages 15-24,
Tajikistan,TJK,2021,Europe & Central Asia (excluding high income),Lower middle income,all,all,4.047285227561019
Tajikistan,TJK,2021,Europe & Central Asia (excluding high income),Lower middle income,education,prim edu or less,
Tajikistan,TJK,2021,Europe & Central Asia (excluding high income),Lower middle income,education,secondary edu or more,
Tajikistan,TJK,2021,Europe & Central Asia (excluding high income),Lower middle income,gender,men,
Tajikistan,TJK,2021,Europe & Central Asia (excluding high income),Lower middle income,gender,women,
Tajikistan,TJK,2021,Europe & Central Asia (excluding high income),Lower middle income,income,poorest 40%,
Tajikistan,TJK,2021,Europe & Central Asia (excluding high income),Lower middle income,income,richest 60%,
Tajikistan,TJK,2021,Europe & Central Asia (excluding high income),Lower middle income,laborforce,in laborforce,
Tajikistan,TJK,2021,Europe & Central Asia (excluding high income),Lower middle income,laborforce,out of laborforce,
Tajikistan,TJK,2024,Europe & Central Asia (excluding high income),Lower middle income,age_cat,age 25+,17.9532472536865
Tajikistan,TJK,2024,Europe & Central Asia (excluding high income),Lower middle income,age_cat,ages 15-24,11.4420900124196
Tajikistan,TJK,2024,Europe & Central Asia (excluding high income),Lower middle income,all,all,16.18545298835
Tajikistan,TJK,2024,Europe & Central Asia (excluding high income),Lower middle income,education,prim edu or less,11.983929299068299
Tajikistan,TJK,2024,Europe & Central Asia (excluding high income),Lower middle income,education,secondary edu or more,17.7501201246665
Tajikistan,TJK,2024,Europe & Central Asia (excluding high income),Lower middle income,gender,men,22.5556715252438
Tajikistan,TJK,2024,Europe & Central Asia (excluding high income),Lower middle income,gender,women,10.1462178173491
Tajikistan,TJK,2024,Europe & Central Asia (excluding high income),Lower middle income,income,poorest 40%,9.12828687673067
Tajikistan,TJK,2024,Europe & Central Asia (excluding high income),Lower middle income,income,richest 60%,20.8838310713823
Tajikistan,TJK,2024,Europe & Central Asia (excluding high income),Lower middle income,laborforce,in laborforce,25.4406745591994
Tajikistan,TJK,2024,Europe & Central Asia (excluding high income),Lower middle income,laborforce,out of laborforce,7.80110357896788
Tajikistan,TJK,2024,Europe & Central Asia (excluding high income),Lower middle income,urbanicity,rural,15.497637392140701
Tajikistan,TJK,2024,Europe & Central Asia (excluding high income),Lower middle income,urbanicity,urban,17.8306955926396
Tanzania,TZA,2021,Sub-Saharan Africa (excluding high income),Lower middle income,age_cat,age 25+,
Tanzania,TZA,2021,Sub-Saharan Africa (excluding high income),Lower middle income,age_cat,ages 15-24,
Tanzania,TZA,2021,Sub-Saharan Africa (excluding high income),Lower middle income,all,all,4.491598017942651
Tanzania,TZA,2021,Sub-Saharan Africa (excluding high income),Lower middle income,education,prim edu or less,
Tanzania,TZA,2021,Sub-Saharan Africa (excluding high income),Lower middle income,education,secondary edu or more,
Tanzania,TZA,2021,Sub-Saharan Africa (excluding high income),Lower middle income,gender,men,
Tanzania,TZA,2021,Sub-Saharan Africa (excluding high income),Lower middle income,gender,women,
Tanzania,TZA,2021,Sub-Saharan Africa (excluding high income),Lower middle income,income,poorest 40%,
Tanzania,TZA,2021,Sub-Saharan Africa (excluding high income),Lower middle income,income,richest 60%,
Tanzania,TZA,2021,Sub-Saharan Africa (excluding high income),Lower middle income,laborforce,in laborforce,
Tanzania,TZA,2021,Sub-Saharan Africa (excluding high income),Lower middle income,laborforce,out of laborforce,
Tanzania,TZA,2024,Sub-Saharan Africa (excluding high income),Lower middle income,age_cat,age 25+,
Tanzania,TZA,2024,Sub-Saharan Africa (excluding high income),Lower middle income,age_cat,ages 15-24,
Tanzania,TZA,2024,Sub-Saharan Africa (excluding high income),Lower middle income,all,all,3.85774579050142
Tanzania,TZA,2024,Sub-Saharan Africa (excluding high income),Lower middle income,education,prim edu or less,
Tanzania,TZA,2024,Sub-Saharan Africa (excluding high income),Lower middle income,education,secondary edu or more,
Tanzania,TZA,2024,Sub-Saharan Africa (excluding high income),Lower middle income,gender,men,
Tanzania,TZA,2024,Sub-Saharan Africa (excluding high income),Lower middle income,gender,women,
Tanzania,TZA,2024,Sub-Saharan Africa (excluding high income),Lower middle income,income,poorest 40%,
Tanzania,TZA,2024,Sub-Saharan Africa (excluding high income),Lower middle income,income,richest 60%,
Tanzania,TZA,2024,Sub-Saharan Africa (excluding high income),Lower middle income,laborforce,in laborforce,
Tanzania,TZA,2024,Sub-Saharan Africa (excluding high income),Lower middle income,laborforce,out of laborforce,
Tanzania,TZA,2024,Sub-Saharan Africa (excluding high income),Lower middle income,urbanicity,rural,
Tanzania,TZA,2024,Sub-Saharan Africa (excluding high income),Lower middle income,urbanicity,urban,
Thailand,THA,2021,East Asia & Pacific (excluding high income),Upper middle income,age_cat,age 25+,63.4511476068212
Thailand,THA,2021,East Asia & Pacific (excluding high income),Upper middle income,age_cat,ages 15-24,62.551157051496396
Thailand,THA,2021,East Asia & Pacific (excluding high income),Upper middle income,all,all,63.2691355557406
Thailand,THA,2021,East Asia & Pacific (excluding high income),Upper middle income,education,prim edu or less,50.4131856895941
Thailand,THA,2021,East Asia & Pacific (excluding high income),Upper middle income,education,secondary edu or more,73.1861531936754
Thailand,THA,2021,East Asia & Pacific (excluding high income),Upper middle income,gender,men,63.3094956789074
Thailand,THA,2021,East Asia & Pacific (excluding high income),Upper middle income,gender,women,63.2308464055566
Thailand,THA,2021,East Asia & Pacific (excluding high income),Upper middle income,income,poorest 40%,51.130243071409
Thailand,THA,2021,East Asia & Pacific (excluding high income),Upper middle income,income,richest 60%,71.4876394841076
Thailand,THA,2021,East Asia & Pacific (excluding high income),Upper middle income,laborforce,in laborforce,67.0320859494382
Thailand,THA,2021,East Asia & Pacific (excluding high income),Upper middle income,laborforce,out of laborforce,53.45003390548641
Thailand,THA,2024,East Asia & Pacific (excluding high income),Upper middle income,age_cat,age 25+,46.4415835486453
Thailand,THA,2024,East Asia & Pacific (excluding high income),Upper middle income,age_cat,ages 15-24,73.6477231124518
Thailand,THA,2024,East Asia & Pacific (excluding high income),Upper middle income,all,all,51.2502194573726
Thailand,THA,2024,East Asia & Pacific (excluding high income),Upper middle income,education,prim edu or less,38.7661456923192
Thailand,THA,2024,East Asia & Pacific (excluding high income),Upper middle income,education,secondary edu or more,75.9603850089275
Thailand,THA,2024,East Asia & Pacific (excluding high income),Upper middle income,gender,men,52.7274502394773
Thailand,THA,2024,East Asia & Pacific (excluding high income),Upper middle income,gender,women,49.8245514333641
Thailand,THA,2024,East Asia & Pacific (excluding high income),Upper middle income,income,poorest 40%,40.6262070275086
Thailand,THA,2024,East Asia & Pacific (excluding high income),Upper middle income,income,richest 60%,58.3137375100637
Thailand,THA,2024,East Asia & Pacific (excluding high income),Upper middle income,laborforce,in laborforce,55.0822686120623
Thailand,THA,2024,East Asia & Pacific (excluding high income),Upper middle income,laborforce,out of laborforce,37.698475358746805
Thailand,THA,2024,East Asia & Pacific (excluding high income),Upper middle income,urbanicity,rural,48.0493029279816
Thailand,THA,2024,East Asia & Pacific (excluding high income),Upper middle income,urbanicity,urban,58.3955169880665
Togo,TGO,2021,Sub-Saharan Africa (excluding high income),Low income,age_cat,age 25+,
Togo,TGO,2021,Sub-Saharan Africa (excluding high income),Low income,age_cat,ages 15-24,
Togo,TGO,2021,Sub-Saharan Africa (excluding high income),Low income,all,all,2.7922537796721
Togo,TGO,2021,Sub-Saharan Africa (excluding high income),Low income,education,prim edu or less,
Togo,TGO,2021,Sub-Saharan Africa (excluding high income),Low income,education,secondary edu or more,
Togo,TGO,2021,Sub-Saharan Africa (excluding high income),Low income,gender,men,
Togo,TGO,2021,Sub-Saharan Africa (excluding high income),Low income,gender,women,
Togo,TGO,2021,Sub-Saharan Africa (excluding high income),Low income,income,poorest 40%,
Togo,TGO,2021,Sub-Saharan Africa (excluding high income),Low income,income,richest 60%,
Togo,TGO,2021,Sub-Saharan Africa (excluding high income),Low income,laborforce,in laborforce,
Togo,TGO,2021,Sub-Saharan Africa (excluding high income),Low income,laborforce,out of laborforce,
Togo,TGO,2024,Sub-Saharan Africa (excluding high income),Low income,age_cat,age 25+,14.8919582184752
Togo,TGO,2024,Sub-Saharan Africa (excluding high income),Low income,age_cat,ages 15-24,11.2084813835564
Togo,TGO,2024,Sub-Saharan Africa (excluding high income),Low income,all,all,13.771111205249001
Togo,TGO,2024,Sub-Saharan Africa (excluding high income),Low income,education,prim edu or less,10.6503389620905
Togo,TGO,2024,Sub-Saharan Africa (excluding high income),Low income,education,secondary edu or more,19.2136474657984
Togo,TGO,2024,Sub-Saharan Africa (excluding high income),Low income,gender,men,17.2237432769012
Togo,TGO,2024,Sub-Saharan Africa (excluding high income),Low income,gender,women,10.4513307039622
Togo,TGO,2024,Sub-Saharan Africa (excluding high income),Low income,income,poorest 40%,8.7297532229502
Togo,TGO,2024,Sub-Saharan Africa (excluding high income),Low income,income,richest 60%,17.1237774085692
Togo,TGO,2024,Sub-Saharan Africa (excluding high income),Low income,laborforce,in laborforce,15.0592904062803
Togo,TGO,2024,Sub-Saharan Africa (excluding high income),Low income,laborforce,out of laborforce,10.2284413201273
Togo,TGO,2024,Sub-Saharan Africa (excluding high income),Low income,urbanicity,rural,9.59472742718193
Togo,TGO,2024,Sub-Saharan Africa (excluding high income),Low income,urbanicity,urban,21.3736149478841
Trinidad and Tobago,TTO,2024,High income,High income,age_cat,age 25+,
Trinidad and Tobago,TTO,2024,High income,High income,age_cat,ages 15-24,
Trinidad and Tobago,TTO,2024,High income,High income,all,all,
Trinidad and Tobago,TTO,2024,High income,High income,education,prim edu or less,
Trinidad and Tobago,TTO,2024,High income,High income,education,secondary edu or more,
Trinidad and Tobago,TTO,2024,High income,High income,gender,men,
Trinidad and Tobago,TTO,2024,High income,High income,gender,women,
Trinidad and Tobago,TTO,2024,High income,High income,income,poorest 40%,
Trinidad and Tobago,TTO,2024,High income,High income,income,richest 60%,
Trinidad and Tobago,TTO,2024,High income,High income,laborforce,in laborforce,
Trinidad and Tobago,TTO,2024,High income,High income,laborforce,out of laborforce,
Trinidad and Tobago,TTO,2024,High income,High income,urbanicity,rural,
Trinidad and Tobago,TTO,2024,High income,High income,urbanicity,urban,
Tunisia,TUN,2021,Middle East & North Africa (excluding high income),Lower middle income,age_cat,age 25+,
Tunisia,TUN,2021,Middle East & North Africa (excluding high income),Lower middle income,age_cat,ages 15-24,
Tunisia,TUN,2021,Middle East & North Africa (excluding high income),Lower middle income,all,all,6.67537492562658
Tunisia,TUN,2021,Middle East & North Africa (excluding high income),Lower middle income,education,prim edu or less,
Tunisia,TUN,2021,Middle East & North Africa (excluding high income),Lower middle income,education,secondary edu or more,
Tunisia,TUN,2021,Middle East & North Africa (excluding high income),Lower middle income,gender,men,
Tunisia,TUN,2021,Middle East & North Africa (excluding high income),Lower middle income,gender,women,
Tunisia,TUN,2021,Middle East & North Africa (excluding high income),Lower middle income,income,poorest 40%,
Tunisia,TUN,2021,Middle East & North Africa (excluding high income),Lower middle income,income,richest 60%,
Tunisia,TUN,2021,Middle East & North Africa (excluding high income),Lower middle income,laborforce,in laborforce,
Tunisia,TUN,2021,Middle East & North Africa (excluding high income),Lower middle income,laborforce,out of laborforce,
Tunisia,TUN,2024,Middle East & North Africa (excluding high income),Lower middle income,age_cat,age 25+,
Tunisia,TUN,2024,Middle East & North Africa (excluding high income),Lower middle income,age_cat,ages 15-24,
Tunisia,TUN,2024,Middle East & North Africa (excluding high income),Lower middle income,all,all,4.90348537302282
Tunisia,TUN,2024,Middle East & North Africa (excluding high income),Lower middle income,education,prim edu or less,
Tunisia,TUN,2024,Middle East & North Africa (excluding high income),Lower middle income,education,secondary edu or more,
Tunisia,TUN,2024,Middle East & North Africa (excluding high income),Lower middle income,gender,men,
Tunisia,TUN,2024,Middle East & North Africa (excluding high income),Lower middle income,gender,women,
Tunisia,TUN,2024,Middle East & North Africa (excluding high income),Lower middle income,income,poorest 40%,
Tunisia,TUN,2024,Middle East & North Africa (excluding high income),Lower middle income,income,richest 60%,
Tunisia,TUN,2024,Middle East & North Africa (excluding high income),Lower middle income,laborforce,in laborforce,
Tunisia,TUN,2024,Middle East & North Africa (excluding high income),Lower middle income,laborforce,out of laborforce,
Tunisia,TUN,2024,Middle East & North Africa (excluding high income),Lower middle income,urbanicity,rural,
Tunisia,TUN,2024,Middle East & North Africa (excluding high income),Lower middle income,urbanicity,urban,
Turkiye,TUR,2021,Europe & Central Asia (excluding high income),Upper middle income,age_cat,age 25+,43.2303391480149
Turkiye,TUR,2021,Europe & Central Asia (excluding high income),Upper middle income,age_cat,ages 15-24,50.468223702612406
Turkiye,TUR,2021,Europe & Central Asia (excluding high income),Upper middle income,all,all,44.7706832325296
Turkiye,TUR,2021,Europe & Central Asia (excluding high income),Upper middle income,education,prim edu or less,21.4503994257656
Turkiye,TUR,2021,Europe & Central Asia (excluding high income),Upper middle income,education,secondary edu or more,58.196814546992805
Turkiye,TUR,2021,Europe & Central Asia (excluding high income),Upper middle income,gender,men,56.9676799332002
Turkiye,TUR,2021,Europe & Central Asia (excluding high income),Upper middle income,gender,women,32.2544768975972
Turkiye,TUR,2021,Europe & Central Asia (excluding high income),Upper middle income,income,poorest 40%,27.6526795561907
Turkiye,TUR,2021,Europe & Central Asia (excluding high income),Upper middle income,income,richest 60%,56.1241594306656
Turkiye,TUR,2021,Europe & Central Asia (excluding high income),Upper middle income,laborforce,in laborforce,57.55725572528439
Turkiye,TUR,2021,Europe & Central Asia (excluding high income),Upper middle income,laborforce,out of laborforce,32.5905877422311
Turkiye,TUR,2024,Europe & Central Asia (excluding high income),Upper middle income,age_cat,age 25+,52.7843196008554
Turkiye,TUR,2024,Europe & Central Asia (excluding high income),Upper middle income,age_cat,ages 15-24,46.2605681453421
Turkiye,TUR,2024,Europe & Central Asia (excluding high income),Upper middle income,all,all,51.495663776426504
Turkiye,TUR,2024,Europe & Central Asia (excluding high income),Upper middle income,education,prim edu or less,16.001654067291803
Turkiye,TUR,2024,Europe & Central Asia (excluding high income),Upper middle income,education,secondary edu or more,61.6004036561252
Turkiye,TUR,2024,Europe & Central Asia (excluding high income),Upper middle income,gender,men,60.5066355332744
Turkiye,TUR,2024,Europe & Central Asia (excluding high income),Upper middle income,gender,women,42.633959381880096
Turkiye,TUR,2024,Europe & Central Asia (excluding high income),Upper middle income,income,poorest 40%,33.8264234301778
Turkiye,TUR,2024,Europe & Central Asia (excluding high income),Upper middle income,income,richest 60%,63.246729726930596
Turkiye,TUR,2024,Europe & Central Asia (excluding high income),Upper middle income,laborforce,in laborforce,75.22486736770921
Turkiye,TUR,2024,Europe & Central Asia (excluding high income),Upper middle income,laborforce,out of laborforce,30.639531562931698
Turkiye,TUR,2024,Europe & Central Asia (excluding high income),Upper middle income,urbanicity,rural,40.5924699462426
Turkiye,TUR,2024,Europe & Central Asia (excluding high income),Upper middle income,urbanicity,urban,56.6203156240646
Uganda,UGA,2021,Sub-Saharan Africa (excluding high income),Low income,age_cat,age 25+,8.351568146345361
Uganda,UGA,2021,Sub-Saharan Africa (excluding high income),Low income,age_cat,ages 15-24,13.2538872599247
Uganda,UGA,2021,Sub-Saharan Africa (excluding high income),Low income,all,all,10.3348169863667
Uganda,UGA,2021,Sub-Saharan Africa (excluding high income),Low income,education,prim edu or less,6.78240854725687
Uganda,UGA,2021,Sub-Saharan Africa (excluding high income),Low income,education,secondary edu or more,13.550208837503499
Uganda,UGA,2021,Sub-Saharan Africa (excluding high income),Low income,gender,men,12.142453177926999
Uganda,UGA,2021,Sub-Saharan Africa (excluding high income),Low income,gender,women,8.74581140400541
Uganda,UGA,2021,Sub-Saharan Africa (excluding high income),Low income,income,poorest 40%,7.870730116623161
Uganda,UGA,2021,Sub-Saharan Africa (excluding high income),Low income,income,richest 60%,11.9713419326439
Uganda,UGA,2021,Sub-Saharan Africa (excluding high income),Low income,laborforce,in laborforce,12.3131291849621
Uganda,UGA,2021,Sub-Saharan Africa (excluding high income),Low income,laborforce,out of laborforce,5.4146798245714
Uganda,UGA,2024,Sub-Saharan Africa (excluding high income),Low income,age_cat,age 25+,12.6779148422646
Uganda,UGA,2024,Sub-Saharan Africa (excluding high income),Low income,age_cat,ages 15-24,10.1797266861506
Uganda,UGA,2024,Sub-Saharan Africa (excluding high income),Low income,all,all,11.6710083766861
Uganda,UGA,2024,Sub-Saharan Africa (excluding high income),Low income,education,prim edu or less,8.30500934432004
Uganda,UGA,2024,Sub-Saharan Africa (excluding high income),Low income,education,secondary edu or more,14.887987699691891
Uganda,UGA,2024,Sub-Saharan Africa (excluding high income),Low income,gender,men,15.759737468399301
Uganda,UGA,2024,Sub-Saharan Africa (excluding high income),Low income,gender,women,8.120922912027421
Uganda,UGA,2024,Sub-Saharan Africa (excluding high income),Low income,income,poorest 40%,9.21312955734697
Uganda,UGA,2024,Sub-Saharan Africa (excluding high income),Low income,income,richest 60%,13.2976079535621
Uganda,UGA,2024,Sub-Saharan Africa (excluding high income),Low income,laborforce,in laborforce,12.764435795647
Uganda,UGA,2024,Sub-Saharan Africa (excluding high income),Low income,laborforce,out of laborforce,7.7076303777738095
Uganda,UGA,2024,Sub-Saharan Africa (excluding high income),Low income,urbanicity,rural,10.5533015949856
Uganda,UGA,2024,Sub-Saharan Africa (excluding high income),Low income,urbanicity,urban,19.2708197634508
Ukraine,UKR,2021,Europe & Central Asia (excluding high income),Lower middle income,age_cat,age 25+,55.1478674470239
Ukraine,UKR,2021,Europe & Central Asia (excluding high income),Lower middle income,age_cat,ages 15-24,86.72395518207449
Ukraine,UKR,2021,Europe & Central Asia (excluding high income),Lower middle income,all,all,58.5377357843424
Ukraine,UKR,2021,Europe & Central Asia (excluding high income),Lower middle income,education,prim edu or less,28.7844633740971
Ukraine,UKR,2021,Europe & Central Asia (excluding high income),Lower middle income,education,secondary edu or more,59.6603032954903
Ukraine,UKR,2021,Europe & Central Asia (excluding high income),Lower middle income,gender,men,63.7249044154784
Ukraine,UKR,2021,Europe & Central Asia (excluding high income),Lower middle income,gender,women,54.2802073352426
Ukraine,UKR,2021,Europe & Central Asia (excluding high income),Lower middle income,income,poorest 40%,51.8092013631528
Ukraine,UKR,2021,Europe & Central Asia (excluding high income),Lower middle income,income,richest 60%,63.0223261722209
Ukraine,UKR,2021,Europe & Central Asia (excluding high income),Lower middle income,laborforce,in laborforce,68.8133645475087
Ukraine,UKR,2021,Europe & Central Asia (excluding high income),Lower middle income,laborforce,out of laborforce,42.3014185656787
Ukraine,UKR,2024,Europe & Central Asia (excluding high income),Lower middle income,age_cat,age 25+,71.961400207933
Ukraine,UKR,2024,Europe & Central Asia (excluding high income),Lower middle income,age_cat,ages 15-24,88.660098283239
Ukraine,UKR,2024,Europe & Central Asia (excluding high income),Lower middle income,all,all,73.605838165072
Ukraine,UKR,2024,Europe & Central Asia (excluding high income),Lower middle income,education,prim edu or less,84.0104630508427
Ukraine,UKR,2024,Europe & Central Asia (excluding high income),Lower middle income,education,secondary edu or more,73.507950222193
Ukraine,UKR,2024,Europe & Central Asia (excluding high income),Lower middle income,gender,men,77.7552610495108
Ukraine,UKR,2024,Europe & Central Asia (excluding high income),Lower middle income,gender,women,69.7100143212894
Ukraine,UKR,2024,Europe & Central Asia (excluding high income),Lower middle income,income,poorest 40%,62.7081649604892
Ukraine,UKR,2024,Europe & Central Asia (excluding high income),Lower middle income,income,richest 60%,80.8478270986048
Ukraine,UKR,2024,Europe & Central Asia (excluding high income),Lower middle income,laborforce,in laborforce,80.0074991226073
Ukraine,UKR,2024,Europe & Central Asia (excluding high income),Lower middle income,laborforce,out of laborforce,64.69334564046049
Ukraine,UKR,2024,Europe & Central Asia (excluding high income),Lower middle income,urbanicity,rural,71.2308848586463
Ukraine,UKR,2024,Europe & Central Asia (excluding high income),Lower middle income,urbanicity,urban,75.0269934501594
United Arab Emirates,ARE,2021,High income,High income,age_cat,age 25+,
United Arab Emirates,ARE,2021,High income,High income,age_cat,ages 15-24,
United Arab Emirates,ARE,2021,High income,High income,all,all,
United Arab Emirates,ARE,2021,High income,High income,education,prim edu or less,
United Arab Emirates,ARE,2021,High income,High income,education,secondary edu or more,
United Arab Emirates,ARE,2021,High income,High income,gender,men,
United Arab Emirates,ARE,2021,High income,High income,gender,women,
United Arab Emirates,ARE,2021,High income,High income,income,poorest 40%,
United Arab Emirates,ARE,2021,High income,High income,income,richest 60%,
United Arab Emirates,ARE,2021,High income,High income,laborforce,in laborforce,
United Arab Emirates,ARE,2021,High income,High income,laborforce,out of laborforce,
United Arab Emirates,ARE,2024,High income,High income,age_cat,age 25+,
United Arab Emirates,ARE,2024,High income,High income,age_cat,ages 15-24,
United Arab Emirates,ARE,2024,High income,High income,all,all,
United Arab Emirates,ARE,2024,High income,High income,education,prim edu or less,
United Arab Emirates,ARE,2024,High income,High income,education,secondary edu or more,
United Arab Emirates,ARE,2024,High income,High income,gender,men,
United Arab Emirates,ARE,2024,High income,High income,gender,women,
United Arab Emirates,ARE,2024,High income,High income,income,poorest 40%,
United Arab Emirates,ARE,2024,High income,High income,income,richest 60%,
United Arab Emirates,ARE,2024,High income,High income,laborforce,in laborforce,
United Arab Emirates,ARE,2024,High income,High income,laborforce,out of laborforce,
United Arab Emirates,ARE,2024,High income,High income,urbanicity,rural,
United Arab Emirates,ARE,2024,High income,High income,urbanicity,urban,
United Kingdom,GBR,2021,High income,High income,age_cat,age 25+,
United Kingdom,GBR,2021,High income,High income,age_cat,ages 15-24,
United Kingdom,GBR,2021,High income,High income,all,all,
United Kingdom,GBR,2021,High income,High income,education,prim edu or less,
United Kingdom,GBR,2021,High income,High income,education,secondary edu or more,
United Kingdom,GBR,2021,High income,High income,gender,men,
United Kingdom,GBR,2021,High income,High income,gender,women,
United Kingdom,GBR,2021,High income,High income,income,poorest 40%,
United Kingdom,GBR,2021,High income,High income,income,richest 60%,
United Kingdom,GBR,2021,High income,High income,laborforce,in laborforce,
United Kingdom,GBR,2021,High income,High income,laborforce,out of laborforce,
United Kingdom,GBR,2024,High income,High income,age_cat,age 25+,
United Kingdom,GBR,2024,High income,High income,age_cat,ages 15-24,
United Kingdom,GBR,2024,High income,High income,all,all,
United Kingdom,GBR,2024,High income,High income,education,prim edu or less,
United Kingdom,GBR,2024,High income,High income,education,secondary edu or more,
United Kingdom,GBR,2024,High income,High income,gender,men,
United Kingdom,GBR,2024,High income,High income,gender,women,
United Kingdom,GBR,2024,High income,High income,income,poorest 40%,
United Kingdom,GBR,2024,High income,High income,income,richest 60%,
United Kingdom,GBR,2024,High income,High income,laborforce,in laborforce,
United Kingdom,GBR,2024,High income,High income,laborforce,out of laborforce,
United Kingdom,GBR,2024,High income,High income,urbanicity,rural,
United Kingdom,GBR,2024,High income,High income,urbanicity,urban,
United States,USA,2021,High income,High income,age_cat,age 25+,
United States,USA,2021,High income,High income,age_cat,ages 15-24,
United States,USA,2021,High income,High income,all,all,
United States,USA,2021,High income,High income,education,prim edu or less,
United States,USA,2021,High income,High income,education,secondary edu or more,
United States,USA,2021,High income,High income,gender,men,
United States,USA,2021,High income,High income,gender,women,
United States,USA,2021,High income,High income,income,poorest 40%,
United States,USA,2021,High income,High income,income,richest 60%,
United States,USA,2021,High income,High income,laborforce,in laborforce,
United States,USA,2021,High income,High income,laborforce,out of laborforce,
United States,USA,2024,High income,High income,age_cat,age 25+,
United States,USA,2024,High income,High income,age_cat,ages 15-24,
United States,USA,2024,High income,High income,all,all,
United States,USA,2024,High income,High income,education,prim edu or less,
United States,USA,2024,High income,High income,education,secondary edu or more,
United States,USA,2024,High income,High income,gender,men,
United States,USA,2024,High income,High income,gender,women,
United States,USA,2024,High income,High income,income,poorest 40%,
United States,USA,2024,High income,High income,income,richest 60%,
United States,USA,2024,High income,High income,laborforce,in laborforce,
United States,USA,2024,High income,High income,laborforce,out of laborforce,
United States,USA,2024,High income,High income,urbanicity,rural,
United States,USA,2024,High income,High income,urbanicity,urban,
Uruguay,URY,2021,High income,High income,age_cat,age 25+,
Uruguay,URY,2021,High income,High income,age_cat,ages 15-24,
Uruguay,URY,2021,High income,High income,all,all,
Uruguay,URY,2021,High income,High income,education,prim edu or less,
Uruguay,URY,2021,High income,High income,education,secondary edu or more,
Uruguay,URY,2021,High income,High income,gender,men,
Uruguay,URY,2021,High income,High income,gender,women,
Uruguay,URY,2021,High income,High income,income,poorest 40%,
Uruguay,URY,2021,High income,High income,income,richest 60%,
Uruguay,URY,2021,High income,High income,laborforce,in laborforce,
Uruguay,URY,2021,High income,High income,laborforce,out of laborforce,
Uruguay,URY,2024,High income,High income,age_cat,age 25+,
Uruguay,URY,2024,High income,High income,age_cat,ages 15-24,
Uruguay,URY,2024,High income,High income,all,all,
Uruguay,URY,2024,High income,High income,education,prim edu or less,
Uruguay,URY,2024,High income,High income,education,secondary edu or more,
Uruguay,URY,2024,High income,High income,gender,men,
Uruguay,URY,2024,High income,High income,gender,women,
Uruguay,URY,2024,High income,High income,income,poorest 40%,
Uruguay,URY,2024,High income,High income,income,richest 60%,
Uruguay,URY,2024,High income,High income,laborforce,in laborforce,
Uruguay,URY,2024,High income,High income,laborforce,out of laborforce,
Uruguay,URY,2024,High income,High income,urbanicity,rural,
Uruguay,URY,2024,High income,High income,urbanicity,urban,
Uzbekistan,UZB,2021,Europe & Central Asia (excluding high income),Lower middle income,age_cat,age 25+,37.2524731750351
Uzbekistan,UZB,2021,Europe & Central Asia (excluding high income),Lower middle income,age_cat,ages 15-24,16.471529205877
Uzbekistan,UZB,2021,Europe & Central Asia (excluding high income),Lower middle income,all,all,32.625781605119805
Uzbekistan,UZB,2021,Europe & Central Asia (excluding high income),Lower middle income,education,prim edu or less,18.677073081017
Uzbekistan,UZB,2021,Europe & Central Asia (excluding high income),Lower middle income,education,secondary edu or more,38.254878085470004
Uzbekistan,UZB,2021,Europe & Central Asia (excluding high income),Lower middle income,gender,men,35.544806983969
Uzbekistan,UZB,2021,Europe & Central Asia (excluding high income),Lower middle income,gender,women,30.082040175145302
Uzbekistan,UZB,2021,Europe & Central Asia (excluding high income),Lower middle income,income,poorest 40%,28.1234251758945
Uzbekistan,UZB,2021,Europe & Central Asia (excluding high income),Lower middle income,income,richest 60%,35.6081783296208
Uzbekistan,UZB,2021,Europe & Central Asia (excluding high income),Lower middle income,laborforce,in laborforce,40.944133471247
Uzbekistan,UZB,2021,Europe & Central Asia (excluding high income),Lower middle income,laborforce,out of laborforce,25.3970406395297
Uzbekistan,UZB,2024,Europe & Central Asia (excluding high income),Lower middle income,age_cat,age 25+,42.567552016213
Uzbekistan,UZB,2024,Europe & Central Asia (excluding high income),Lower middle income,age_cat,ages 15-24,22.790284027642198
Uzbekistan,UZB,2024,Europe & Central Asia (excluding high income),Lower middle income,all,all,38.0865421568895
Uzbekistan,UZB,2024,Europe & Central Asia (excluding high income),Lower middle income,education,prim edu or less,21.5418205202448
Uzbekistan,UZB,2024,Europe & Central Asia (excluding high income),Lower middle income,education,secondary edu or more,41.46108806049
Uzbekistan,UZB,2024,Europe & Central Asia (excluding high income),Lower middle income,gender,men,38.878177385539196
Uzbekistan,UZB,2024,Europe & Central Asia (excluding high income),Lower middle income,gender,women,37.3465997976855
Uzbekistan,UZB,2024,Europe & Central Asia (excluding high income),Lower middle income,income,poorest 40%,34.6870957301589
Uzbekistan,UZB,2024,Europe & Central Asia (excluding high income),Lower middle income,income,richest 60%,40.3536605880846
Uzbekistan,UZB,2024,Europe & Central Asia (excluding high income),Lower middle income,laborforce,in laborforce,46.0226707548727
Uzbekistan,UZB,2024,Europe & Central Asia (excluding high income),Lower middle income,laborforce,out of laborforce,30.671197247993398
Uzbekistan,UZB,2024,Europe & Central Asia (excluding high income),Lower middle income,urbanicity,rural,37.6789353596775
Uzbekistan,UZB,2024,Europe & Central Asia (excluding high income),Lower middle income,urbanicity,urban,38.8342219496024
"Venezuela, RB",VEN,2021,Latin America & Caribbean (excluding high income),Upper middle income,age_cat,age 25+,72.92590232419191
"Venezuela, RB",VEN,2021,Latin America & Caribbean (excluding high income),Upper middle income,age_cat,ages 15-24,49.7592683116844
"Venezuela, RB",VEN,2021,Latin America & Caribbean (excluding high income),Upper middle income,all,all,67.30374465804499
"Venezuela, RB",VEN,2021,Latin America & Caribbean (excluding high income),Upper middle income,education,prim edu or less,59.0170038275753
"Venezuela, RB",VEN,2021,Latin America & Caribbean (excluding high income),Upper middle income,education,secondary edu or more,70.0223039743461
"Venezuela, RB",VEN,2021,Latin America & Caribbean (excluding high income),Upper middle income,gender,men,76.08816517785209
"Venezuela, RB",VEN,2021,Latin America & Caribbean (excluding high income),Upper middle income,gender,women,58.4032121506306
"Venezuela, RB",VEN,2021,Latin America & Caribbean (excluding high income),Upper middle income,income,poorest 40%,55.605147536980205
"Venezuela, RB",VEN,2021,Latin America & Caribbean (excluding high income),Upper middle income,income,richest 60%,75.09933261148079
"Venezuela, RB",VEN,2021,Latin America & Caribbean (excluding high income),Upper middle income,laborforce,in laborforce,76.0712913537132
"Venezuela, RB",VEN,2021,Latin America & Caribbean (excluding high income),Upper middle income,laborforce,out of laborforce,50.62071445786071
"Venezuela, RB",VEN,2024,Latin America & Caribbean (excluding high income),Upper middle income,age_cat,age 25+,73.70343555079299
"Venezuela, RB",VEN,2024,Latin America & Caribbean (excluding high income),Upper middle income,age_cat,ages 15-24,63.9011966411244
"Venezuela, RB",VEN,2024,Latin America & Caribbean (excluding high income),Upper middle income,all,all,71.5578337734796
"Venezuela, RB",VEN,2024,Latin America & Caribbean (excluding high income),Upper middle income,education,prim edu or less,53.094222029007895
"Venezuela, RB",VEN,2024,Latin America & Caribbean (excluding high income),Upper middle income,education,secondary edu or more,78.8237866832389
"Venezuela, RB",VEN,2024,Latin America & Caribbean (excluding high income),Upper middle income,gender,men,72.4914711385669
"Venezuela, RB",VEN,2024,Latin America & Caribbean (excluding high income),Upper middle income,gender,women,70.6327424663776
"Venezuela, RB",VEN,2024,Latin America & Caribbean (excluding high income),Upper middle income,income,poorest 40%,59.8838287934788
"Venezuela, RB",VEN,2024,Latin America & Caribbean (excluding high income),Upper middle income,income,richest 60%,79.35384837346649
"Venezuela, RB",VEN,2024,Latin America & Caribbean (excluding high income),Upper middle income,laborforce,in laborforce,72.6946094737908
"Venezuela, RB",VEN,2024,Latin America & Caribbean (excluding high income),Upper middle income,laborforce,out of laborforce,69.670465070452
"Venezuela, RB",VEN,2024,Latin America & Caribbean (excluding high income),Upper middle income,urbanicity,rural,63.6956635850877
"Venezuela, RB",VEN,2024,Latin America & Caribbean (excluding high income),Upper middle income,urbanicity,urban,79.0925546134853
Viet Nam,VNM,2024,East Asia & Pacific (excluding high income),Lower middle income,age_cat,age 25+,48.9867601513688
Viet Nam,VNM,2024,East Asia & Pacific (excluding high income),Lower middle income,age_cat,ages 15-24,60.755400570091
Viet Nam,VNM,2024,East Asia & Pacific (excluding high income),Lower middle income,all,all,51.126138222371196
Viet Nam,VNM,2024,East Asia & Pacific (excluding high income),Lower middle income,education,prim edu or less,8.02430429207091
Viet Nam,VNM,2024,East Asia & Pacific (excluding high income),Lower middle income,education,secondary edu or more,56.5191016716727
Viet Nam,VNM,2024,East Asia & Pacific (excluding high income),Lower middle income,gender,men,49.4824268735296
Viet Nam,VNM,2024,East Asia & Pacific (excluding high income),Lower middle income,gender,women,52.693990120002
Viet Nam,VNM,2024,East Asia & Pacific (excluding high income),Lower middle income,income,poorest 40%,26.4817109440334
Viet Nam,VNM,2024,East Asia & Pacific (excluding high income),Lower middle income,income,richest 60%,67.5277117773709
Viet Nam,VNM,2024,East Asia & Pacific (excluding high income),Lower middle income,laborforce,in laborforce,58.3994386526086
Viet Nam,VNM,2024,East Asia & Pacific (excluding high income),Lower middle income,laborforce,out of laborforce,22.1335861653864
Viet Nam,VNM,2024,East Asia & Pacific (excluding high income),Lower middle income,urbanicity,rural,47.6926339718587
Viet Nam,VNM,2024,East Asia & Pacific (excluding high income),Lower middle income,urbanicity,urban,58.0980708866405
West Bank and Gaza,PSE,2021,Middle East & North Africa (excluding high income),Lower middle income,age_cat,age 25+,
West Bank and Gaza,PSE,2021,Middle East & North Africa (excluding high income),Lower middle income,age_cat,ages 15-24,
West Bank and Gaza,PSE,2021,Middle East & North Africa (excluding high income),Lower middle income,all,all,5.65510248880257
West Bank and Gaza,PSE,2021,Middle East & North Africa (excluding high income),Lower middle income,education,prim edu or less,
West Bank and Gaza,PSE,2021,Middle East & North Africa (excluding high income),Lower middle income,education,secondary edu or more,
West Bank and Gaza,PSE,2021,Middle East & North Africa (excluding high income),Lower middle income,gender,men,
West Bank and Gaza,PSE,2021,Middle East & North Africa (excluding high income),Lower middle income,gender,women,
West Bank and Gaza,PSE,2021,Middle East & North Africa (excluding high income),Lower middle income,income,poorest 40%,
West Bank and Gaza,PSE,2021,Middle East & North Africa (excluding high income),Lower middle income,income,richest 60%,
West Bank and Gaza,PSE,2021,Middle East & North Africa (excluding high income),Lower middle income,laborforce,in laborforce,
West Bank and Gaza,PSE,2021,Middle East & North Africa (excluding high income),Lower middle income,laborforce,out of laborforce,
West Bank and Gaza,PSE,2024,Middle East & North Africa (excluding high income),Lower middle income,age_cat,age 25+,
West Bank and Gaza,PSE,2024,Middle East & North Africa (excluding high income),Lower middle income,age_cat,ages 15-24,
West Bank and Gaza,PSE,2024,Middle East & North Africa (excluding high income),Lower middle income,all,all,8.17762030340568
West Bank and Gaza,PSE,2024,Middle East & North Africa (excluding high income),Lower middle income,education,prim edu or less,
West Bank and Gaza,PSE,2024,Middle East & North Africa (excluding high income),Lower middle income,education,secondary edu or more,
West Bank and Gaza,PSE,2024,Middle East & North Africa (excluding high income),Lower middle income,gender,men,
West Bank and Gaza,PSE,2024,Middle East & North Africa (excluding high income),Lower middle income,gender,women,
West Bank and Gaza,PSE,2024,Middle East & North Africa (excluding high income),Lower middle income,income,poorest 40%,
West Bank and Gaza,PSE,2024,Middle East & North Africa (excluding high income),Lower middle income,income,richest 60%,
West Bank and Gaza,PSE,2024,Middle East & North Africa (excluding high income),Lower middle income,laborforce,in laborforce,
West Bank and Gaza,PSE,2024,Middle East & North Africa (excluding high income),Lower middle income,laborforce,out of laborforce,
West Bank and Gaza,PSE,2024,Middle East & North Africa (excluding high income),Lower middle income,urbanicity,rural,
West Bank and Gaza,PSE,2024,Middle East & North Africa (excluding high income),Lower middle income,urbanicity,urban,
Zambia,ZMB,2021,Sub-Saharan Africa (excluding high income),Low income,age_cat,age 25+,
Zambia,ZMB,2021,Sub-Saharan Africa (excluding high income),Low income,age_cat,ages 15-24,
Zambia,ZMB,2021,Sub-Saharan Africa (excluding high income),Low income,all,all,8.42155018520154
Zambia,ZMB,2021,Sub-Saharan Africa (excluding high income),Low income,education,prim edu or less,
Zambia,ZMB,2021,Sub-Saharan Africa (excluding high income),Low income,education,secondary edu or more,
Zambia,ZMB,2021,Sub-Saharan Africa (excluding high income),Low income,gender,men,
Zambia,ZMB,2021,Sub-Saharan Africa (excluding high income),Low income,gender,women,
Zambia,ZMB,2021,Sub-Saharan Africa (excluding high income),Low income,income,poorest 40%,
Zambia,ZMB,2021,Sub-Saharan Africa (excluding high income),Low income,income,richest 60%,
Zambia,ZMB,2021,Sub-Saharan Africa (excluding high income),Low income,laborforce,in laborforce,
Zambia,ZMB,2021,Sub-Saharan Africa (excluding high income),Low income,laborforce,out of laborforce,
Zambia,ZMB,2024,Sub-Saharan Africa (excluding high income),Low income,age_cat,age 25+,19.8579382911596
Zambia,ZMB,2024,Sub-Saharan Africa (excluding high income),Low income,age_cat,ages 15-24,18.1257721877218
Zambia,ZMB,2024,Sub-Saharan Africa (excluding high income),Low income,all,all,19.1966389039812
Zambia,ZMB,2024,Sub-Saharan Africa (excluding high income),Low income,education,prim edu or less,7.76997439026211
Zambia,ZMB,2024,Sub-Saharan Africa (excluding high income),Low income,education,secondary edu or more,31.541069107868903
Zambia,ZMB,2024,Sub-Saharan Africa (excluding high income),Low income,gender,men,21.8177399296701
Zambia,ZMB,2024,Sub-Saharan Africa (excluding high income),Low income,gender,women,16.7927686932024
Zambia,ZMB,2024,Sub-Saharan Africa (excluding high income),Low income,income,poorest 40%,6.940824177395149
Zambia,ZMB,2024,Sub-Saharan Africa (excluding high income),Low income,income,richest 60%,27.3446693581824
Zambia,ZMB,2024,Sub-Saharan Africa (excluding high income),Low income,laborforce,in laborforce,21.694689273173
Zambia,ZMB,2024,Sub-Saharan Africa (excluding high income),Low income,laborforce,out of laborforce,15.789160836464799
Zambia,ZMB,2024,Sub-Saharan Africa (excluding high income),Low income,urbanicity,rural,17.2673385283912
Zambia,ZMB,2024,Sub-Saharan Africa (excluding high income),Low income,urbanicity,urban,21.8638034620767
Zimbabwe,ZWE,2021,Sub-Saharan Africa (excluding high income),Lower middle income,age_cat,age 25+,52.032439200066506
Zimbabwe,ZWE,2021,Sub-Saharan Africa (excluding high income),Lower middle income,age_cat,ages 15-24,38.368365033489
Zimbabwe,ZWE,2021,Sub-Saharan Africa (excluding high income),Lower middle income,all,all,47.5647990769579
Zimbabwe,ZWE,2021,Sub-Saharan Africa (excluding high income),Lower middle income,education,prim edu or less,34.7049328245425
Zimbabwe,ZWE,2021,Sub-Saharan Africa (excluding high income),Lower middle income,education,secondary edu or more,55.8633972490904
Zimbabwe,ZWE,2021,Sub-Saharan Africa (excluding high income),Lower middle income,gender,men,49.351141237517
Zimbabwe,ZWE,2021,Sub-Saharan Africa (excluding high income),Lower middle income,gender,women,45.8792637393973
Zimbabwe,ZWE,2021,Sub-Saharan Africa (excluding high income),Lower middle income,income,poorest 40%,37.3134469038568
Zimbabwe,ZWE,2021,Sub-Saharan Africa (excluding high income),Lower middle income,income,richest 60%,54.3840153504905
Zimbabwe,ZWE,2021,Sub-Saharan Africa (excluding high income),Lower middle income,laborforce,in laborforce,55.9945277828623
Zimbabwe,ZWE,2021,Sub-Saharan Africa (excluding high income),Lower middle income,laborforce,out of laborforce,37.886454956171
Zimbabwe,ZWE,2024,Sub-Saharan Africa (excluding high income),Lower middle income,age_cat,age 25+,33.9361433647945
Zimbabwe,ZWE,2024,Sub-Saharan Africa (excluding high income),Lower middle income,age_cat,ages 15-24,18.4805902940835
Zimbabwe,ZWE,2024,Sub-Saharan Africa (excluding high income),Lower middle income,all,all,29.0984851650191
Zimbabwe,ZWE,2024,Sub-Saharan Africa (excluding high income),Lower middle income,education,prim edu or less,16.9801657216018
Zimbabwe,ZWE,2024,Sub-Saharan Africa (excluding high income),Lower middle income,education,secondary edu or more,36.663852368883695
Zimbabwe,ZWE,2024,Sub-Saharan Africa (excluding high income),Lower middle income,gender,men,32.4672704740738
Zimbabwe,ZWE,2024,Sub-Saharan Africa (excluding high income),Lower middle income,gender,women,26.1416555410482
Zimbabwe,ZWE,2024,Sub-Saharan Africa (excluding high income),Lower middle income,income,poorest 40%,18.897490968744602
Zimbabwe,ZWE,2024,Sub-Saharan Africa (excluding high income),Lower middle income,income,richest 60%,35.8899753816102
Zimbabwe,ZWE,2024,Sub-Saharan Africa (excluding high income),Lower middle income,laborforce,in laborforce,41.2849962986052
Zimbabwe,ZWE,2024,Sub-Saharan Africa (excluding high income),Lower middle income,laborforce,out of laborforce,20.1441533770043
Zimbabwe,ZWE,2024,Sub-Saharan Africa (excluding high income),Lower middle income,urbanicity,rural,26.6800999328053
Zimbabwe,ZWE,2024,Sub-Saharan Africa (excluding high income),Lower middle income,urbanicity,urban,35.8084239724006
